customer_id,last_order_date,days_since_purchase,lifetime_value,total_orders,churn_risk_flag
18102.0,2011-12-09 11:50:00,1,608821.65,145,Active
14646.0,2011-12-08 12:12:00,2,528602.52,151,Active
14156.0,2011-11-30 10:54:00,10,313946.37,156,Active
14911.0,2011-12-08 15:54:00,1,295972.63,398,Active
17450.0,2011-12-01 13:29:00,8,246973.09,51,Active
13694.0,2011-12-06 09:32:00,4,196482.81,143,Active
17511.0,2011-12-07 10:12:00,3,175603.55,60,Active
16446.0,2011-12-09 09:15:00,1,168472.5,2,Active
16684.0,2011-12-05 14:06:00,4,147142.77,55,Active
12415.0,2011-11-15 14:22:00,24,144458.37,28,Active
15061.0,2011-12-06 12:06:00,4,137818.52,127,Active
16029.0,2011-11-01 10:27:00,39,122209.14,107,Active
17949.0,2011-12-08 18:46:00,1,118628.08,118,Active
15311.0,2011-12-09 12:00:00,1,116771.16,208,Active
13089.0,2011-12-07 09:02:00,3,116737.86,203,Active
12931.0,2011-11-18 12:39:00,22,92347.34,57,Active
14298.0,2011-12-01 13:12:00,8,91194.49,82,Active
15769.0,2011-12-02 13:52:00,7,88704.32,46,Active
12346.0,2011-01-18 10:01:00,326,77556.46,12,High Value At Risk
13798.0,2011-12-08 15:51:00,1,75836.87,110,Active
15838.0,2011-11-28 14:00:00,11,74163.0,34,Active
17841.0,2011-12-08 12:07:00,2,70884.07,211,Active
16754.0,2010-12-02 17:38:00,372,67502.47,29,High Value At Risk
14096.0,2011-12-05 17:17:00,4,65164.79,17,Active
14088.0,2011-11-29 16:16:00,10,64036.8,16,Active
16422.0,2011-11-22 14:00:00,17,63651.47,109,Active
13081.0,2011-11-28 10:54:00,12,59205.15,28,Active
16013.0,2011-12-06 10:36:00,4,57446.44,84,Active
14680.0,2011-11-14 16:59:00,25,57412.77,58,Active
17389.0,2011-12-09 09:38:00,1,57224.68,61,Active
17850.0,2010-12-02 15:27:00,372,56600.08,155,High Value At Risk
12748.0,2011-12-09 12:20:00,1,56599.39,336,Active
13777.0,2011-12-09 12:25:00,1,56478.42,61,Active
13093.0,2011-03-09 12:14:00,276,54943.65,55,High Value At Risk
13408.0,2011-12-08 09:05:00,2,51733.462,106,Active
17404.0,2011-12-05 16:26:00,4,47781.12,23,Active
13881.0,2011-12-06 12:50:00,4,45179.1,43,Active
15749.0,2011-04-18 13:20:00,235,44534.3,3,High Value At Risk
16705.0,2011-12-09 12:08:00,1,43515.051,42,Active
14031.0,2011-12-02 17:13:00,7,40999.17,44,Active
15039.0,2011-11-30 11:31:00,10,40031.43,93,Active
17381.0,2011-12-01 11:59:00,9,40002.37,38,Active
12471.0,2011-12-07 15:43:00,2,39963.79,79,Active
15098.0,2011-06-10 15:33:00,182,39916.5,3,High Value At Risk
16210.0,2011-12-08 12:36:00,2,38489.51,35,Active
17675.0,2011-12-08 18:03:00,1,38259.6,70,Active
17677.0,2011-12-08 09:56:00,2,36692.91,54,Active
12921.0,2011-11-30 16:22:00,9,35921.04,74,Active
13767.0,2011-12-07 15:00:00,2,35540.53,73,Active
12678.0,2011-10-28 13:04:00,42,34281.18,21,Active
15856.0,2011-12-05 17:09:00,4,34220.340000000004,52,Active
13902.0,2010-03-17 13:09:00,632,34095.26,5,High Value At Risk
16779.0,2011-12-07 14:54:00,2,33268.24,53,Active
14258.0,2011-11-30 15:27:00,9,32051.34,25,Active
17428.0,2011-12-09 09:45:00,1,31819.760000000002,45,Active
12709.0,2011-11-24 15:38:00,15,31093.34,34,Active
12681.0,2011-11-25 11:33:00,15,30868.28,45,Active
14606.0,2011-12-08 19:28:00,1,30861.06,192,Active
17940.0,2011-10-21 13:27:00,49,30393.19,16,Active
13078.0,2011-12-06 15:36:00,3,29532.45,57,Active
13098.0,2011-12-08 14:14:00,1,28882.44,28,Active
17857.0,2011-12-05 13:13:00,4,28682.24,24,Active
14527.0,2011-12-07 12:19:00,3,27792.3,122,Active
15513.0,2011-11-06 14:36:00,33,27750.55,35,Active
16333.0,2011-12-02 12:19:00,8,26626.8,22,Active
17865.0,2011-11-09 12:08:00,31,26374.39,46,Active
18251.0,2011-09-13 15:03:00,87,26278.86,9,Active
13802.0,2011-07-24 10:54:00,139,26259.11,19,High Value At Risk
15498.0,2011-12-07 12:48:00,3,26039.58,44,Active
12731.0,2011-11-16 11:59:00,24,25775.71,17,Active
14062.0,2011-11-30 10:04:00,10,25604.2,24,Active
12744.0,2011-10-19 11:18:00,52,25317.06,11,Active
12939.0,2011-10-06 14:33:00,64,25264.8,20,Active
14895.0,2011-12-02 09:23:00,8,25119.54,38,Active
12621.0,2011-12-08 11:25:00,2,24775.81,35,Active
16525.0,2011-12-07 15:07:00,2,24582.64,48,Active
17920.0,2011-12-05 14:29:00,4,24516.46,54,Active
13001.0,2011-12-05 14:51:00,4,24172.100000000002,33,Active
14607.0,2011-11-24 10:35:00,16,24137.63,22,Active
12682.0,2011-12-06 10:00:00,4,24033.91,52,Active
15640.0,2011-12-05 14:35:00,4,23957.58,29,Active
12482.0,2010-05-12 16:51:00,576,23691.4,29,High Value At Risk
12409.0,2011-09-22 10:38:00,79,23419.29,7,Active
16133.0,2011-12-06 11:24:00,4,22992.260000000002,56,Active
14063.0,2010-09-27 16:18:00,438,22710.2,9,High Value At Risk
14051.0,2011-12-09 10:20:00,1,22434.0,37,Active
17340.0,2011-11-10 10:45:00,30,22404.82,18,Active
16839.0,2011-12-01 09:03:00,9,22310.49,44,Active
12540.0,2011-11-20 11:31:00,20,22254.49,33,Active
15159.0,2011-12-08 12:05:00,2,22116.73,34,Active
13340.0,2011-10-25 13:15:00,45,22100.56,12,Active
13319.0,2011-12-04 13:34:00,5,22082.5,58,Active
14667.0,2011-11-29 11:30:00,11,21927.14,54,Active
12753.0,2011-11-17 10:52:00,23,21429.39,6,Active
15615.0,2011-11-29 14:42:00,10,21373.97,47,Active
17243.0,2011-12-08 13:26:00,1,20889.86,69,Active
14866.0,2011-11-29 11:45:00,11,20850.22,19,Active
17706.0,2011-12-05 13:34:00,4,20749.98,31,Active
12433.0,2011-12-09 10:02:00,1,20581.26,10,Active
15251.0,2011-11-30 15:02:00,9,20324.54,21,Active
12477.0,2011-11-17 09:51:00,23,20276.37,9,Active
18008.0,2011-09-30 15:17:00,70,19787.13,23,Active
17139.0,2011-11-24 10:12:00,16,19584.46,25,Active
16843.0,2011-10-28 09:06:00,43,19571.43,35,Active
17581.0,2011-12-09 12:21:00,1,18757.75,43,Active
12557.0,2011-11-23 16:59:00,16,18716.14,8,Active
14194.0,2011-12-05 10:38:00,5,18670.59,36,Active
13113.0,2011-12-09 12:49:00,1,18625.73,37,Active
15808.0,2011-02-06 14:33:00,306,18409.93,21,High Value At Risk
17377.0,2011-11-16 11:17:00,24,18319.41,78,Active
12357.0,2011-11-06 16:07:00,33,18287.66,3,Active
16746.0,2011-12-05 12:33:00,5,18066.4,42,Active
12647.0,2011-11-17 12:56:00,22,17924.35,36,Active
12472.0,2011-11-07 14:01:00,32,17880.59,19,Active
15078.0,2011-12-02 15:41:00,7,17761.88,53,Active
12901.0,2011-12-01 10:07:00,9,17654.54,28,Active
14952.0,2011-10-11 10:33:00,60,17629.35,32,Active
16652.0,2011-10-12 09:38:00,59,17550.39,16,Active
15189.0,2011-12-08 13:22:00,1,17524.38,46,Active
18172.0,2011-11-25 11:12:00,15,17479.84,52,Active
16019.0,2011-10-24 11:51:00,47,17465.85,27,Active
15523.0,2011-09-16 16:29:00,84,17359.99,16,Active
13027.0,2011-08-18 09:39:00,114,17335.2,19,High Value At Risk
17416.0,2011-11-10 12:47:00,30,17298.45,22,Active
13564.0,2011-07-18 14:33:00,144,17249.55,37,High Value At Risk
17735.0,2011-12-07 16:47:00,2,17244.93,26,Active
14277.0,2011-11-24 15:01:00,15,17225.81,9,Active
15358.0,2011-12-05 09:04:00,5,17050.41,42,Active
15125.0,2011-11-14 13:57:00,25,17024.87,24,Active
16656.0,2011-11-17 14:43:00,22,16833.170000000002,30,Active
12454.0,2011-10-14 17:13:00,56,16679.78,5,Active
16553.0,2011-06-29 15:42:00,163,16644.01,33,High Value At Risk
13199.0,2011-12-06 12:30:00,4,16432.89,67,Active
14961.0,2011-11-29 09:42:00,11,16410.15,22,Active
13225.0,2011-12-06 13:29:00,3,16260.07,16,Active
16180.0,2011-08-31 16:28:00,100,16249.87,13,High Value At Risk
12980.0,2011-07-05 09:34:00,158,16245.78,21,High Value At Risk
15044.0,2011-11-20 13:20:00,19,16204.33,35,Active
14733.0,2011-11-23 15:39:00,16,16184.97,15,Active
18092.0,2011-12-07 13:14:00,2,16179.44,18,Active
17107.0,2011-11-06 14:14:00,33,16075.42,10,Active
12971.0,2011-12-06 12:20:00,4,15972.79,116,Active
17716.0,2011-11-17 12:00:00,23,15956.97,24,Active
14769.0,2011-12-07 10:24:00,3,15771.88,17,Active
14849.0,2011-11-18 10:58:00,22,15763.45,43,Active
16191.0,2011-12-07 11:26:00,3,15688.02,24,Active
15768.0,2011-08-16 10:48:00,116,15601.09,34,High Value At Risk
13488.0,2011-11-22 14:41:00,17,15587.88,23,Active
12949.0,2011-11-09 11:25:00,31,15526.7,22,Active
15601.0,2011-11-28 15:15:00,11,14960.12,30,Active
14543.0,2011-11-11 12:45:00,29,14906.77,39,Active
18087.0,2011-09-02 15:12:00,98,14761.519999999999,17,High Value At Risk
16126.0,2011-11-10 16:03:00,29,14646.800000000001,15,Active
17133.0,2011-11-24 12:27:00,16,14622.33,12,Active
16873.0,2011-12-05 12:05:00,5,14617.39,12,Active
15482.0,2011-11-24 10:46:00,16,14592.56,19,Active
16713.0,2011-11-21 12:36:00,19,14560.69,32,Active
17448.0,2010-07-30 14:07:00,497,14556.97,46,High Value At Risk
14299.0,2011-12-01 16:05:00,8,14499.49,27,Active
12583.0,2011-12-07 08:07:00,3,14447.44,27,Active
15093.0,2011-11-21 13:09:00,18,14326.11,23,Active
12476.0,2011-11-24 12:40:00,16,14115.41,23,Active
17017.0,2011-12-07 09:32:00,3,14110.61,29,Active
15005.0,2011-11-24 12:25:00,16,14106.2,56,Active
13090.0,2011-12-01 12:39:00,9,14103.09,24,Active
12714.0,2011-11-30 15:43:00,9,14093.71,12,Active
13178.0,2011-11-13 16:14:00,26,14059.19,21,Active
17589.0,2011-10-10 16:58:00,60,14049.87,18,Active
18223.0,2011-12-05 09:11:00,5,14000.85,26,Active
15502.0,2011-11-24 12:48:00,16,13993.47,14,Active
12435.0,2011-09-21 09:06:00,80,13925.93,6,Active
15760.0,2010-03-19 11:45:00,631,13916.34,2,High Value At Risk
16558.0,2011-12-09 10:20:00,1,13873.51,38,Active
15291.0,2011-11-14 11:02:00,26,13846.56,40,Active
15032.0,2011-03-28 15:03:00,256,13780.65,8,High Value At Risk
15382.0,2011-11-25 10:58:00,15,13733.550000000001,12,Active
12567.0,2011-11-17 11:02:00,23,13709.86,15,Active
12989.0,2011-12-06 15:28:00,3,13551.75,33,Active
13468.0,2011-12-08 10:39:00,2,13390.51,72,Active
13097.0,2011-11-07 10:43:00,33,13389.22,28,Active
16923.0,2011-11-27 13:00:00,12,13378.36,32,Active
15738.0,2011-11-21 08:26:00,19,13372.970000000001,41,Active
13629.0,2011-11-16 13:21:00,23,13370.86,19,Active
13969.0,2011-12-02 15:11:00,7,13365.87,35,Active
14049.0,2011-11-23 12:20:00,17,13239.03,13,Active
13316.0,2011-11-02 13:40:00,37,13191.57,10,Active
16549.0,2011-11-29 15:06:00,10,13182.19,34,Active
13668.0,2011-12-07 12:11:00,3,13089.94,35,Active
18225.0,2011-12-06 13:27:00,3,13054.26,26,Active
14110.0,2011-12-06 12:26:00,4,12987.95,33,Active
16161.0,2011-12-08 12:10:00,2,12831.8,43,Active
13952.0,2011-05-06 09:00:00,218,12823.521,14,High Value At Risk
17858.0,2011-12-04 11:56:00,6,12797.65,30,Active
12683.0,2011-12-05 16:31:00,4,12696.78,21,Active
12437.0,2011-12-08 11:35:00,2,12683.4,39,Active
12451.0,2011-11-29 08:40:00,11,12669.88,8,Active
15465.0,2011-11-20 10:11:00,20,12655.65,32,Active
14040.0,2011-10-30 12:42:00,41,12645.57,35,Active
13013.0,2011-12-08 15:01:00,1,12625.77,29,Active
12536.0,2011-10-27 14:20:00,43,12601.830000000002,3,Active
16814.0,2011-11-25 13:27:00,14,12499.710000000001,36,Active
15194.0,2011-12-06 15:10:00,3,12427.69,28,Active
12474.0,2011-11-22 14:39:00,17,12424.45,31,Active
14936.0,2011-11-06 10:30:00,34,12410.81,12,Active
16000.0,2011-12-07 12:17:00,3,12393.7,3,Active
12481.0,2011-11-17 08:29:00,23,12361.39,15,Active
13050.0,2011-11-25 09:18:00,15,12344.53,35,Active
14739.0,2011-12-05 16:54:00,4,12287.5,25,Active
13854.0,2011-12-01 09:06:00,9,12253.96,39,Active
14735.0,2011-12-06 12:09:00,4,12240.16,56,Active
13418.0,2011-11-28 10:23:00,12,12233.6,31,Active
15023.0,2011-12-06 17:23:00,3,12170.68,20,Active
15144.0,2011-12-01 15:12:00,8,12160.31,29,Active
17338.0,2011-11-22 14:23:00,17,12142.57,17,Active
15555.0,2011-11-27 16:19:00,12,12112.35,36,Active
14415.0,2011-12-08 14:38:00,1,12091.6,23,Active
17364.0,2011-12-09 09:00:00,1,12070.42,28,Active
14505.0,2011-11-22 15:45:00,17,12001.84,19,Active
17044.0,2011-11-14 14:28:00,25,11962.3,12,Active
13458.0,2011-12-02 15:29:00,7,11959.27,16,Active
16258.0,2011-10-25 13:30:00,45,11942.52,15,Active
16523.0,2011-12-08 09:06:00,2,11916.33,28,Active
13687.0,2010-09-27 16:30:00,438,11880.84,1,High Value At Risk
18226.0,2011-10-26 13:36:00,44,11878.88,26,Active
12705.0,2011-11-24 13:17:00,15,11762.1,14,Active
14426.0,2011-11-16 12:25:00,24,11727.94,17,Active
13102.0,2011-12-08 12:52:00,1,11696.92,37,Active
13004.0,2011-11-28 11:27:00,12,11650.85,36,Active
13576.0,2011-11-29 15:34:00,10,11551.74,28,Active
15218.0,2011-11-29 11:48:00,11,11516.57,22,Active
12668.0,2011-11-28 10:56:00,12,11444.68,10,Active
13680.0,2011-12-08 13:47:00,1,11435.67,12,Active
14016.0,2011-07-01 11:29:00,162,11403.41,11,High Value At Risk
17809.0,2011-11-23 12:59:00,16,11337.39,20,Active
14045.0,2011-08-22 15:27:00,109,11313.029999999999,16,High Value At Risk
15874.0,2011-10-07 12:31:00,64,11284.76,21,Active
12539.0,2011-11-17 13:30:00,22,11214.75,7,Active
18055.0,2011-12-02 14:25:00,7,11195.57,14,Active
12524.0,2011-11-30 15:31:00,9,11126.11,17,Active
14134.0,2010-11-22 12:26:00,383,11123.35,15,High Value At Risk
13941.0,2011-11-18 09:43:00,22,11122.300000000001,15,Active
12918.0,2010-03-23 15:22:00,626,10953.5,1,High Value At Risk
16985.0,2011-11-22 13:33:00,17,10923.16,23,Active
14796.0,2011-12-08 15:31:00,1,10889.64,27,Active
18052.0,2010-05-24 11:11:00,565,10877.18,1,High Value At Risk
12431.0,2011-11-04 11:55:00,36,10857.97,27,Active
16033.0,2011-12-04 12:44:00,6,10836.13,27,Active
15694.0,2011-12-09 09:44:00,1,10810.81,24,Active
18229.0,2011-11-28 09:48:00,12,10803.710000000001,28,Active
16984.0,2011-09-12 13:43:00,88,10754.8,9,Active
16327.0,2011-11-25 13:23:00,14,10731.34,16,Active
16168.0,2011-11-29 12:45:00,11,10636.47,66,Active
13324.0,2011-11-03 16:28:00,36,10513.47,18,Active
15290.0,2011-12-05 11:39:00,5,10496.28,26,Active
16782.0,2011-11-29 13:20:00,10,10438.41,38,Active
14028.0,2010-06-07 13:33:00,550,10396.5,3,High Value At Risk
15296.0,2011-10-20 11:47:00,51,10342.83,12,Active
14422.0,2011-12-09 11:26:00,1,10271.52,19,Active
15719.0,2011-11-07 12:29:00,33,10223.06,31,Active
17160.0,2011-11-08 14:05:00,31,10209.16,17,Active
15805.0,2011-11-16 16:32:00,23,10189.23,30,Active
13599.0,2011-12-08 16:10:00,1,10167.630000000001,33,Active
15547.0,2011-12-02 12:52:00,7,10154.39,26,Active
14085.0,2011-12-07 13:46:00,2,10104.97,33,Active
12839.0,2011-12-07 12:33:00,3,10071.73,26,Active
12766.0,2011-12-06 08:46:00,4,10068.28,9,Active
13985.0,2011-12-05 17:06:00,4,10020.86,22,Active
16353.0,2011-12-06 12:23:00,4,9999.460000000001,38,Active
14755.0,2011-11-30 11:24:00,10,9972.550000000001,25,Active
16182.0,2011-09-28 13:23:00,72,9971.65,9,Active
18260.0,2011-06-20 12:37:00,173,9962.11,23,High Value At Risk
14101.0,2011-09-27 12:28:00,74,9961.93,13,Active
16131.0,2011-10-19 11:53:00,52,9957.42,12,Active
17049.0,2011-12-07 10:48:00,3,9947.48,19,Active
14329.0,2011-11-22 15:50:00,17,9927.22,15,Active
17230.0,2011-03-20 16:12:00,264,9924.95,18,High Value At Risk
16701.0,2011-12-01 11:10:00,9,9916.73,26,Active
12758.0,2011-08-15 10:22:00,117,9903.24,7,High Value At Risk
18109.0,2011-12-08 11:36:00,2,9893.96,38,Active
13327.0,2011-11-01 10:21:00,39,9879.48,20,Active
12590.0,2011-05-12 14:52:00,211,9864.26,2,High Value At Risk
14828.0,2011-05-27 10:16:00,197,9839.460000000001,13,High Value At Risk
12490.0,2011-12-04 16:07:00,5,9823.64,21,Active
13735.0,2011-11-15 11:14:00,25,9813.22,13,Active
14944.0,2011-11-10 09:10:00,30,9784.67,19,Active
17306.0,2011-11-29 12:14:00,11,9782.35,21,Active
13018.0,2011-11-23 13:28:00,16,9763.16,35,Active
13267.0,2011-12-07 11:12:00,3,9758.26,36,Active
13069.0,2011-12-09 08:39:00,1,9683.13,38,Active
12380.0,2011-11-18 11:27:00,22,9676.300000000001,11,Active
17315.0,2011-12-08 12:15:00,2,9650.6,43,Active
14135.0,2011-12-08 11:38:00,2,9643.92,24,Active
17811.0,2011-12-05 13:46:00,4,9609.8,47,Active
17504.0,2011-05-17 12:59:00,206,9565.12,18,High Value At Risk
14091.0,2010-02-23 15:17:00,654,9530.08,2,High Value At Risk
14060.0,2011-12-05 12:29:00,5,9519.08,30,Active
13999.0,2011-11-29 13:40:00,10,9502.26,29,Active
13174.0,2011-11-23 14:35:00,16,9494.84,12,Active
15298.0,2011-12-07 17:17:00,2,9459.37,23,Active
14146.0,2011-12-01 10:18:00,9,9450.3,12,Active
15727.0,2011-11-23 12:36:00,17,9445.51,15,Active
14439.0,2011-01-24 11:39:00,320,9443.04,5,High Value At Risk
16550.0,2011-08-23 11:12:00,109,9435.13,18,High Value At Risk
17757.0,2011-12-08 15:31:00,1,9422.45,56,Active
13758.0,2011-11-28 11:11:00,12,9416.98,15,Active
15981.0,2011-11-15 08:00:00,25,9362.77,21,Active
15570.0,2011-12-02 14:47:00,7,9311.04,25,Active
12747.0,2011-12-07 14:34:00,2,9276.539999999999,26,Active
13162.0,2011-08-09 15:59:00,122,9275.49,16,High Value At Risk
15249.0,2011-11-08 11:45:00,32,9266.0,18,Active
14367.0,2011-12-01 13:19:00,8,9261.52,16,Active
13448.0,2011-11-23 12:33:00,17,9240.87,13,Active
14292.0,2011-12-02 11:50:00,8,9226.25,16,Active
13756.0,2011-12-07 16:44:00,2,9207.5,23,Active
15260.0,2011-08-31 13:55:00,100,9188.23,25,High Value At Risk
16700.0,2011-12-01 11:00:00,9,9167.710000000001,25,Active
17068.0,2011-11-27 13:14:00,12,9161.08,47,Active
16709.0,2011-09-16 10:56:00,85,9087.460000000001,14,Active
15867.0,2011-12-04 13:32:00,5,9063.95,31,Active
15939.0,2011-09-11 11:30:00,90,9060.39,16,Active
17576.0,2011-12-01 17:56:00,8,9056.81,41,Active
12755.0,2011-03-04 12:42:00,281,9030.66,11,High Value At Risk
16186.0,2011-11-17 12:43:00,23,9026.11,26,Active
15150.0,2011-11-22 12:52:00,17,9001.08,13,Active
13555.0,2011-09-27 12:36:00,74,8999.19,13,Active
16722.0,2011-11-22 13:28:00,17,8989.08,22,Active
15903.0,2011-11-30 08:08:00,10,8939.84,12,Active
12359.0,2011-10-13 12:47:00,58,8935.94,10,Active
13269.0,2011-12-08 14:53:00,1,8891.7,28,Active
14709.0,2011-11-24 15:41:00,15,8886.33,25,Active
17396.0,2011-10-31 14:12:00,39,8807.1,14,Active
13047.0,2011-11-08 12:06:00,32,8795.16,24,Active
15984.0,2011-12-07 12:16:00,3,8759.32,30,Active
16532.0,2011-11-22 11:08:00,18,8756.64,5,Active
18041.0,2011-11-28 11:39:00,12,8752.38,38,Active
12957.0,2011-11-30 09:53:00,10,8706.97,13,Active
13263.0,2011-12-08 13:59:00,1,8704.69,39,Active
15955.0,2011-11-15 14:15:00,24,8658.36,22,Active
15497.0,2011-11-22 11:51:00,18,8657.39,9,Active
13148.0,2011-11-10 15:23:00,29,8621.81,26,Active
16945.0,2011-11-18 11:39:00,22,8548.16,33,Active
15281.0,2011-10-12 09:10:00,59,8543.57,16,Active
15270.0,2011-11-24 09:24:00,16,8524.86,21,Active
15786.0,2011-10-24 14:13:00,46,8514.82,5,Active
12798.0,2011-11-29 15:52:00,10,8510.93,4,Active
13209.0,2011-11-09 13:54:00,30,8509.51,13,Active
13715.0,2011-03-03 19:21:00,281,8483.29,17,High Value At Risk
14286.0,2011-11-16 10:34:00,24,8479.76,7,Active
18139.0,2011-11-22 10:44:00,18,8438.34,6,Active
14160.0,2010-04-08 14:30:00,610,8421.47,7,High Value At Risk
14057.0,2011-11-16 10:32:00,24,8408.84,22,Active
13206.0,2010-11-04 16:50:00,400,8377.32,13,High Value At Risk
17611.0,2011-12-02 13:29:00,7,8371.98,28,Active
14676.0,2011-11-08 13:29:00,31,8356.79,12,Active
12643.0,2011-08-03 12:56:00,128,8350.42,12,High Value At Risk
12637.0,2011-10-03 13:46:00,67,8340.31,12,Active
15034.0,2011-11-24 12:11:00,16,8313.4,14,Active
15998.0,2011-11-03 12:45:00,37,8308.34,16,Active
17686.0,2011-12-02 15:39:00,7,8296.81,9,Active
14030.0,2011-11-21 16:48:00,18,8262.29,20,Active
12720.0,2011-12-07 08:03:00,3,8260.67,30,Active
14525.0,2011-11-20 11:37:00,20,8240.64,17,Active
17365.0,2011-11-27 12:13:00,13,8224.98,15,Active
13381.0,2011-11-08 11:58:00,32,8224.37,12,Active
14056.0,2011-12-08 13:36:00,1,8214.65,23,Active
14395.0,2011-12-07 14:34:00,2,8208.01,20,Active
13139.0,2011-11-23 13:54:00,16,8202.98,8,Active
13426.0,2011-12-09 08:59:00,1,8167.38,22,Active
15544.0,2011-11-30 16:43:00,9,8162.43,20,Active
16672.0,2011-12-07 16:29:00,2,8134.9400000000005,20,Active
13869.0,2011-08-08 13:53:00,123,8111.57,10,High Value At Risk
17593.0,2011-12-06 10:30:00,4,8095.8,11,Active
17426.0,2011-12-01 18:07:00,8,8077.77,13,Active
16767.0,2011-11-09 09:42:00,31,8073.8,15,Active
16670.0,2011-11-23 09:34:00,17,8030.150000000001,20,Active
16556.0,2011-10-04 11:36:00,67,8012.58,17,Active
15299.0,2011-10-03 14:19:00,67,7991.54,10,Active
12428.0,2011-11-14 08:22:00,26,7956.46,9,Active
14159.0,2011-11-20 12:36:00,20,7938.01,20,Active
16303.0,2011-11-14 10:49:00,26,7928.27,7,Active
12867.0,2011-11-13 15:30:00,26,7913.29,13,Active
14291.0,2011-12-08 10:26:00,2,7904.1,23,Active
17085.0,2011-08-08 14:15:00,123,7891.41,28,High Value At Risk
13871.0,2011-11-17 10:49:00,23,7885.85,17,Active
12757.0,2011-11-24 12:30:00,16,7857.1,13,Active
15622.0,2011-10-27 16:44:00,43,7852.61,17,Active
14282.0,2011-12-06 17:04:00,3,7849.66,25,Active
15046.0,2011-11-30 15:50:00,9,7812.389999999999,25,Active
17091.0,2011-12-07 10:43:00,3,7811.1,19,Active
16592.0,2011-12-05 13:49:00,4,7807.91,28,Active
15581.0,2011-08-11 09:38:00,121,7794.59,38,High Value At Risk
17409.0,2011-06-08 10:36:00,185,7793.51,10,High Value At Risk
17238.0,2011-12-07 11:35:00,3,7783.1,32,Active
14800.0,2011-10-23 12:46:00,48,7774.32,17,Active
17730.0,2011-12-06 15:43:00,3,7773.8,20,Active
17739.0,2011-11-28 09:12:00,12,7730.59,18,Active
13534.0,2011-12-07 14:52:00,2,7720.9,35,Active
14688.0,2011-12-02 12:26:00,8,7713.57,28,Active
13137.0,2011-11-29 12:09:00,11,7712.7,16,Active
17696.0,2011-11-01 13:43:00,38,7679.59,27,Active
14175.0,2011-10-11 11:55:00,60,7678.88,8,Active
13141.0,2011-09-16 09:54:00,85,7668.58,17,Active
15301.0,2011-10-20 09:57:00,51,7603.4400000000005,17,Active
14145.0,2011-10-24 12:10:00,47,7600.05,7,Active
13709.0,2011-12-06 10:28:00,4,7591.75,18,Active
13373.0,2011-10-10 10:51:00,61,7587.1900000000005,6,Active
12841.0,2011-12-05 11:13:00,5,7540.68,40,Active
15179.0,2011-11-21 12:53:00,18,7491.92,13,Active
12429.0,2011-11-30 17:22:00,9,7485.91,8,Active
13815.0,2011-11-17 14:19:00,22,7475.74,8,Active
16242.0,2011-12-01 15:12:00,8,7474.4,14,Active
17602.0,2011-12-07 13:53:00,2,7451.13,14,Active
17690.0,2011-11-09 15:17:00,30,7448.1,20,Active
16570.0,2011-11-24 17:02:00,15,7434.31,20,Active
14243.0,2011-12-01 11:12:00,9,7431.05,17,Active
13082.0,2011-08-05 16:16:00,126,7335.75,21,High Value At Risk
16253.0,2011-10-04 09:09:00,67,7310.15,7,Active
17965.0,2011-11-02 09:31:00,38,7240.9800000000005,29,Active
16729.0,2011-11-01 14:29:00,38,7239.92,21,Active
14092.0,2011-12-02 12:13:00,8,7229.45,24,Active
17231.0,2011-11-27 15:18:00,12,7197.04,25,Active
16745.0,2011-09-14 11:58:00,87,7194.3,17,Active
12712.0,2011-11-11 08:19:00,29,7193.66,21,Active
13451.0,2011-11-13 15:58:00,26,7190.92,11,Active
15950.0,2011-11-08 11:09:00,32,7180.71,10,Active
14841.0,2011-10-17 15:03:00,53,7163.0,14,Active
13983.0,2011-11-10 11:06:00,30,7108.45,21,Active
15521.0,2011-10-30 13:42:00,40,7106.69,16,Active
17769.0,2011-11-27 11:18:00,13,7103.08,17,Active
14113.0,2011-12-06 12:18:00,4,7092.610000000001,16,Active
16938.0,2011-12-01 10:20:00,9,7043.18,9,Active
13183.0,2011-12-02 10:30:00,8,7036.18,15,Active
17975.0,2011-11-24 13:27:00,15,7028.83,24,Active
13831.0,2011-11-23 15:41:00,16,7023.58,18,Active
12662.0,2011-12-09 11:59:00,1,6988.02,20,Active
16717.0,2011-11-16 12:16:00,24,6986.2300000000005,14,Active
13552.0,2011-10-04 15:19:00,66,6978.92,22,Active
15674.0,2011-09-27 15:17:00,73,6948.2300000000005,13,Active
16265.0,2011-11-30 16:41:00,9,6935.17,12,Active
16187.0,2011-11-08 09:50:00,32,6911.4400000000005,15,Active
13520.0,2011-10-12 10:20:00,59,6909.4,11,Active
12749.0,2011-12-06 09:56:00,4,6897.36,9,Active
18231.0,2011-05-31 14:18:00,192,6880.97,28,High Value At Risk
16170.0,2011-10-20 08:21:00,51,6869.0,20,Active
16456.0,2011-09-01 13:50:00,99,6862.91,13,High Value At Risk
15129.0,2011-10-20 14:40:00,50,6860.18,23,Active
16401.0,2011-12-08 18:15:00,1,6849.15,23,Active
12613.0,2011-10-13 14:59:00,57,6835.07,10,Active
12417.0,2011-12-06 14:52:00,3,6816.91,20,Active
12830.0,2011-11-02 11:54:00,38,6814.64,6,Active
16145.0,2011-12-01 10:33:00,9,6805.4400000000005,19,Active
15413.0,2010-01-17 11:33:00,692,6798.72,5,High Value At Risk
15750.0,2011-12-07 12:34:00,3,6797.191,18,Active
14401.0,2011-12-05 13:30:00,4,6795.9,22,Active
13993.0,2011-10-28 09:06:00,43,6775.71,19,Active
14702.0,2011-12-08 19:29:00,1,6754.22,29,Active
18118.0,2011-11-29 11:32:00,11,6733.22,29,Active
14562.0,2011-12-06 11:05:00,4,6729.400000000001,26,Active
17838.0,2011-11-13 11:20:00,27,6722.900000000001,13,Active
12779.0,2011-11-02 11:43:00,38,6722.2699999999995,14,Active
14461.0,2011-07-14 17:11:00,148,6713.5,13,High Value At Risk
15321.0,2011-09-30 09:40:00,71,6709.7300000000005,12,Active
14844.0,2011-10-07 10:41:00,64,6702.43,10,Active
13734.0,2010-07-19 12:04:00,509,6701.640000000001,4,High Value At Risk
14388.0,2011-11-29 13:32:00,10,6701.0,16,Active
12913.0,2011-12-05 12:11:00,5,6700.860000000001,13,Active
16497.0,2011-10-21 10:55:00,50,6695.28,23,Active
13384.0,2011-11-09 11:04:00,31,6680.83,11,Active
17700.0,2011-11-23 11:51:00,17,6679.97,14,Active
17001.0,2011-12-09 09:38:00,1,6640.8,19,Active
13953.0,2011-12-02 16:04:00,7,6640.68,12,Active
14440.0,2011-12-01 15:42:00,8,6638.7300000000005,13,Active
13394.0,2011-12-08 11:36:00,2,6621.7,19,Active
12626.0,2011-11-16 16:06:00,23,6620.48,9,Active
17819.0,2011-09-29 10:52:00,72,6612.5199999999995,12,Active
15514.0,2011-11-27 14:40:00,12,6598.55,18,Active
15980.0,2011-09-12 09:41:00,89,6593.68,7,Active
12843.0,2011-10-05 12:09:00,66,6588.41,30,Active
13015.0,2011-10-17 13:19:00,53,6586.42,11,Active
12836.0,2011-10-11 15:10:00,59,6585.62,15,Active
13883.0,2011-11-29 10:45:00,11,6560.02,15,Active
14766.0,2011-12-01 16:05:00,8,6556.13,11,Active
15332.0,2010-12-08 14:43:00,366,6553.74,6,High Value At Risk
16655.0,2011-11-22 11:25:00,18,6548.37,13,Active
14855.0,2011-08-12 14:02:00,119,6520.3,7,High Value At Risk
14221.0,2011-10-28 13:42:00,42,6517.49,17,Active
17873.0,2011-09-20 16:41:00,80,6515.88,18,Active
12823.0,2011-09-26 07:35:00,75,6501.5,18,Active
17419.0,2011-11-28 13:47:00,11,6500.52,18,Active
18061.0,2011-11-18 11:20:00,22,6488.97,28,Active
13317.0,2011-10-04 13:35:00,66,6486.091,19,Active
14154.0,2011-04-14 16:26:00,239,6460.7,8,High Value At Risk
16940.0,2011-10-18 13:15:00,52,6427.66,8,Active
15673.0,2011-09-12 16:12:00,88,6414.79,9,Active
12656.0,2011-11-22 13:42:00,17,6407.83,8,Active
14390.0,2011-11-29 13:49:00,10,6399.83,13,Active
18094.0,2011-09-19 09:28:00,82,6391.52,13,Active
12406.0,2011-11-17 19:22:00,22,6390.36,5,Active
12356.0,2011-11-17 08:40:00,23,6373.68,6,Active
12484.0,2011-11-07 11:37:00,33,6370.15,12,Active
14227.0,2011-11-13 15:48:00,26,6368.71,15,Active
13230.0,2011-12-05 16:03:00,4,6360.78,30,Active
13590.0,2011-11-28 12:54:00,11,6349.59,18,Active
16710.0,2011-11-20 14:50:00,19,6349.09,22,Active
17799.0,2011-11-17 15:16:00,22,6341.89,20,Active
18245.0,2011-12-02 14:48:00,7,6324.9800000000005,20,Active
14180.0,2011-11-29 10:56:00,11,6319.25,33,Active
13654.0,2011-10-27 16:24:00,43,6308.0,11,Active
15480.0,2011-08-15 14:32:00,116,6279.0,5,High Value At Risk
13136.0,2011-10-14 13:41:00,56,6274.56,13,Active
13615.0,2011-01-25 08:21:00,319,6272.53,8,High Value At Risk
14534.0,2011-12-07 12:19:00,3,6271.11,26,Active
16735.0,2011-09-22 11:49:00,79,6270.56,14,Active
13334.0,2011-09-18 15:21:00,82,6263.75,5,Active
14004.0,2011-10-27 14:40:00,43,6258.45,11,Active
15369.0,2010-08-04 13:54:00,492,6251.26,11,High Value At Risk
12497.0,2011-09-19 12:29:00,82,6248.5,3,Active
16156.0,2011-12-01 12:42:00,9,6218.18,20,Active
14530.0,2011-11-14 10:38:00,26,6197.4,16,Active
16103.0,2011-12-02 14:16:00,7,6191.71,22,Active
14907.0,2011-12-06 14:14:00,3,6165.79,16,Active
14852.0,2011-10-12 13:20:00,58,6147.18,18,Active
17669.0,2011-10-28 08:53:00,43,6142.35,10,Active
13266.0,2011-11-28 14:39:00,11,6135.04,19,Active
13935.0,2010-04-22 11:21:00,597,6116.92,3,High Value At Risk
17509.0,2011-10-13 10:26:00,58,6115.14,8,Active
14560.0,2011-12-02 15:22:00,7,6114.03,44,Active
18178.0,2011-08-03 09:30:00,129,6103.74,11,High Value At Risk
16954.0,2011-12-09 09:46:00,1,6081.88,20,Active
12664.0,2011-12-01 17:07:00,8,6070.04,11,Active
17625.0,2011-11-21 13:36:00,18,6067.8,8,Active
12835.0,2010-10-08 10:59:00,428,6043.31,41,High Value At Risk
14535.0,2011-10-10 15:39:00,60,6030.7300000000005,9,Active
17644.0,2011-12-08 13:43:00,1,6028.6,20,Active
13658.0,2011-11-30 10:13:00,10,6025.5,9,Active
15372.0,2011-07-25 16:39:00,137,6017.06,8,High Value At Risk
15202.0,2010-10-15 13:05:00,420,6001.49,3,High Value At Risk
15755.0,2011-11-29 14:57:00,10,5993.12,17,Active
14105.0,2011-04-14 17:58:00,239,5988.83,5,High Value At Risk
17457.0,2011-08-05 12:48:00,127,5984.8099999999995,14,High Value At Risk
17491.0,2011-12-08 16:18:00,1,5981.07,17,Active
15785.0,2011-11-07 11:33:00,33,5969.93,16,Active
14918.0,2011-08-16 11:50:00,116,5955.81,9,High Value At Risk
12500.0,2011-11-16 16:20:00,23,5955.21,19,Active
14257.0,2011-10-06 16:54:00,64,5954.45,9,Active
17685.0,2011-11-23 11:36:00,17,5943.17,12,Active
15971.0,2011-11-22 12:50:00,18,5902.83,18,Active
16011.0,2011-12-01 16:31:00,8,5880.46,29,Active
12455.0,2011-09-27 15:31:00,73,5879.95,10,Active
18065.0,2011-12-04 10:30:00,6,5866.63,29,Active
14210.0,2011-08-26 12:36:00,106,5861.52,16,High Value At Risk
17146.0,2011-08-26 12:44:00,106,5860.24,13,High Value At Risk
14112.0,2011-11-17 12:30:00,23,5834.59,13,Active
14189.0,2011-12-07 15:55:00,2,5814.39,16,Active
13769.0,2011-12-07 15:08:00,2,5800.42,20,Active
12910.0,2011-11-16 14:28:00,23,5796.52,13,Active
17069.0,2011-11-11 17:13:00,28,5794.28,14,Active
18075.0,2011-11-16 15:21:00,23,5783.29,20,Active
17672.0,2011-10-20 14:18:00,50,5778.63,7,Active
15485.0,2011-11-09 14:31:00,30,5771.51,7,Active
14099.0,2011-11-23 13:53:00,16,5765.71,20,Active
17863.0,2011-10-11 13:45:00,59,5745.2,12,Active
16316.0,2011-10-06 13:48:00,64,5744.91,13,Active
12615.0,2011-12-07 15:02:00,2,5740.98,8,Active
13771.0,2011-10-06 14:18:00,64,5728.82,9,Active
16458.0,2011-12-07 09:34:00,3,5715.34,30,Active
13870.0,2011-12-07 13:23:00,2,5712.08,15,Active
16409.0,2011-11-03 16:45:00,36,5709.04,12,Active
16607.0,2011-11-22 10:24:00,18,5706.87,25,Active
16279.0,2011-11-18 15:00:00,21,5705.08,9,Active
17651.0,2011-11-28 10:29:00,12,5703.52,16,Active
13157.0,2011-10-21 13:50:00,49,5687.36,9,Active
12727.0,2011-11-29 11:46:00,11,5679.53,10,Active
12633.0,2011-10-12 11:40:00,59,5678.16,7,Active
13901.0,2011-09-28 14:48:00,72,5676.34,15,Active
15628.0,2011-12-05 10:24:00,5,5652.26,17,Active
16200.0,2011-12-05 14:40:00,4,5643.45,12,Active
13722.0,2011-07-31 12:44:00,132,5635.41,10,High Value At Risk
12347.0,2011-12-07 15:52:00,2,5633.32,8,Active
13842.0,2011-10-12 10:51:00,59,5629.91,18,Active
16320.0,2011-06-20 15:25:00,172,5628.99,6,High Value At Risk
14249.0,2010-10-25 12:34:00,411,5625.461,12,High Value At Risk
18145.0,2011-11-27 11:22:00,13,5617.79,11,Active
14572.0,2011-12-06 14:40:00,3,5615.18,11,Active
16003.0,2011-11-10 09:57:00,30,5613.83,10,Active
16546.0,2011-02-22 11:20:00,291,5606.47,5,High Value At Risk
17059.0,2011-11-10 12:27:00,30,5602.53,9,Active
15898.0,2011-12-08 15:23:00,1,5596.31,25,Active
17092.0,2011-10-20 19:51:00,50,5594.96,11,Active
15854.0,2011-12-05 13:39:00,4,5583.81,21,Active
15228.0,2011-10-04 13:56:00,66,5580.2699999999995,6,Active
17203.0,2011-11-04 12:27:00,36,5575.88,10,Active
15527.0,2011-11-21 12:17:00,19,5575.64,23,Active
16393.0,2011-12-07 12:51:00,2,5561.66,23,Active
13593.0,2011-08-23 13:35:00,108,5523.6900000000005,14,High Value At Risk
14732.0,2011-12-01 14:34:00,8,5517.07,19,Active
17204.0,2011-06-17 14:46:00,175,5504.6900000000005,9,High Value At Risk
13115.0,2011-11-28 12:38:00,12,5494.7,10,Active
16609.0,2011-11-24 13:32:00,15,5493.46,7,Active
16992.0,2011-11-29 11:50:00,11,5476.5,13,Active
17512.0,2011-11-11 12:11:00,29,5467.820000000001,18,Active
12480.0,2011-11-11 14:52:00,28,5464.85,7,Active
18198.0,2011-12-05 14:49:00,4,5425.56,17,Active
14713.0,2011-11-30 16:26:00,9,5418.87,21,Active
12378.0,2011-08-02 10:34:00,130,5416.32,2,High Value At Risk
14626.0,2011-11-16 10:37:00,24,5410.92,11,Active
17719.0,2011-11-02 10:36:00,38,5396.04,15,Active
17612.0,2011-10-17 14:59:00,53,5394.86,18,Active
13362.0,2011-11-30 14:41:00,9,5394.07,7,Active
16008.0,2011-11-16 10:32:00,24,5384.13,15,Active
13014.0,2011-11-29 12:27:00,11,5381.08,11,Active
14459.0,2011-07-07 13:35:00,155,5375.741,2,High Value At Risk
13495.0,2011-12-02 11:21:00,8,5374.26,10,Active
14081.0,2011-02-10 16:17:00,302,5370.1,10,High Value At Risk
14442.0,2011-05-19 11:36:00,205,5367.0199999999995,7,High Value At Risk
13975.0,2011-11-08 13:19:00,31,5358.84,12,Active
12362.0,2011-12-06 15:40:00,3,5356.23,11,Active
17567.0,2011-12-02 15:48:00,7,5356.03,9,Active
15641.0,2011-08-26 14:04:00,105,5345.55,12,High Value At Risk
17346.0,2011-12-06 12:18:00,4,5323.0,26,Active
12708.0,2011-11-10 09:52:00,30,5314.1,18,Active
17584.0,2011-12-02 17:12:00,7,5309.42,6,Active
15394.0,2011-11-30 11:49:00,10,5286.8,11,Active
15152.0,2011-11-30 12:32:00,10,5263.83,14,Active
15722.0,2011-11-04 11:43:00,36,5258.1,11,Active
13931.0,2011-09-05 10:12:00,96,5257.38,11,High Value At Risk
13107.0,2011-10-26 14:52:00,44,5253.07,9,Active
14930.0,2011-08-23 10:31:00,109,5246.63,6,High Value At Risk
16931.0,2011-12-04 13:15:00,5,5233.62,23,Active
17061.0,2011-09-27 11:24:00,74,5232.2300000000005,11,Active
12422.0,2011-09-05 09:48:00,96,5231.8,17,High Value At Risk
15606.0,2011-10-09 15:47:00,61,5230.99,17,Active
13763.0,2011-10-07 15:13:00,63,5217.4400000000005,3,Active
17084.0,2011-11-04 14:54:00,35,5202.97,3,Active
15812.0,2011-08-24 14:19:00,107,5201.47,12,High Value At Risk
14546.0,2011-12-04 13:00:00,5,5197.9,11,Active
17213.0,2011-10-30 14:53:00,40,5182.3,13,Active
12510.0,2011-07-20 10:15:00,143,5178.02,9,High Value At Risk
15443.0,2011-12-08 10:40:00,2,5175.93,14,Active
17663.0,2011-11-14 08:56:00,26,5175.83,17,Active
15796.0,2011-12-08 19:55:00,1,5175.83,17,Active
12625.0,2011-05-12 09:54:00,212,5164.88,4,High Value At Risk
17157.0,2011-12-02 09:10:00,8,5151.9,19,Active
16153.0,2011-10-21 10:50:00,50,5133.49,11,Active
16904.0,2011-12-05 13:10:00,4,5132.37,21,Active
14493.0,2011-12-02 16:14:00,7,5130.15,10,Active
17861.0,2011-12-06 16:21:00,3,5127.69,18,Active
16919.0,2011-07-06 13:35:00,156,5125.91,24,High Value At Risk
12483.0,2011-11-22 17:02:00,17,5120.58,19,Active
16308.0,2011-11-02 11:24:00,38,5120.0,7,Active
13329.0,2011-11-08 10:29:00,32,5112.97,8,Active
15529.0,2011-11-17 11:29:00,23,5111.95,12,Active
17519.0,2011-11-22 16:43:00,17,5109.47,15,Active
13523.0,2011-11-06 15:11:00,33,5101.52,6,Active
17402.0,2011-12-05 10:15:00,5,5096.18,23,Active
12594.0,2011-11-02 12:20:00,38,5090.110000000001,15,Active
15367.0,2011-10-13 14:13:00,57,5081.33,11,Active
13634.0,2011-11-06 13:40:00,33,5073.47,16,Active
14307.0,2011-09-12 09:38:00,89,5071.03,10,Active
16686.0,2011-10-23 13:49:00,47,5070.92,16,Active
12395.0,2011-11-20 15:21:00,19,5067.27,15,Active
12432.0,2011-10-28 11:43:00,43,5059.32,5,Active
18144.0,2011-12-02 12:46:00,8,5058.0,19,Active
17802.0,2011-09-18 14:56:00,82,5053.12,10,Active
17469.0,2011-11-23 13:15:00,16,5051.25,17,Active
12600.0,2011-11-11 10:29:00,29,5043.92,21,Active
16905.0,2011-12-04 14:01:00,5,5034.15,17,Active
12759.0,2011-10-18 14:49:00,52,5020.74,8,Active
17758.0,2011-11-20 14:45:00,19,5012.53,12,Active
12444.0,2011-11-18 13:23:00,21,5005.46,5,Active
14209.0,2011-11-29 10:18:00,11,4993.27,15,Active
14639.0,2011-10-18 15:06:00,52,4978.96,9,Active
13198.0,2011-11-29 15:17:00,10,4974.2300000000005,8,Active
12562.0,2011-12-01 17:20:00,8,4966.92,9,Active
17449.0,2011-12-07 16:56:00,2,4951.15,13,Active
12700.0,2011-12-02 10:47:00,8,4939.99,4,Active
14825.0,2011-12-06 11:38:00,4,4925.08,24,Active
17596.0,2011-11-16 14:11:00,23,4920.67,13,Active
14970.0,2011-10-02 13:44:00,68,4919.35,12,Active
16143.0,2011-12-06 14:13:00,3,4910.83,12,Active
16255.0,2011-11-23 12:40:00,17,4906.8,15,Active
17406.0,2011-01-10 15:07:00,333,4905.05,13,Mid Value At Risk
17314.0,2011-11-15 09:41:00,25,4904.43,17,Active
13659.0,2011-05-18 12:37:00,206,4894.88,12,Mid Value At Risk
16986.0,2011-11-10 11:55:00,30,4888.75,11,Active
13021.0,2011-12-05 16:37:00,4,4887.24,17,Active
15379.0,2011-06-23 13:13:00,169,4877.84,8,Mid Value At Risk
14107.0,2011-10-19 12:12:00,52,4877.3,11,Active
12688.0,2011-08-18 08:49:00,114,4873.8099999999995,1,Active
17652.0,2011-11-14 12:55:00,25,4867.72,12,Active
13044.0,2011-02-21 15:20:00,291,4853.9,11,Mid Value At Risk
14032.0,2011-12-07 15:23:00,2,4850.2699999999995,16,Active
13562.0,2011-09-19 10:51:00,82,4838.18,8,Active
17191.0,2011-11-11 16:58:00,28,4836.05,15,Active
12449.0,2011-11-17 13:46:00,22,4835.89,6,Active
16326.0,2011-12-04 10:11:00,6,4826.99,24,Active
14191.0,2011-12-08 09:23:00,2,4817.66,15,Active
15002.0,2011-08-16 10:44:00,116,4817.28,9,Active
13875.0,2011-10-17 09:36:00,54,4814.37,14,Active
13124.0,2011-09-11 12:45:00,90,4782.45,4,Active
15187.0,2011-12-08 11:56:00,2,4777.18,16,Active
13988.0,2011-11-20 10:15:00,20,4757.8,8,Active
12955.0,2011-12-08 16:29:00,1,4757.16,11,Active
17829.0,2011-02-14 12:46:00,299,4756.74,5,Mid Value At Risk
17082.0,2011-11-06 15:17:00,33,4732.03,6,Active
14235.0,2011-09-25 14:37:00,75,4717.99,9,Active
15271.0,2011-12-02 14:11:00,7,4709.54,24,Active
13958.0,2010-11-25 10:11:00,380,4709.2300000000005,8,Mid Value At Risk
12589.0,2011-11-11 10:19:00,29,4695.66,8,Active
17050.0,2011-09-04 13:48:00,96,4691.79,11,Active
15410.0,2011-09-16 14:47:00,84,4685.72,10,Active
13527.0,2011-11-06 12:04:00,34,4683.74,12,Active
17400.0,2011-08-05 15:38:00,126,4677.05,8,Mid Value At Risk
16858.0,2010-12-06 09:52:00,369,4668.28,10,Mid Value At Risk
13971.0,2011-11-21 12:06:00,19,4667.57,14,Active
18097.0,2011-12-02 11:16:00,8,4663.32,11,Active
16293.0,2011-11-18 09:58:00,22,4657.95,15,Active
15123.0,2011-12-02 13:12:00,7,4656.17,5,Active
15484.0,2011-12-08 15:03:00,1,4656.0,6,Active
12916.0,2011-07-24 10:35:00,139,4654.0199999999995,7,Mid Value At Risk
14466.0,2011-11-10 14:07:00,29,4646.9,13,Active
12578.0,2011-11-18 13:30:00,21,4642.45,4,Active
17442.0,2011-11-03 09:17:00,37,4620.3,15,Active
14685.0,2010-05-12 13:08:00,576,4619.79,8,Mid Value At Risk
12782.0,2011-12-05 09:16:00,5,4618.24,11,Active
14441.0,2011-12-09 09:07:00,1,4611.6900000000005,11,Active
15245.0,2011-07-28 18:56:00,134,4610.84,8,Mid Value At Risk
12553.0,2011-12-01 16:38:00,8,4608.75,12,Active
13851.0,2011-09-05 12:36:00,96,4606.46,8,Active
18257.0,2011-10-31 14:48:00,39,4600.15,12,Active
14514.0,2011-10-09 16:05:00,61,4598.9800000000005,9,Active
17188.0,2011-11-28 13:53:00,11,4592.93,13,Active
16125.0,2010-12-07 15:48:00,367,4587.65,14,Mid Value At Risk
17508.0,2011-03-04 08:10:00,281,4579.23,8,Mid Value At Risk
17754.0,2011-12-09 11:20:00,1,4577.53,13,Active
15416.0,2011-10-06 09:38:00,65,4572.82,7,Active
13491.0,2011-10-19 08:32:00,52,4566.56,27,Active
14701.0,2011-11-29 12:38:00,11,4562.09,15,Active
17613.0,2011-11-17 10:51:00,23,4559.150000000001,14,Active
13510.0,2011-12-08 13:46:00,1,4558.29,11,Active
15365.0,2011-11-14 08:29:00,26,4557.13,13,Active
14648.0,2010-10-19 13:12:00,416,4546.86,15,Mid Value At Risk
13571.0,2011-11-27 10:47:00,13,4546.54,26,Active
18069.0,2011-11-13 16:03:00,26,4540.56,11,Active
12598.0,2011-11-30 12:18:00,10,4534.09,11,Active
14001.0,2011-10-25 10:31:00,46,4530.09,9,Active
14290.0,2011-11-28 14:02:00,11,4516.56,8,Active
17308.0,2010-11-11 13:19:00,393,4511.76,2,Mid Value At Risk
15680.0,2011-11-30 13:46:00,9,4507.58,10,Active
15764.0,2011-09-12 17:58:00,88,4503.08,8,Active
14625.0,2011-05-27 15:32:00,196,4497.88,11,Mid Value At Risk
15122.0,2011-08-17 16:48:00,114,4497.47,11,Active
18064.0,2011-07-29 16:39:00,133,4495.03,11,Mid Value At Risk
17220.0,2011-11-15 13:47:00,24,4481.75,21,Active
16912.0,2011-11-11 12:18:00,29,4480.31,15,Active
12627.0,2011-11-29 12:07:00,11,4478.53,7,Active
13435.0,2011-12-04 14:45:00,5,4475.2300000000005,9,Active
14341.0,2011-10-25 15:48:00,45,4467.32,18,Active
16081.0,2011-10-14 13:06:00,56,4460.18,8,Active
15240.0,2011-10-26 09:50:00,45,4459.98,12,Active
17682.0,2011-11-29 15:59:00,10,4456.78,11,Active
18093.0,2011-09-07 15:43:00,93,4452.71,8,Active
16098.0,2011-09-13 09:59:00,88,4448.1,14,Active
13982.0,2011-10-31 16:24:00,39,4445.59,9,Active
16218.0,2011-11-10 09:59:00,30,4439.97,13,Active
17722.0,2011-09-04 15:22:00,96,4430.36,5,Active
12349.0,2011-11-21 09:51:00,19,4428.69,4,Active
15845.0,2011-11-22 09:42:00,18,4426.28,11,Active
16563.0,2011-10-17 11:51:00,54,4422.76,6,Active
17412.0,2011-12-07 11:36:00,3,4417.52,16,Active
17138.0,2011-03-09 11:54:00,276,4417.27,7,Mid Value At Risk
16626.0,2011-12-09 11:56:00,1,4413.1,17,Active
16283.0,2011-12-04 12:08:00,6,4403.82,8,Active
14211.0,2011-10-17 13:23:00,53,4402.29,18,Active
15861.0,2011-11-27 15:59:00,12,4401.79,12,Active
15203.0,2011-11-14 08:16:00,26,4400.18,15,Active
16150.0,2011-10-28 12:39:00,43,4395.59,10,Active
13505.0,2011-09-28 11:56:00,73,4393.63,4,Active
13880.0,2011-11-18 13:44:00,21,4391.66,17,Active
16732.0,2011-11-08 09:54:00,32,4387.64,4,Active
16749.0,2010-04-27 13:06:00,591,4387.08,2,Mid Value At Risk
18272.0,2011-12-07 12:43:00,3,4385.9800000000005,9,Active
16455.0,2011-10-07 12:17:00,64,4384.37,11,Active
15708.0,2011-10-30 10:54:00,41,4378.72,9,Active
17372.0,2011-10-30 11:37:00,41,4377.56,28,Active
16118.0,2010-02-25 09:40:00,653,4376.25,1,Mid Value At Risk
12523.0,2011-11-20 12:55:00,19,4372.15,23,Active
13297.0,2011-12-02 09:32:00,8,4368.62,7,Active
12752.0,2011-09-19 13:32:00,81,4366.78,1,Active
12917.0,2011-08-03 16:42:00,128,4359.2,6,Mid Value At Risk
14482.0,2011-11-21 13:14:00,18,4357.91,12,Active
15633.0,2010-07-18 13:54:00,509,4352.46,13,Mid Value At Risk
12408.0,2011-11-07 12:27:00,33,4340.7699999999995,8,Active
18077.0,2011-12-01 13:32:00,8,4338.56,18,Active
16241.0,2011-11-30 11:08:00,10,4329.31,16,Active
16072.0,2011-02-24 14:32:00,288,4328.89,4,Mid Value At Risk
14854.0,2011-09-22 17:00:00,78,4322.86,11,Active
12370.0,2011-10-19 14:51:00,51,4320.31,7,Active
16477.0,2011-10-07 09:44:00,64,4320.02,11,Active
14334.0,2011-11-23 10:01:00,17,4318.48,12,Active
18259.0,2011-11-15 12:34:00,25,4318.200000000001,7,Active
15493.0,2011-11-07 12:04:00,33,4314.9800000000005,9,Active
12967.0,2010-12-16 19:10:00,358,4306.92,3,Mid Value At Risk
12928.0,2011-11-04 14:24:00,35,4304.89,12,Active
17937.0,2011-12-01 11:45:00,9,4301.22,7,Active
18230.0,2011-11-30 13:22:00,9,4291.06,9,Active
17930.0,2011-11-04 10:23:00,36,4275.22,13,Active
16712.0,2011-11-30 13:48:00,9,4266.99,13,Active
14239.0,2011-10-27 14:40:00,43,4263.17,21,Active
14047.0,2011-12-01 11:43:00,9,4255.03,14,Active
16743.0,2011-11-10 13:13:00,29,4253.26,14,Active
12360.0,2011-10-18 15:22:00,52,4252.89,8,Active
16571.0,2011-11-13 11:46:00,27,4248.74,10,Active
12935.0,2011-12-07 17:25:00,2,4243.86,15,Active
18079.0,2011-10-25 15:27:00,45,4242.75,5,Active
17728.0,2011-12-06 08:52:00,4,4238.76,5,Active
13911.0,2011-10-13 15:43:00,57,4234.99,20,Active
16875.0,2011-10-03 13:39:00,67,4234.53,11,Active
17673.0,2011-12-08 12:50:00,2,4233.58,13,Active
15518.0,2011-10-06 13:05:00,64,4218.94,15,Active
15752.0,2011-10-31 11:37:00,40,4207.54,9,Active
15804.0,2011-12-09 12:31:00,1,4206.39,13,Active
15050.0,2011-11-14 16:17:00,25,4193.79,5,Active
17218.0,2011-12-05 13:52:00,4,4192.68,18,Active
14868.0,2011-12-06 14:49:00,3,4184.01,12,Active
17738.0,2011-11-20 15:05:00,19,4183.56,13,Active
18287.0,2011-10-28 09:29:00,43,4182.99,7,Active
17526.0,2011-12-05 11:05:00,5,4166.04,12,Active
18194.0,2011-09-18 13:29:00,82,4162.04,6,Active
14740.0,2011-05-26 18:17:00,197,4161.06,11,Mid Value At Risk
12653.0,2011-07-14 10:41:00,149,4160.83,3,Mid Value At Risk
13461.0,2011-11-01 09:01:00,39,4160.0,6,Active
17646.0,2011-05-04 13:17:00,219,4149.79,12,Mid Value At Risk
16209.0,2011-09-12 11:58:00,89,4146.78,9,Active
12569.0,2011-12-07 16:24:00,2,4124.69,32,Active
13450.0,2011-11-13 11:54:00,27,4120.04,13,Active
16928.0,2011-09-20 15:10:00,80,4113.23,29,Active
17287.0,2011-11-13 13:27:00,26,4111.96,21,Active
14408.0,2011-11-29 11:41:00,11,4109.77,11,Active
14878.0,2011-11-27 11:15:00,13,4105.24,25,Active
13421.0,2011-10-30 14:21:00,40,4103.12,8,Active
14566.0,2011-08-21 11:05:00,111,4092.0,4,Active
13048.0,2011-11-25 13:23:00,14,4084.21,9,Active
12876.0,2011-10-13 12:26:00,58,4081.79,4,Active
15024.0,2011-11-30 12:06:00,10,4075.51,16,Active
17618.0,2011-12-04 11:50:00,6,4073.2400000000002,11,Active
14913.0,2011-11-04 08:29:00,36,4073.13,8,Active
15572.0,2011-12-05 10:09:00,5,4068.67,10,Active
12371.0,2011-10-26 10:16:00,45,4067.38,5,Active
14025.0,2010-09-01 10:11:00,465,4057.9,8,Mid Value At Risk
15571.0,2011-11-28 10:02:00,12,4051.63,14,Active
17083.0,2011-08-22 15:43:00,109,4049.79,9,Active
17211.0,2011-11-13 12:03:00,27,4046.65,13,Active
12840.0,2011-07-19 09:29:00,144,4041.97,7,Mid Value At Risk
16791.0,2011-11-10 19:12:00,29,4038.69,15,Active
14824.0,2011-11-29 14:20:00,10,4022.9100000000003,10,Active
15665.0,2011-06-24 14:57:00,168,4015.12,5,Mid Value At Risk
12726.0,2011-11-11 13:35:00,28,4014.6,11,Active
15782.0,2011-11-30 10:49:00,10,4014.1,4,Active
12721.0,2011-11-08 12:13:00,32,4013.08,8,Active
17019.0,2011-11-28 13:06:00,11,4012.2,11,Active
13895.0,2011-11-11 16:57:00,28,4008.52,6,Active
14547.0,2011-12-06 11:06:00,4,4007.54,8,Active
13542.0,2010-11-28 11:24:00,377,4006.17,17,Mid Value At Risk
16841.0,2011-11-03 11:51:00,37,4006.06,12,Active
17307.0,2010-11-09 13:40:00,395,3999.8900000000003,11,Mid Value At Risk
13126.0,2011-12-05 10:00:00,5,3998.25,13,Active
16719.0,2011-11-25 09:27:00,15,3973.3,14,Active
16771.0,2011-11-06 13:28:00,33,3967.6,10,Active
17954.0,2011-12-04 14:15:00,5,3966.05,19,Active
15858.0,2011-11-24 12:48:00,16,3960.37,13,Active
14817.0,2011-05-23 13:35:00,200,3959.86,7,Mid Value At Risk
15983.0,2011-11-17 17:34:00,22,3958.8199999999997,8,Active
17667.0,2011-10-04 14:32:00,66,3950.7,9,Active
14465.0,2011-04-07 12:38:00,247,3946.03,11,Mid Value At Risk
12473.0,2011-11-10 13:46:00,29,3938.5499999999997,5,Active
15051.0,2011-11-16 15:38:00,23,3935.16,9,Active
15819.0,2011-10-21 14:50:00,49,3934.79,10,Active
13037.0,2011-07-24 15:46:00,138,3914.9500000000003,12,Mid Value At Risk
14498.0,2011-10-28 12:09:00,43,3911.27,10,Active
12853.0,2011-07-28 11:29:00,135,3907.5,11,Mid Value At Risk
15696.0,2011-11-06 14:02:00,33,3906.57,13,Active
13995.0,2011-11-24 14:22:00,15,3902.01,14,Active
12388.0,2011-11-24 12:30:00,16,3901.11,8,Active
15823.0,2010-12-02 15:08:00,372,3897.17,3,Mid Value At Risk
15811.0,2011-11-17 15:31:00,22,3890.52,7,Active
12358.0,2011-12-08 10:26:00,2,3887.07,5,Active
14744.0,2011-11-23 12:51:00,16,3885.08,14,Active
15288.0,2011-10-27 16:58:00,43,3883.13,10,Active
13446.0,2010-10-05 18:51:00,430,3881.89,11,Mid Value At Risk
14655.0,2011-12-01 16:28:00,8,3878.51,7,Active
15067.0,2011-09-22 13:20:00,78,3877.88,5,Active
18073.0,2011-08-17 14:02:00,114,3877.5200000000004,12,Active
15195.0,2011-12-07 12:20:00,3,3861.0,1,Active
14565.0,2011-09-05 09:07:00,96,3859.2200000000003,5,Active
14532.0,2011-04-17 13:05:00,236,3859.1800000000003,11,Mid Value At Risk
16440.0,2011-12-02 12:02:00,8,3856.9700000000003,6,Active
16057.0,2011-11-23 15:23:00,16,3854.85,10,Active
13213.0,2011-10-14 11:42:00,57,3851.52,11,Active
16341.0,2011-11-15 09:12:00,25,3850.79,7,Active
16466.0,2011-11-06 11:35:00,34,3838.59,15,Active
13357.0,2011-03-27 13:56:00,257,3838.36,5,Mid Value At Risk
17659.0,2011-11-22 13:29:00,17,3834.79,14,Active
13481.0,2011-10-25 09:07:00,46,3830.84,11,Active
15704.0,2011-07-22 13:35:00,140,3817.96,6,Mid Value At Risk
12597.0,2011-11-20 13:33:00,19,3811.22,4,Active
15421.0,2011-10-12 09:20:00,59,3805.34,10,Active
16636.0,2010-09-27 13:13:00,438,3802.04,4,Mid Value At Risk
17071.0,2011-11-11 16:31:00,28,3801.2000000000003,13,Active
16128.0,2011-11-22 11:14:00,18,3801.05,11,Active
14540.0,2011-11-30 10:15:00,10,3795.34,11,Active
15827.0,2011-09-27 15:35:00,73,3794.07,28,Active
16950.0,2011-10-14 09:06:00,57,3784.37,10,Active
12619.0,2011-11-23 14:52:00,16,3781.38,10,Active
14309.0,2011-12-01 13:33:00,8,3780.81,11,Active
15494.0,2011-11-18 14:51:00,21,3780.05,5,Active
14649.0,2011-12-05 12:30:00,5,3775.31,9,Active
17293.0,2011-12-01 14:37:00,8,3774.23,17,Active
15834.0,2011-09-30 14:41:00,70,3772.9900000000002,7,Active
15532.0,2011-11-14 14:51:00,25,3771.9,10,Active
18168.0,2011-06-16 19:21:00,176,3770.27,16,Mid Value At Risk
15079.0,2011-05-11 12:45:00,213,3767.35,11,Mid Value At Risk
17173.0,2011-12-04 14:40:00,5,3766.6,8,Active
12670.0,2011-11-29 15:23:00,10,3760.29,7,Active
12530.0,2011-10-11 12:34:00,60,3759.26,9,Active
17096.0,2011-11-24 15:01:00,15,3759.18,11,Active
17553.0,2011-08-02 10:00:00,130,3757.6,4,Mid Value At Risk
14409.0,2011-09-29 18:18:00,71,3756.09,9,Active
13305.0,2011-12-05 15:15:00,4,3754.71,16,Active
14515.0,2011-11-22 11:37:00,18,3749.2599999999998,12,Active
12623.0,2011-03-08 13:50:00,276,3747.84,7,Mid Value At Risk
15370.0,2011-10-30 10:58:00,41,3739.01,8,Active
15351.0,2011-11-27 12:52:00,12,3738.29,10,Active
16539.0,2011-12-07 08:41:00,3,3732.01,10,Active
15255.0,2011-10-04 12:43:00,67,3729.42,9,Active
12502.0,2011-09-05 11:52:00,96,3723.87,5,Active
16772.0,2010-10-12 13:19:00,423,3723.5499999999997,3,Mid Value At Risk
16240.0,2011-11-15 14:30:00,24,3718.8,2,Active
14364.0,2011-08-23 11:01:00,109,3717.35,8,Active
14593.0,2011-11-18 12:48:00,22,3712.0099999999998,12,Active
12737.0,2010-07-29 12:29:00,499,3710.5,2,Mid Value At Risk
16983.0,2011-11-27 12:10:00,13,3710.22,11,Active
14776.0,2011-10-19 15:34:00,51,3708.3,15,Active
16094.0,2011-11-28 12:45:00,12,3695.56,11,Active
12857.0,2011-05-13 10:20:00,211,3688.0,6,Mid Value At Risk
12872.0,2011-01-17 10:52:00,327,3685.4900000000002,12,Mid Value At Risk
12468.0,2011-06-05 11:36:00,188,3670.74,5,Mid Value At Risk
15953.0,2011-11-24 15:32:00,15,3669.5499999999997,18,Active
14640.0,2011-11-15 13:07:00,24,3667.06,10,Active
16444.0,2011-10-24 13:50:00,46,3656.58,17,Active
17655.0,2011-11-29 11:34:00,11,3652.48,9,Active
14857.0,2011-10-11 09:23:00,60,3651.851,7,Active
17848.0,2011-09-19 16:49:00,81,3650.9,30,Active
13632.0,2011-11-15 10:51:00,25,3648.15,8,Active
16718.0,2010-12-05 13:03:00,369,3647.53,5,Mid Value At Risk
17063.0,2011-11-18 16:19:00,21,3638.53,13,Active
14770.0,2011-04-21 14:21:00,232,3637.64,8,Mid Value At Risk
16748.0,2011-11-22 10:17:00,18,3637.33,14,Active
16053.0,2011-11-07 11:21:00,33,3634.84,6,Active
17528.0,2011-12-08 13:27:00,1,3628.5,8,Active
14882.0,2011-11-13 12:47:00,27,3628.15,14,Active
14653.0,2011-12-08 13:45:00,1,3614.54,12,Active
16503.0,2011-08-25 11:46:00,107,3614.34,11,Active
15505.0,2011-10-18 07:56:00,53,3610.96,5,Active
15113.0,2011-11-30 08:23:00,10,3609.33,3,Active
15791.0,2011-10-27 10:14:00,44,3608.34,5,Active
18242.0,2011-09-28 13:43:00,72,3605.21,8,Active
13750.0,2011-10-17 12:16:00,54,3602.1800000000003,11,Active
12963.0,2011-12-01 12:55:00,8,3601.59,12,Active
16325.0,2011-10-24 08:48:00,47,3597.5,12,Active
17422.0,2011-11-23 13:27:00,16,3594.76,11,Active
15569.0,2011-08-28 10:15:00,104,3586.35,10,Active
14132.0,2011-12-07 13:35:00,2,3586.0299999999997,11,Active
17679.0,2011-10-18 07:43:00,53,3577.61,7,Active
17311.0,2011-09-22 14:11:00,78,3566.56,6,Active
18219.0,2011-12-07 11:43:00,3,3562.89,17,Active
14737.0,2011-12-06 10:16:00,4,3554.17,4,Active
15222.0,2011-01-25 08:03:00,319,3550.91,11,Mid Value At Risk
14503.0,2011-12-06 13:30:00,3,3543.26,6,Active
12645.0,2011-11-06 12:38:00,34,3539.3,8,Active
16395.0,2011-10-10 12:50:00,61,3537.85,14,Active
17924.0,2011-11-28 09:11:00,12,3536.7000000000003,8,Active
15059.0,2011-10-30 11:35:00,41,3523.57,19,Active
16336.0,2010-10-15 12:32:00,421,3517.69,4,Mid Value At Risk
16360.0,2011-12-05 12:16:00,5,3512.53,6,Active
17768.0,2011-12-01 13:22:00,8,3509.51,7,Active
16347.0,2011-11-28 13:14:00,11,3509.41,11,Active
14898.0,2011-11-16 14:54:00,23,3507.81,14,Active
18044.0,2011-12-05 14:26:00,4,3505.61,18,Active
14934.0,2011-09-19 10:10:00,82,3503.5,5,Active
13929.0,2011-06-23 15:26:00,169,3494.1,11,Mid Value At Risk
13577.0,2011-11-14 15:19:00,25,3489.28,11,Active
15306.0,2011-10-06 12:56:00,64,3484.73,9,Active
17597.0,2011-05-10 11:54:00,214,3484.09,5,Mid Value At Risk
12631.0,2011-10-13 13:53:00,57,3481.57,6,Active
17913.0,2011-10-12 10:45:00,59,3479.64,14,Active
15380.0,2011-12-01 12:13:00,9,3479.0600000000004,11,Active
15712.0,2011-11-30 14:09:00,9,3472.4100000000003,12,Active
13849.0,2011-10-19 10:59:00,52,3469.3,5,Active
14533.0,2011-11-15 12:05:00,25,3466.37,11,Active
15356.0,2011-11-08 13:11:00,31,3464.95,13,Active
16271.0,2011-12-07 12:45:00,3,3463.02,10,Active
14837.0,2011-09-11 10:58:00,90,3460.32,9,Active
13536.0,2011-12-08 16:38:00,1,3448.29,7,Active
13313.0,2011-11-17 16:48:00,22,3445.32,12,Active
15974.0,2011-10-31 13:13:00,39,3442.15,7,Active
16208.0,2011-10-26 11:36:00,45,3440.45,10,Active
17725.0,2011-11-23 16:34:00,16,3439.08,11,Active
17931.0,2011-07-28 18:33:00,134,3437.29,14,Mid Value At Risk
12609.0,2011-09-22 16:34:00,78,3435.86,9,Active
15676.0,2011-11-21 12:40:00,19,3435.76,3,Active
16045.0,2011-08-12 12:41:00,120,3434.9300000000003,8,Active
15916.0,2011-11-23 13:46:00,16,3427.17,13,Active
12377.0,2011-01-28 15:45:00,315,3426.32,4,Mid Value At Risk
16281.0,2011-09-28 14:57:00,72,3424.02,3,Active
17876.0,2010-11-05 10:52:00,400,3424.02,3,Mid Value At Risk
15373.0,2011-12-01 15:05:00,8,3421.39,17,Active
13031.0,2010-10-28 15:34:00,407,3419.27,5,Mid Value At Risk
14217.0,2011-12-08 11:53:00,2,3416.89,23,Active
14215.0,2011-11-28 12:19:00,12,3416.33,9,Active
13979.0,2011-09-27 13:32:00,73,3416.23,7,Active
14673.0,2011-12-06 14:31:00,3,3410.81,7,Active
15058.0,2011-11-14 14:57:00,25,3410.03,16,Active
13437.0,2011-11-25 14:00:00,14,3408.06,7,Active
13425.0,2011-08-23 17:13:00,108,3403.63,5,Active
13823.0,2011-11-21 10:22:00,19,3403.4500000000003,7,Active
15114.0,2011-11-09 15:05:00,30,3400.12,12,Active
12838.0,2011-11-06 12:20:00,34,3398.48,10,Active
16067.0,2010-05-26 12:33:00,563,3395.29,3,Mid Value At Risk
13246.0,2011-11-21 16:50:00,18,3387.43,11,Active
17723.0,2011-08-04 18:37:00,127,3378.4000000000005,7,Mid Value At Risk
13135.0,2011-05-27 10:52:00,197,3371.45,2,Mid Value At Risk
13707.0,2011-03-17 18:03:00,267,3365.86,5,Mid Value At Risk
13285.0,2011-11-16 13:19:00,23,3364.59,6,Active
13786.0,2010-12-07 13:53:00,367,3358.94,6,Mid Value At Risk
15538.0,2010-06-20 10:49:00,538,3358.3999999999996,6,Mid Value At Risk
14608.0,2011-12-05 16:52:00,4,3352.94,11,Active
16818.0,2011-11-29 10:41:00,11,3349.57,11,Active
17183.0,2011-12-02 10:07:00,8,3347.31,6,Active
15265.0,2011-07-11 14:46:00,151,3345.64,4,Mid Value At Risk
12424.0,2011-06-30 12:06:00,163,3340.03,4,Mid Value At Risk
13848.0,2011-09-08 12:58:00,92,3335.0,8,Active
14344.0,2011-08-04 13:51:00,127,3333.7000000000003,20,Mid Value At Risk
14064.0,2011-11-10 13:14:00,29,3332.42,15,Active
16351.0,2011-01-11 10:26:00,333,3330.0299999999997,13,Mid Value At Risk
17774.0,2011-09-04 12:49:00,97,3328.05,9,Active
15065.0,2011-11-02 09:45:00,38,3326.86,5,Active
12865.0,2011-11-13 14:31:00,26,3323.47,4,Active
13291.0,2011-07-07 10:36:00,156,3320.84,11,Mid Value At Risk
13611.0,2011-09-11 14:51:00,89,3319.53,10,Active
14161.0,2011-05-08 11:41:00,216,3318.88,7,Mid Value At Risk
13431.0,2011-10-03 13:49:00,67,3316.24,8,Active
13824.0,2011-11-07 12:41:00,33,3314.76,12,Active
13131.0,2011-11-16 13:21:00,23,3313.77,7,Active
14451.0,2011-10-10 13:38:00,60,3308.77,12,Active
16365.0,2011-11-22 11:24:00,18,3307.2,15,Active
14506.0,2011-11-22 13:02:00,17,3290.67,7,Active
13650.0,2011-11-23 12:22:00,17,3288.0,10,Active
15632.0,2011-11-24 09:51:00,16,3285.31,8,Active
14507.0,2011-11-16 12:21:00,24,3284.43,11,Active
14285.0,2011-11-18 14:50:00,21,3284.42,8,Active
18188.0,2011-11-24 16:46:00,15,3280.59,6,Active
15978.0,2011-09-23 15:21:00,77,3279.42,3,Active
14293.0,2011-12-06 15:17:00,3,3267.9300000000003,9,Active
13214.0,2010-10-18 10:00:00,418,3264.23,7,Mid Value At Risk
15057.0,2011-03-09 15:17:00,275,3255.96,5,Mid Value At Risk
12770.0,2011-05-13 09:33:00,211,3246.45,2,Mid Value At Risk
16612.0,2011-11-07 07:38:00,33,3245.43,9,Active
14669.0,2011-04-12 11:43:00,242,3243.93,7,Mid Value At Risk
15140.0,2011-10-18 14:07:00,52,3243.69,8,Active
17353.0,2011-08-02 17:19:00,129,3242.0,4,Mid Value At Risk
15625.0,2011-08-28 10:21:00,104,3236.4,9,Active
15602.0,2011-12-01 14:14:00,8,3230.51,16,Active
16101.0,2011-09-30 10:18:00,71,3229.16,4,Active
16059.0,2011-10-05 09:56:00,66,3217.77,12,Active
16515.0,2011-10-18 13:10:00,52,3216.3,10,Active
13268.0,2011-11-22 11:51:00,18,3214.69,11,Active
12951.0,2011-12-01 12:14:00,9,3213.7200000000003,15,Active
16918.0,2011-10-21 12:50:00,50,3213.29,16,Active
13804.0,2011-11-09 12:32:00,31,3208.52,9,Active
16107.0,2011-11-22 09:40:00,18,3204.1600000000003,7,Active
17147.0,2011-11-17 12:32:00,23,3199.95,9,Active
14315.0,2011-10-26 12:06:00,45,3197.82,8,Active
15027.0,2011-11-09 10:16:00,31,3195.6,10,Active
13868.0,2011-12-02 16:32:00,7,3192.54,2,Active
13397.0,2011-09-28 10:56:00,73,3191.87,10,Active
16933.0,2011-12-08 12:54:00,1,3181.25,9,Active
12456.0,2011-10-26 14:41:00,44,3181.04,3,Active
17228.0,2011-11-24 10:24:00,16,3177.24,13,Active
15353.0,2011-03-30 12:15:00,255,3175.95,7,Mid Value At Risk
17621.0,2011-11-18 17:11:00,21,3175.12,6,Active
16837.0,2011-11-08 14:27:00,31,3170.98,11,Active
17640.0,2011-09-14 09:13:00,87,3168.94,6,Active
13052.0,2011-05-11 14:12:00,212,3168.53,7,Mid Value At Risk
16041.0,2011-11-09 12:25:00,31,3166.4,3,Active
14963.0,2011-11-30 12:16:00,10,3164.48,12,Active
16584.0,2011-09-20 13:45:00,80,3163.67,5,Active
16400.0,2011-09-06 12:27:00,95,3159.44,9,Active
15031.0,2011-12-05 14:19:00,4,3156.58,14,Active
12976.0,2011-05-12 09:55:00,212,3156.38,8,Mid Value At Risk
14748.0,2011-11-10 18:33:00,29,3152.32,10,Active
14306.0,2011-10-19 13:23:00,51,3151.4,6,Active
17090.0,2011-12-05 13:44:00,4,3149.48,13,Active
15614.0,2010-09-28 10:46:00,438,3147.36,4,Mid Value At Risk
17702.0,2011-11-09 16:03:00,30,3144.04,6,Active
17354.0,2011-10-20 10:34:00,51,3143.46,4,Active
14978.0,2011-09-28 13:07:00,72,3142.14,10,Active
15095.0,2011-08-28 12:01:00,104,3141.64,10,Active
17530.0,2011-12-08 18:42:00,1,3141.51,12,Active
14897.0,2011-12-02 10:32:00,8,3140.54,8,Active
13742.0,2011-11-23 11:07:00,17,3131.02,12,Active
15596.0,2011-08-31 10:55:00,101,3130.04,9,Active
14044.0,2011-11-13 12:05:00,27,3123.1,10,Active
15199.0,2011-10-11 15:12:00,59,3122.4,10,Active
17145.0,2010-07-15 09:02:00,513,3120.91,4,Mid Value At Risk
13685.0,2011-12-07 11:41:00,3,3119.44,7,Active
14700.0,2011-11-07 14:40:00,32,3116.26,5,Active
13692.0,2011-11-15 11:17:00,25,3114.4,5,Active
13772.0,2011-11-06 11:43:00,34,3114.22,8,Active
13538.0,2011-10-27 16:34:00,43,3112.73,12,Active
16678.0,2011-12-07 12:17:00,3,3109.99,12,Active
17870.0,2011-12-07 15:07:00,2,3108.15,13,Active
12909.0,2011-10-31 12:43:00,40,3103.19,8,Active
15491.0,2011-09-05 15:56:00,95,3100.09,6,Active
13464.0,2011-10-12 15:01:00,58,3097.64,6,Active
12937.0,2011-11-24 15:05:00,15,3097.61,9,Active
15105.0,2011-11-21 16:54:00,18,3094.91,9,Active
12849.0,2011-11-08 13:41:00,31,3090.56,6,Active
14312.0,2011-10-24 09:46:00,47,3090.29,11,Active
17552.0,2011-10-10 17:00:00,60,3085.29,12,Active
12511.0,2010-10-07 10:39:00,429,3084.02,1,Mid Value At Risk
17929.0,2011-11-28 16:01:00,11,3082.1,12,Active
16007.0,2011-10-23 11:05:00,48,3075.14,7,Active
17884.0,2011-12-06 11:33:00,4,3072.89,20,Active
13647.0,2011-11-30 12:00:00,10,3071.68,8,Active
12469.0,2010-07-05 12:40:00,523,3070.54,2,Mid Value At Risk
13631.0,2011-09-01 09:57:00,100,3070.42,11,Active
14038.0,2011-09-22 13:37:00,78,3069.88,5,Active
13196.0,2011-11-28 13:54:00,11,3068.84,7,Active
13077.0,2011-12-08 19:24:00,1,3064.67,11,Active
14456.0,2011-12-04 13:59:00,5,3062.4,9,Active
16120.0,2011-10-11 14:22:00,59,3056.91,6,Active
16775.0,2011-11-29 15:22:00,10,3056.89,16,Active
15716.0,2011-07-17 11:59:00,146,3056.81,11,Mid Value At Risk
15241.0,2011-10-04 09:05:00,67,3050.16,11,Active
16560.0,2011-11-13 10:35:00,27,3048.38,8,Active
14916.0,2011-09-30 09:20:00,71,3042.95,8,Active
15967.0,2011-11-16 15:41:00,23,3041.6,12,Active
15754.0,2011-10-19 14:40:00,51,3037.61,9,Active
13557.0,2011-11-11 15:24:00,28,3032.26,13,Active
13485.0,2011-04-20 13:58:00,233,3019.2200000000003,11,Mid Value At Risk
15965.0,2011-11-22 16:44:00,17,3013.09,13,Active
13963.0,2011-02-04 14:43:00,308,3011.87,17,Mid Value At Risk
12754.0,2011-04-18 09:00:00,236,3010.74,3,Mid Value At Risk
14590.0,2010-10-11 12:06:00,425,3006.62,20,Mid Value At Risk
17032.0,2010-06-10 12:16:00,548,3004.6,8,Mid Value At Risk
14226.0,2011-11-11 11:34:00,29,3002.53,6,Active
14621.0,2011-12-08 16:22:00,1,3000.57,9,Active
13635.0,2011-10-03 10:55:00,68,2999.16,4,Active
15810.0,2011-09-22 09:38:00,79,2999.04,8,Active
15182.0,2011-07-08 13:37:00,154,2998.952,11,Mid Value At Risk
15611.0,2011-11-30 12:36:00,10,2997.28,26,Active
12457.0,2011-10-04 13:13:00,66,2995.91,8,Active
17961.0,2011-11-18 16:55:00,21,2995.54,100,Active
12854.0,2011-09-22 12:15:00,79,2994.02,7,Active
15687.0,2011-12-01 08:33:00,9,2993.1,9,Active
16012.0,2011-11-04 13:25:00,35,2989.79,5,Active
15681.0,2011-11-14 16:30:00,25,2989.7,14,Active
12374.0,2011-11-14 15:37:00,25,2989.2200000000003,4,Active
18241.0,2011-11-30 12:10:00,10,2986.9900000000002,21,Active
15329.0,2011-10-31 15:36:00,39,2984.33,11,Active
14544.0,2011-11-15 15:06:00,24,2982.43,3,Active
17692.0,2011-08-04 14:01:00,127,2975.8,12,Mid Value At Risk
16383.0,2011-09-26 12:45:00,75,2974.84,7,Active
16416.0,2011-11-13 12:50:00,27,2972.88,9,Active
13012.0,2011-11-30 13:05:00,9,2972.83,11,Active
13110.0,2011-11-08 14:30:00,31,2957.4700000000003,12,Active
16736.0,2010-07-22 10:09:00,506,2956.56,5,Mid Value At Risk
12826.0,2011-12-07 10:25:00,3,2955.75,12,Active
12877.0,2011-12-06 10:30:00,4,2955.17,20,Active
13764.0,2011-09-30 12:03:00,71,2953.26,6,Active
14867.0,2011-06-07 11:39:00,186,2952.06,16,Mid Value At Risk
13253.0,2011-07-06 10:09:00,157,2951.11,4,Mid Value At Risk
15757.0,2011-10-05 12:14:00,66,2940.36,6,Active
17444.0,2011-07-15 12:05:00,148,2940.04,3,Mid Value At Risk
17588.0,2011-08-31 13:37:00,100,2939.55,7,Active
15235.0,2011-05-06 09:44:00,218,2937.81,16,Mid Value At Risk
14524.0,2011-11-08 12:29:00,32,2933.71,13,Active
12635.0,2011-09-11 11:04:00,90,2930.41,4,Active
15312.0,2011-09-25 13:10:00,75,2930.19,12,Active
15862.0,2011-12-01 13:28:00,8,2928.29,13,Active
13890.0,2011-12-08 15:36:00,1,2927.38,14,Active
12906.0,2011-11-28 09:55:00,12,2919.81,5,Active
16358.0,2011-12-08 15:09:00,1,2919.65,5,Active
15392.0,2011-12-05 11:01:00,5,2911.62,7,Active
13784.0,2011-11-30 09:33:00,10,2910.23,14,Active
12438.0,2011-11-25 13:28:00,14,2906.85,2,Active
13455.0,2011-11-15 11:21:00,25,2905.93,6,Active
14233.0,2011-10-21 15:54:00,49,2904.27,7,Active
16755.0,2011-08-17 13:21:00,114,2900.58,7,Active
14404.0,2011-11-06 12:30:00,34,2899.11,13,Active
17320.0,2011-08-31 13:31:00,100,2895.77,6,Active
15100.0,2011-01-10 10:35:00,334,2894.7,7,Mid Value At Risk
17242.0,2011-08-23 14:55:00,108,2889.28,5,Active
13501.0,2011-02-24 18:59:00,288,2885.11,3,Mid Value At Risk
16633.0,2011-11-22 13:41:00,17,2883.1,6,Active
14251.0,2011-12-08 08:32:00,2,2879.7000000000003,5,Active
12806.0,2010-09-30 13:34:00,435,2878.96,4,Mid Value At Risk
18170.0,2011-11-06 14:35:00,33,2878.0,9,Active
14005.0,2011-11-30 12:41:00,10,2874.72,5,Active
15043.0,2011-11-08 14:26:00,31,2873.7999999999997,6,Active
16467.0,2010-07-19 11:49:00,509,2869.16,7,Mid Value At Risk
14711.0,2011-11-29 14:58:00,10,2868.8,11,Active
16711.0,2011-12-06 16:32:00,3,2868.48,9,Active
16229.0,2011-09-13 17:16:00,87,2867.86,6,Active
16225.0,2011-10-26 08:30:00,45,2867.4100000000003,15,Active
15563.0,2011-11-17 14:50:00,22,2867.0,7,Active
16086.0,2011-10-11 13:09:00,59,2864.9900000000002,10,Active
14758.0,2011-07-18 08:21:00,145,2864.97,7,Mid Value At Risk
16062.0,2011-11-30 12:15:00,10,2863.45,8,Active
12685.0,2011-11-11 13:46:00,28,2863.08,6,Active
14875.0,2011-08-24 12:20:00,108,2862.4,3,Active
16979.0,2011-12-06 12:21:00,4,2859.74,9,Active
14035.0,2011-11-11 10:03:00,29,2856.72,9,Active
13728.0,2011-11-03 10:49:00,37,2855.17,16,Active
16742.0,2011-10-24 12:02:00,47,2852.6099999999997,14,Active
12352.0,2011-11-03 14:37:00,36,2849.84,10,Active
14935.0,2011-02-15 14:44:00,297,2849.83,2,Mid Value At Risk
16163.0,2011-04-21 15:15:00,232,2849.58,6,Mid Value At Risk
13032.0,2011-10-18 15:54:00,52,2843.55,9,Active
12676.0,2011-11-15 12:25:00,25,2843.09,11,Active
16554.0,2011-10-28 14:51:00,42,2841.72,8,Active
13477.0,2011-11-02 12:04:00,38,2834.17,11,Active
17368.0,2011-11-16 15:26:00,23,2826.14,14,Active
14842.0,2011-10-27 12:37:00,44,2824.69,4,Active
16407.0,2011-11-27 11:05:00,13,2821.65,14,Active
15797.0,2011-08-18 17:04:00,113,2821.08,6,Active
13719.0,2011-11-24 15:26:00,15,2815.25,11,Active
15660.0,2011-11-14 16:58:00,25,2812.99,15,Active
17386.0,2011-12-02 11:28:00,8,2812.77,7,Active
16871.0,2011-11-17 19:27:00,22,2812.34,6,Active
14903.0,2011-11-18 16:07:00,21,2810.63,5,Active
13330.0,2011-09-08 12:27:00,93,2806.18,6,Active
16817.0,2011-12-07 11:03:00,3,2804.9,13,Active
17470.0,2011-10-26 12:42:00,45,2804.87,11,Active
14869.0,2011-12-01 12:36:00,9,2804.24,6,Active
13799.0,2011-08-15 12:07:00,117,2803.57,9,Active
13205.0,2010-09-22 16:26:00,443,2803.2,1,Mid Value At Risk
16764.0,2011-12-06 11:41:00,4,2799.25,13,Active
15993.0,2011-12-01 10:45:00,9,2797.57,7,Active
17284.0,2011-10-10 14:38:00,60,2793.16,8,Active
12863.0,2011-10-18 14:15:00,52,2792.5499999999997,6,Active
15073.0,2011-11-30 10:44:00,10,2788.02,8,Active
15021.0,2011-12-01 11:53:00,9,2783.83,12,Active
17790.0,2011-11-13 11:30:00,27,2783.61,20,Active
14121.0,2011-12-06 12:19:00,4,2780.15,4,Active
16104.0,2011-10-09 10:23:00,62,2778.61,9,Active
17591.0,2011-09-27 13:42:00,73,2776.67,8,Active
16335.0,2010-06-06 11:35:00,552,2774.0,7,Mid Value At Risk
17031.0,2011-11-28 10:23:00,12,2773.85,6,Active
12391.0,2011-11-18 12:07:00,22,2773.42,6,Active
13695.0,2011-11-08 14:26:00,31,2770.73,16,Active
17720.0,2011-11-13 15:04:00,26,2768.91,10,Active
18210.0,2011-12-08 11:02:00,2,2768.83,7,Active
14696.0,2011-12-05 13:43:00,4,2767.9,8,Active
15817.0,2010-10-15 11:07:00,421,2766.4,3,Mid Value At Risk
13736.0,2011-12-04 15:19:00,5,2766.21,7,Active
17676.0,2011-12-05 15:16:00,4,2765.84,10,Active
13813.0,2011-10-31 10:38:00,40,2765.47,8,Active
17115.0,2011-12-01 14:30:00,8,2761.4900000000002,7,Active
17262.0,2011-10-18 12:56:00,52,2757.62,11,Active
17490.0,2011-12-09 09:08:00,1,2750.5,9,Active
14665.0,2011-10-10 09:14:00,61,2749.65,7,Active
12982.0,2011-04-11 11:51:00,243,2744.81,8,Mid Value At Risk
17241.0,2010-11-19 13:01:00,385,2744.14,12,Mid Value At Risk
12669.0,2011-07-12 09:54:00,151,2744.0299999999997,3,Mid Value At Risk
15841.0,2011-09-28 12:15:00,73,2742.41,9,Active
16434.0,2011-11-10 14:28:00,29,2741.74,12,Active
14808.0,2011-10-31 12:21:00,40,2741.17,8,Active
14125.0,2011-11-29 12:47:00,11,2740.43,3,Active
18283.0,2011-12-06 12:02:00,4,2736.65,22,Active
15389.0,2011-06-20 16:18:00,172,2733.8,5,Mid Value At Risk
15111.0,2011-11-10 16:58:00,29,2730.87,5,Active
12986.0,2010-10-07 11:57:00,429,2729.84,10,Mid Value At Risk
13211.0,2011-11-29 14:43:00,10,2729.32,10,Active
12739.0,2011-09-22 13:00:00,78,2726.73,4,Active
16190.0,2011-10-30 15:59:00,40,2723.55,8,Active
15985.0,2011-08-08 16:31:00,123,2715.28,7,Mid Value At Risk
16232.0,2011-10-27 12:16:00,44,2712.97,7,Active
16359.0,2011-12-02 17:04:00,7,2697.75,16,Active
18173.0,2011-09-14 11:26:00,87,2696.36,5,Active
12725.0,2010-12-03 15:45:00,371,2694.56,4,Mid Value At Risk
17388.0,2011-09-23 10:31:00,78,2691.57,11,Active
12820.0,2011-12-06 15:12:00,3,2689.52,11,Active
15910.0,2011-12-09 10:51:00,1,2681.8,15,Active
14496.0,2011-02-01 09:01:00,312,2668.23,7,Mid Value At Risk
16369.0,2011-11-21 16:25:00,18,2664.81,7,Active
13473.0,2011-10-10 11:20:00,61,2657.7599999999998,8,Active
15671.0,2011-11-21 12:43:00,19,2657.13,7,Active
15157.0,2011-12-06 11:28:00,4,2654.11,5,Active
14756.0,2011-11-24 18:13:00,15,2653.76,3,Active
14410.0,2011-09-08 15:08:00,92,2651.14,11,Active
17744.0,2011-12-06 12:11:00,4,2649.14,7,Active
12516.0,2011-09-23 09:13:00,78,2648.62,4,Active
13203.0,2011-11-30 10:45:00,10,2648.25,10,Active
16618.0,2011-11-08 13:52:00,31,2647.59,5,Active
13117.0,2011-11-18 12:02:00,22,2643.81,18,Active
13819.0,2011-02-11 10:38:00,302,2642.35,6,Mid Value At Risk
13173.0,2011-12-05 15:51:00,4,2639.35,11,Active
15814.0,2011-11-23 08:17:00,17,2634.44,6,Active
12520.0,2011-09-21 15:23:00,79,2634.26,5,Active
16276.0,2011-06-16 09:34:00,177,2629.3900000000003,3,Mid Value At Risk
14548.0,2011-07-12 12:19:00,151,2627.49,9,Mid Value At Risk
13422.0,2011-10-06 13:42:00,64,2626.3,1,Active
13644.0,2011-11-23 14:07:00,16,2624.26,4,Active
12671.0,2010-04-12 16:30:00,606,2622.481,1,Mid Value At Risk
12423.0,2011-12-09 10:10:00,1,2622.39,10,Active
14573.0,2011-06-13 11:15:00,180,2621.42,13,Mid Value At Risk
15142.0,2011-10-24 12:51:00,46,2619.92,6,Active
14262.0,2011-12-01 14:17:00,8,2618.23,8,Active
17043.0,2011-11-07 15:33:00,32,2616.55,8,Active
14195.0,2011-05-22 10:29:00,202,2615.6,6,Mid Value At Risk
15426.0,2011-11-20 15:36:00,19,2615.39,9,Active
14431.0,2011-02-10 10:40:00,303,2614.2,4,Mid Value At Risk
13700.0,2011-11-13 13:00:00,26,2613.46,13,Active
14397.0,2011-12-07 09:22:00,3,2612.96,19,Active
14564.0,2010-10-01 09:02:00,435,2605.62,2,Mid Value At Risk
16206.0,2011-10-16 10:41:00,55,2602.32,13,Active
17787.0,2011-07-10 11:24:00,153,2601.4700000000003,4,Mid Value At Risk
17317.0,2011-10-24 17:19:00,46,2600.34,3,Active
15826.0,2011-10-14 16:05:00,56,2598.28,4,Active
12412.0,2011-09-26 10:16:00,75,2596.93,6,Active
14163.0,2011-09-13 15:18:00,87,2594.62,5,Active
14229.0,2011-10-19 10:04:00,52,2594.04,7,Active
14129.0,2011-12-08 11:02:00,2,2591.34,9,Active
14147.0,2011-09-22 18:10:00,78,2590.2,9,Active
15033.0,2011-12-05 12:40:00,5,2586.67,10,Active
15062.0,2011-09-29 16:51:00,71,2585.62,8,Active
17897.0,2011-06-20 11:23:00,173,2585.0,9,Mid Value At Risk
12592.0,2011-09-08 15:04:00,92,2582.66,5,Active
13151.0,2011-02-17 12:29:00,296,2580.7400000000002,3,Mid Value At Risk
16244.0,2011-05-12 10:18:00,212,2579.38,2,Mid Value At Risk
16499.0,2010-12-14 13:31:00,360,2578.34,8,Mid Value At Risk
16115.0,2011-11-30 11:32:00,10,2575.14,12,Active
17095.0,2011-11-17 12:21:00,23,2572.25,7,Active
14745.0,2011-08-19 10:05:00,113,2571.81,12,Active
17002.0,2011-09-15 12:40:00,86,2571.55,7,Active
13652.0,2011-10-25 08:51:00,46,2570.85,5,Active
15434.0,2011-12-01 13:33:00,8,2567.06,11,Active
13623.0,2011-11-09 12:00:00,31,2566.49,10,Active
15747.0,2011-11-27 12:26:00,13,2562.61,9,Active
13192.0,2011-09-05 14:13:00,95,2558.58,6,Active
17463.0,2011-11-23 13:40:00,16,2557.91,7,Active
16036.0,2011-09-13 14:53:00,87,2556.84,4,Active
13862.0,2011-11-21 16:24:00,18,2556.09,9,Active
15906.0,2011-11-20 12:24:00,20,2555.64,10,Active
17550.0,2011-05-26 14:09:00,197,2547.64,9,Mid Value At Risk
18179.0,2011-11-30 16:23:00,9,2547.55,8,Active
13344.0,2011-10-03 09:45:00,68,2543.72,3,Active
17465.0,2010-10-10 11:56:00,426,2542.79,7,Mid Value At Risk
14810.0,2011-10-30 11:19:00,41,2537.02,13,Active
16987.0,2011-12-06 17:26:00,3,2535.9,11,Active
16016.0,2011-12-06 14:35:00,3,2533.94,11,Active
13471.0,2011-12-08 15:44:00,1,2531.58,4,Active
16889.0,2011-05-29 11:05:00,195,2530.9,6,Mid Value At Risk
14659.0,2011-12-01 12:17:00,9,2529.93,9,Active
14790.0,2011-11-23 09:28:00,17,2526.62,10,Active
17101.0,2011-11-29 13:57:00,10,2507.05,7,Active
15860.0,2011-10-30 11:25:00,41,2505.21,17,Active
12517.0,2011-11-11 14:04:00,28,2502.84,5,Active
12978.0,2010-11-19 14:29:00,385,2502.82,5,Mid Value At Risk
16202.0,2010-12-14 10:43:00,361,2501.9900000000002,9,Mid Value At Risk
17288.0,2011-11-30 16:09:00,9,2499.98,11,Active
14541.0,2011-10-12 10:08:00,59,2499.68,14,Active
17594.0,2011-09-15 16:34:00,85,2497.88,4,Active
15932.0,2011-12-05 17:13:00,4,2495.87,8,Active
13414.0,2011-07-29 11:45:00,134,2494.14,6,Mid Value At Risk
16795.0,2010-12-09 14:08:00,365,2492.39,3,Mid Value At Risk
15227.0,2011-11-03 11:59:00,37,2488.4900000000002,9,Active
15117.0,2011-11-25 08:12:00,15,2485.9700000000003,8,Active
14449.0,2011-11-21 12:06:00,19,2482.8,8,Active
16520.0,2011-06-06 13:24:00,186,2482.62,6,Mid Value At Risk
13507.0,2011-12-06 13:13:00,3,2479.16,4,Active
13588.0,2011-11-24 10:42:00,16,2478.95,9,Active
17348.0,2011-11-25 11:25:00,15,2476.41,9,Active
13134.0,2011-09-15 10:35:00,86,2475.23,6,Active
14256.0,2011-03-24 13:17:00,260,2473.9900000000002,5,Mid Value At Risk
13878.0,2011-10-16 12:19:00,55,2473.06,4,Active
13762.0,2011-05-05 09:15:00,219,2472.48,5,Mid Value At Risk
14502.0,2011-11-20 11:50:00,20,2470.67,11,Active
17732.0,2010-12-02 09:29:00,373,2470.39,8,Mid Value At Risk
12924.0,2011-09-12 13:55:00,88,2469.4,12,Active
14421.0,2011-10-13 13:24:00,57,2469.37,6,Active
17164.0,2011-11-07 09:14:00,33,2467.35,7,Active
15221.0,2010-12-08 13:08:00,366,2465.4500000000003,4,Mid Value At Risk
17131.0,2011-12-04 12:52:00,5,2463.17,5,Active
16470.0,2011-10-19 12:11:00,52,2458.6,11,Active
17629.0,2011-12-04 10:56:00,6,2455.52,10,Active
17894.0,2011-09-29 09:23:00,72,2453.38,18,Active
12701.0,2011-09-21 10:47:00,80,2446.41,6,Active
13338.0,2011-07-05 09:06:00,158,2445.62,4,Mid Value At Risk
18171.0,2011-10-12 09:13:00,59,2437.31,9,Active
15623.0,2011-07-21 17:26:00,141,2437.05,8,Mid Value At Risk
16005.0,2011-11-27 13:47:00,12,2436.22,10,Active
17505.0,2011-07-01 12:50:00,162,2435.48,5,Mid Value At Risk
13085.0,2011-07-05 12:11:00,158,2433.28,8,Mid Value At Risk
13094.0,2011-11-18 14:07:00,21,2433.1200000000003,13,Active
16638.0,2011-11-17 11:09:00,23,2430.53,15,Active
15077.0,2010-08-02 11:13:00,495,2428.08,2,Mid Value At Risk
13949.0,2011-12-07 09:35:00,3,2427.32,6,Active
17004.0,2011-10-24 14:25:00,46,2425.16,4,Active
12733.0,2011-04-19 16:19:00,234,2424.87,4,Mid Value At Risk
17921.0,2011-10-06 18:56:00,64,2423.5,10,Active
15658.0,2011-06-02 15:22:00,190,2423.4700000000003,8,Mid Value At Risk
15215.0,2011-10-24 11:41:00,47,2422.43,7,Active
15089.0,2011-11-29 16:31:00,10,2420.84,6,Active
15489.0,2011-11-17 08:53:00,23,2419.61,8,Active
16040.0,2011-10-05 13:47:00,65,2416.9,7,Active
12802.0,2011-06-06 09:36:00,187,2416.42,7,Mid Value At Risk
13118.0,2011-11-20 12:46:00,20,2415.41,9,Active
14205.0,2011-11-23 10:55:00,17,2414.2,9,Active
12397.0,2011-11-04 09:52:00,36,2409.9,2,Active
16833.0,2011-12-08 14:39:00,1,2409.04,6,Active
17671.0,2011-11-24 12:21:00,16,2403.34,5,Active
15341.0,2011-09-20 09:40:00,81,2402.7200000000003,2,Active
15793.0,2011-11-25 09:31:00,15,2399.57,8,Active
12393.0,2011-09-28 15:41:00,72,2399.4500000000003,6,Active
14414.0,2011-09-09 12:09:00,92,2399.33,8,Active
16147.0,2011-07-29 09:57:00,134,2398.91,5,Mid Value At Risk
16883.0,2011-06-05 12:51:00,187,2396.59,19,Mid Value At Risk
16812.0,2010-12-14 12:35:00,361,2392.0,4,Mid Value At Risk
15366.0,2011-09-25 15:01:00,75,2389.08,7,Active
17827.0,2011-12-04 15:00:00,5,2388.05,6,Active
14443.0,2011-10-17 10:10:00,54,2386.47,5,Active
16105.0,2011-04-05 10:13:00,249,2386.19,5,Mid Value At Risk
17623.0,2011-11-07 11:32:00,33,2383.67,7,Active
17905.0,2011-09-29 17:33:00,71,2383.52,13,Active
16065.0,2010-12-09 13:03:00,365,2382.62,8,Mid Value At Risk
14554.0,2011-11-29 16:44:00,10,2381.04,4,Active
17434.0,2011-12-07 13:16:00,2,2373.82,7,Active
17969.0,2011-06-26 13:00:00,166,2369.94,20,Mid Value At Risk
13908.0,2011-09-21 11:49:00,80,2369.55,4,Active
15015.0,2010-07-26 13:50:00,501,2365.02,13,Mid Value At Risk
14295.0,2011-10-30 15:50:00,40,2362.91,5,Active
17634.0,2011-11-03 13:09:00,36,2361.9700000000003,9,Active
16676.0,2011-11-06 12:01:00,34,2361.9,6,Active
13614.0,2011-11-15 14:47:00,24,2359.19,6,Active
16083.0,2011-08-31 10:47:00,101,2351.42,4,Active
15549.0,2011-09-23 16:22:00,77,2345.96,8,Active
16085.0,2011-11-16 13:24:00,23,2343.53,12,Active
12704.0,2011-12-02 13:15:00,7,2340.84,8,Active
17282.0,2011-08-01 14:29:00,130,2339.66,5,Mid Value At Risk
12584.0,2011-12-06 09:35:00,4,2338.15,9,Active
16496.0,2011-12-01 10:31:00,9,2330.77,6,Active
17313.0,2011-11-08 15:45:00,31,2328.84,1,Active
13280.0,2011-08-09 13:14:00,122,2322.63,7,Mid Value At Risk
17113.0,2010-05-14 13:59:00,574,2322.59,6,Mid Value At Risk
14938.0,2010-05-26 13:38:00,562,2322.43,2,Mid Value At Risk
13091.0,2011-11-11 15:54:00,28,2321.82,3,Active
13055.0,2011-09-22 14:26:00,78,2321.11,4,Active
16628.0,2011-11-10 12:45:00,30,2318.1,7,Active
12724.0,2011-12-04 16:02:00,5,2317.52,7,Active
12948.0,2011-11-23 17:10:00,16,2317.43,9,Active
14346.0,2011-08-11 09:47:00,121,2315.75,5,Mid Value At Risk
14555.0,2011-10-13 16:24:00,57,2315.63,6,Active
17994.0,2011-08-10 11:41:00,122,2313.32,11,Mid Value At Risk
13994.0,2011-12-06 11:05:00,4,2313.14,6,Active
14481.0,2011-06-28 10:38:00,165,2311.4900000000002,5,Mid Value At Risk
17193.0,2011-11-04 12:47:00,36,2310.04,9,Active
13704.0,2011-12-04 15:13:00,5,2308.06,9,Active
15946.0,2010-07-25 12:18:00,503,2304.18,3,Mid Value At Risk
13059.0,2011-04-04 10:40:00,250,2303.17,10,Mid Value At Risk
18095.0,2011-01-31 12:50:00,313,2303.09,5,Mid Value At Risk
17324.0,2011-11-22 10:34:00,18,2301.87,12,Active
16077.0,2010-03-24 10:42:00,626,2300.4,1,Mid Value At Risk
16531.0,2011-11-17 16:29:00,22,2298.33,11,Active
13371.0,2010-07-22 17:33:00,505,2297.66,2,Mid Value At Risk
12599.0,2011-11-10 13:34:00,29,2296.72,13,Active
16485.0,2011-09-23 15:50:00,77,2294.68,5,Active
12649.0,2011-08-24 14:41:00,107,2294.65,8,Active
14901.0,2011-11-28 17:09:00,11,2289.65,12,Active
17047.0,2011-09-15 13:27:00,85,2289.23,6,Active
17018.0,2011-10-30 11:42:00,41,2287.7,6,Active
12684.0,2011-12-02 09:53:00,8,2283.63,7,Active
18051.0,2010-03-15 13:58:00,634,2282.28,7,Mid Value At Risk
13655.0,2011-08-17 14:25:00,114,2280.51,6,Active
14462.0,2011-10-04 15:55:00,66,2270.01,12,Active
13748.0,2011-09-05 09:45:00,96,2268.35,9,Active
15638.0,2010-11-26 11:52:00,379,2265.2,6,Mid Value At Risk
16042.0,2011-11-17 17:50:00,22,2265.12,8,Active
15734.0,2011-08-17 10:50:00,115,2263.3,4,Active
16823.0,2011-04-26 15:00:00,227,2260.09,7,Mid Value At Risk
13814.0,2011-09-08 13:48:00,92,2257.32,3,Active
17180.0,2011-10-14 15:46:00,56,2256.98,11,Active
14432.0,2011-11-30 08:04:00,10,2255.51,6,Active
16350.0,2011-11-18 15:53:00,21,2253.89,9,Active
13662.0,2011-09-15 12:04:00,86,2250.11,11,Active
17414.0,2011-10-27 12:13:00,44,2249.52,6,Active
15865.0,2011-10-30 12:43:00,41,2248.92,5,Active
14644.0,2011-10-03 08:30:00,68,2247.72,7,Active
18215.0,2011-09-11 16:05:00,89,2247.4900000000002,5,Active
16177.0,2011-10-20 12:57:00,50,2247.31,8,Active
12868.0,2011-06-07 10:42:00,186,2247.06,8,Mid Value At Risk
16174.0,2011-08-05 13:26:00,126,2246.75,7,Mid Value At Risk
13627.0,2011-10-11 14:20:00,59,2245.9,7,Active
13407.0,2010-05-10 12:41:00,579,2244.7,3,Mid Value At Risk
17075.0,2011-11-22 11:58:00,18,2241.73,10,Active
15629.0,2010-09-15 13:46:00,450,2240.9,4,Mid Value At Risk
16551.0,2011-09-05 09:38:00,96,2237.12,7,Active
16108.0,2011-09-16 11:48:00,85,2235.92,4,Active
16221.0,2011-11-03 11:43:00,37,2235.5099999999998,9,Active
16076.0,2011-12-06 14:59:00,3,2234.73,10,Active
14177.0,2011-09-14 15:11:00,86,2229.34,13,Active
17460.0,2011-09-06 15:04:00,94,2228.27,16,Active
14472.0,2011-08-28 11:01:00,104,2228.22,9,Active
13320.0,2011-09-22 18:07:00,78,2228.1,6,Active
12783.0,2011-12-07 15:56:00,2,2225.91,6,Active
13365.0,2011-11-06 12:36:00,34,2225.37,2,Active
14467.0,2011-11-22 12:48:00,18,2220.9900000000002,12,Active
15550.0,2011-12-05 15:38:00,4,2218.8,12,Active
14321.0,2011-11-29 09:47:00,11,2218.06,7,Active
18177.0,2011-11-08 14:44:00,31,2216.87,9,Active
17648.0,2011-10-10 09:41:00,61,2216.37,5,Active
13478.0,2010-08-27 13:23:00,469,2215.78,5,Mid Value At Risk
14708.0,2011-12-07 08:21:00,3,2212.2799999999997,5,Active
15476.0,2010-11-24 15:17:00,380,2209.98,4,Mid Value At Risk
14834.0,2011-11-22 10:30:00,18,2206.16,7,Active
13410.0,2011-11-15 15:33:00,24,2201.96,9,Active
14597.0,2011-11-28 13:13:00,11,2201.54,6,Active
14006.0,2011-08-16 09:39:00,116,2196.67,7,Active
16317.0,2011-08-12 12:46:00,120,2192.51,5,Active
15934.0,2010-10-18 10:13:00,418,2190.66,2,Mid Value At Risk
14212.0,2011-09-11 12:45:00,90,2190.14,2,Active
17822.0,2010-10-15 13:47:00,420,2188.5,5,Mid Value At Risk
15864.0,2011-11-17 13:32:00,22,2180.76,7,Active
12856.0,2011-12-02 10:52:00,8,2179.93,6,Active
13610.0,2011-11-27 15:38:00,12,2175.88,14,Active
15649.0,2011-01-07 13:34:00,336,2170.35,4,Mid Value At Risk
12501.0,2011-01-07 12:28:00,337,2169.39,1,Mid Value At Risk
13888.0,2011-08-12 10:13:00,120,2169.05,7,Active
14595.0,2011-11-20 12:12:00,20,2164.45,8,Active
15944.0,2011-03-08 10:33:00,277,2164.24,4,Mid Value At Risk
13755.0,2011-12-06 12:26:00,4,2161.35,9,Active
14407.0,2011-08-24 14:02:00,107,2157.73,6,Active
16379.0,2011-12-05 15:38:00,4,2157.4,4,Active
13643.0,2011-11-08 15:37:00,31,2156.77,10,Active
13224.0,2011-10-10 14:55:00,60,2155.95,2,Active
18009.0,2011-04-18 13:36:00,235,2155.83,8,Mid Value At Risk
16966.0,2011-12-01 13:40:00,8,2154.97,7,Active
18116.0,2011-10-03 11:00:00,68,2154.3,13,Active
16600.0,2011-12-05 16:00:00,4,2153.41,13,Active
16275.0,2011-05-27 12:41:00,197,2151.11,3,Mid Value At Risk
18239.0,2011-05-05 12:38:00,219,2150.36,6,Mid Value At Risk
14216.0,2011-12-06 14:56:00,3,2150.04,5,Active
16716.0,2011-03-18 10:03:00,267,2149.6800000000003,3,Mid Value At Risk
17272.0,2011-10-28 16:37:00,42,2148.63,4,Active
16004.0,2010-08-22 11:48:00,475,2146.39,5,Mid Value At Risk
13152.0,2010-10-18 13:44:00,417,2146.38,7,Mid Value At Risk
16134.0,2011-11-18 10:05:00,22,2145.34,5,Active
12576.0,2011-11-04 10:11:00,36,2142.72,8,Active
13092.0,2011-09-30 11:18:00,71,2140.28,12,Active
14499.0,2011-11-13 13:01:00,26,2138.9700000000003,7,Active
12687.0,2010-08-16 12:12:00,481,2138.91,2,Mid Value At Risk
17029.0,2011-08-21 11:06:00,111,2137.3,7,Active
17305.0,2010-03-01 12:47:00,649,2135.46,1,Mid Value At Risk
12560.0,2011-12-04 13:54:00,5,2134.01,3,Active
16493.0,2011-09-21 11:10:00,80,2132.09,7,Active
13517.0,2011-10-11 11:43:00,60,2128.42,3,Active
14360.0,2011-11-08 09:12:00,32,2128.23,4,Active
14634.0,2010-09-28 10:40:00,438,2124.46,4,Mid Value At Risk
16807.0,2011-07-20 12:00:00,143,2123.88,6,Mid Value At Risk
16996.0,2011-11-09 16:43:00,30,2123.61,9,Active
14396.0,2011-10-05 16:09:00,65,2121.93,7,Active
15456.0,2011-03-01 13:51:00,283,2119.27,10,Mid Value At Risk
14691.0,2011-11-09 12:30:00,31,2114.33,5,Active
14399.0,2010-11-10 13:23:00,394,2113.16,8,Mid Value At Risk
14469.0,2010-10-19 14:30:00,416,2112.21,4,Mid Value At Risk
16201.0,2011-12-06 16:02:00,3,2112.12,5,Active
16054.0,2011-07-17 13:08:00,145,2111.88,4,Mid Value At Risk
16934.0,2011-10-16 12:40:00,55,2110.9900000000002,6,Active
12997.0,2011-11-17 15:47:00,22,2110.91,8,Active
13265.0,2011-10-17 15:02:00,53,2107.66,5,Active
15252.0,2011-11-03 13:30:00,36,2103.41,5,Active
14276.0,2011-09-02 09:45:00,99,2102.68,7,Active
15815.0,2011-10-07 12:42:00,64,2100.6,5,Active
12975.0,2010-09-29 09:46:00,437,2100.09,6,Mid Value At Risk
16510.0,2010-12-02 13:39:00,372,2100.0,6,Mid Value At Risk
17159.0,2011-11-18 10:52:00,22,2099.59,5,Active
12610.0,2011-11-17 09:34:00,23,2099.54,5,Active
17742.0,2011-08-18 15:28:00,113,2098.48,11,Active
13753.0,2011-02-25 12:48:00,288,2094.57,4,Mid Value At Risk
13591.0,2011-10-06 12:26:00,65,2093.94,7,Active
17585.0,2011-08-22 13:30:00,109,2093.3,7,Active
14723.0,2011-11-29 15:23:00,10,2093.06,11,Active
14896.0,2011-05-19 10:20:00,205,2092.42,8,Mid Value At Risk
16794.0,2011-12-08 17:54:00,1,2090.91,15,Active
16726.0,2011-11-13 14:53:00,26,2088.41,7,Active
15151.0,2010-10-12 16:37:00,423,2085.61,2,Mid Value At Risk
15272.0,2011-10-13 12:59:00,57,2085.48,6,Active
17705.0,2011-12-06 13:45:00,3,2083.9,11,Active
17289.0,2011-11-08 12:01:00,32,2079.39,9,Active
18026.0,2010-07-27 10:37:00,501,2074.07,2,Mid Value At Risk
17048.0,2011-08-14 11:49:00,118,2071.68,7,Active
17126.0,2011-07-10 13:52:00,152,2070.44,9,Mid Value At Risk
16290.0,2010-09-01 11:52:00,465,2069.3,4,Mid Value At Risk
15164.0,2011-10-02 12:05:00,69,2068.92,9,Active
14988.0,2011-05-12 12:05:00,212,2066.6,7,Mid Value At Risk
12586.0,2011-11-22 16:24:00,17,2062.67,4,Active
13476.0,2011-06-14 12:00:00,179,2061.4700000000003,5,Mid Value At Risk
18258.0,2010-09-01 14:20:00,464,2059.67,6,Mid Value At Risk
14623.0,2011-11-07 13:56:00,32,2059.58,10,Active
17633.0,2011-11-08 13:25:00,31,2057.39,7,Active
12518.0,2011-12-09 10:13:00,1,2056.89,5,Active
16891.0,2011-12-08 11:15:00,2,2056.82,11,Active
15253.0,2011-11-23 16:22:00,16,2055.09,8,Active
14188.0,2011-11-09 12:45:00,31,2054.36,6,Active
16235.0,2011-10-30 10:56:00,41,2053.71,9,Active
16176.0,2010-10-14 13:54:00,421,2052.69,4,Mid Value At Risk
17086.0,2011-12-02 13:54:00,7,2050.08,6,Active
13874.0,2010-12-16 18:20:00,358,2049.15,7,Mid Value At Risk
13984.0,2011-11-13 12:38:00,27,2048.6,12,Active
16027.0,2011-09-09 10:47:00,92,2048.36,15,Active
14232.0,2011-10-28 11:09:00,43,2048.07,5,Active
17666.0,2011-12-06 09:06:00,4,2047.8,5,Active
13663.0,2011-06-13 15:44:00,179,2047.51,5,Mid Value At Risk
14000.0,2011-05-12 16:50:00,211,2046.3400000000001,5,Mid Value At Risk
15473.0,2011-11-25 15:15:00,14,2046.0,8,Active
16960.0,2011-11-01 11:35:00,39,2043.43,8,Active
12585.0,2011-04-19 13:39:00,234,2040.1,2,Mid Value At Risk
15506.0,2011-11-17 12:11:00,23,2040.03,6,Active
16214.0,2011-06-22 11:30:00,171,2038.25,4,Mid Value At Risk
16331.0,2010-10-03 13:47:00,432,2037.7,6,Mid Value At Risk
14225.0,2010-10-01 10:32:00,435,2037.02,4,Mid Value At Risk
13705.0,2011-12-02 12:32:00,8,2035.33,7,Active
14651.0,2011-10-03 15:52:00,67,2034.1200000000001,9,Active
17846.0,2011-09-15 15:20:00,85,2033.1,1,Active
13630.0,2011-12-04 15:16:00,5,2031.78,7,Active
17337.0,2011-07-11 14:55:00,151,2027.8700000000001,4,Mid Value At Risk
15384.0,2011-06-23 10:57:00,170,2027.79,4,Mid Value At Risk
12873.0,2011-03-02 14:58:00,282,2027.3,3,Mid Value At Risk
13989.0,2011-10-05 09:47:00,66,2026.06,5,Active
14631.0,2011-10-20 11:17:00,51,2025.69,6,Active
15478.0,2011-10-30 14:19:00,40,2024.98,3,Active
17227.0,2011-11-21 10:51:00,19,2022.03,12,Active
12418.0,2011-08-19 11:08:00,113,2021.2,4,Active
13696.0,2010-10-14 09:44:00,422,2020.4,3,Mid Value At Risk
12348.0,2011-09-25 13:13:00,75,2019.4,5,Active
16197.0,2010-08-27 12:56:00,469,2016.71,9,Mid Value At Risk
17152.0,2011-05-29 12:19:00,195,2016.5,4,Mid Value At Risk
16529.0,2011-06-02 17:23:00,190,2012.0,4,Mid Value At Risk
13693.0,2010-11-30 18:21:00,374,2011.82,9,Mid Value At Risk
16332.0,2011-11-11 14:22:00,28,2010.41,11,Active
15990.0,2011-10-26 15:58:00,44,2010.05,7,Active
15531.0,2011-12-01 18:43:00,8,2007.44,2,Active
14730.0,2011-12-08 14:39:00,1,2005.06,8,Active
14628.0,2011-09-09 14:58:00,91,1998.0,5,Active
16698.0,2011-04-27 10:52:00,227,1998.0,2,Mid Value At Risk
14152.0,2011-09-25 12:54:00,75,1997.3400000000001,7,Active
18204.0,2011-09-29 16:44:00,71,1993.7,3,Active
15481.0,2010-11-03 14:52:00,401,1993.34,1,Mid Value At Risk
14301.0,2011-08-14 15:33:00,117,1992.18,4,Active
13889.0,2011-09-08 09:13:00,93,1991.23,6,Active
17088.0,2011-11-11 14:23:00,28,1991.01,4,Active
13208.0,2011-10-12 09:54:00,59,1988.5,9,Active
17351.0,2011-11-03 18:45:00,36,1988.23,12,Active
17797.0,2011-11-17 13:21:00,22,1985.87,8,Active
14967.0,2011-10-21 11:06:00,50,1982.6100000000001,6,Active
15192.0,2011-08-12 11:41:00,120,1981.39,5,Active
13725.0,2011-10-21 10:03:00,50,1980.56,8,Active
12582.0,2011-04-15 08:45:00,239,1980.4,4,Mid Value At Risk
17158.0,2011-11-07 15:15:00,32,1980.0,5,Active
15030.0,2011-09-29 10:50:00,72,1979.91,8,Active
15795.0,2011-07-13 10:43:00,150,1979.8700000000001,8,Mid Value At Risk
17966.0,2011-11-02 10:26:00,38,1974.42,10,Active
14905.0,2011-07-05 12:41:00,158,1971.39,8,Mid Value At Risk
17997.0,2011-09-26 16:13:00,74,1970.6699999999998,8,Active
12674.0,2011-11-01 12:12:00,39,1970.6,4,Active
16032.0,2010-09-09 18:00:00,456,1970.45,6,Mid Value At Risk
14477.0,2011-11-20 11:11:00,20,1969.6,7,Active
13838.0,2011-12-04 11:00:00,6,1966.09,10,Active
15081.0,2011-11-17 17:08:00,22,1965.72,12,Active
16233.0,2011-09-29 17:27:00,71,1965.71,9,Active
12399.0,2011-08-12 13:15:00,119,1962.3,7,Active
15789.0,2010-12-16 14:35:00,358,1962.01,6,Mid Value At Risk
18016.0,2011-11-07 13:25:00,32,1960.46,7,Active
17039.0,2010-04-14 12:56:00,604,1954.99,1,Mid Value At Risk
17135.0,2011-11-23 16:48:00,16,1954.16,10,Active
14794.0,2011-12-07 10:11:00,3,1953.9,10,Active
17554.0,2011-12-08 14:15:00,1,1952.45,5,Active
13761.0,2011-10-20 14:01:00,50,1952.17,6,Active
15885.0,2011-09-08 10:43:00,93,1951.82,15,Active
16993.0,2010-09-02 12:16:00,464,1950.9499999999998,2,Mid Value At Risk
16788.0,2011-08-08 14:53:00,123,1950.3,5,Mid Value At Risk
14014.0,2011-09-23 13:18:00,77,1948.21,3,Active
15425.0,2010-11-04 18:13:00,400,1944.57,4,Mid Value At Risk
14332.0,2011-11-17 11:54:00,23,1943.51,5,Active
15620.0,2011-10-14 12:41:00,57,1942.36,4,Active
13276.0,2011-10-07 12:44:00,64,1939.26,5,Active
12385.0,2010-11-25 15:14:00,379,1938.4,1,Mid Value At Risk
16619.0,2011-03-21 08:18:00,264,1938.33,4,Mid Value At Risk
14418.0,2011-12-06 11:39:00,4,1937.25,3,Active
15605.0,2011-11-03 14:17:00,36,1936.8,9,Active
15561.0,2011-11-28 11:07:00,12,1934.3899999999999,8,Active
12528.0,2011-11-30 14:40:00,9,1933.48,6,Active
12531.0,2011-11-25 11:12:00,15,1933.2,2,Active
16859.0,2011-07-18 12:19:00,145,1932.41,7,Mid Value At Risk
16770.0,2011-10-13 12:21:00,58,1932.13,9,Active
15803.0,2011-10-19 14:56:00,51,1929.66,4,Active
17236.0,2011-11-27 12:00:00,13,1929.26,12,Active
13029.0,2011-11-09 09:13:00,31,1927.3,5,Active
14710.0,2011-11-25 14:53:00,14,1922.59,13,Active
14492.0,2010-10-05 13:21:00,430,1921.91,7,Mid Value At Risk
16681.0,2011-09-28 11:11:00,73,1921.84,7,Active
18220.0,2011-04-27 09:03:00,227,1921.76,6,Mid Value At Risk
16942.0,2011-11-27 12:40:00,13,1920.59,9,Active
12644.0,2011-08-02 10:33:00,130,1918.49,4,Mid Value At Risk
12842.0,2011-09-30 15:33:00,70,1917.99,4,Active
16650.0,2011-09-29 09:51:00,72,1916.11,7,Active
16555.0,2011-11-04 14:31:00,35,1915.68,6,Active
16692.0,2011-03-28 14:46:00,256,1914.6999999999998,4,Mid Value At Risk
16426.0,2011-12-07 14:01:00,2,1908.25,10,Active
12947.0,2011-07-19 10:06:00,144,1908.03,6,Mid Value At Risk
17046.0,2011-07-05 14:24:00,157,1906.07,5,Mid Value At Risk
17350.0,2011-12-01 15:47:00,8,1906.041,7,Active
13503.0,2011-09-29 13:23:00,71,1905.39,6,Active
17235.0,2011-11-14 15:51:00,25,1904.8799999999999,8,Active
14250.0,2011-12-02 14:30:00,7,1904.05,3,Active
14127.0,2011-08-09 10:49:00,123,1900.0800000000002,6,Mid Value At Risk
16049.0,2011-10-30 13:19:00,40,1899.68,6,Active
12762.0,2011-12-02 10:23:00,8,1898.52,2,Active
14389.0,2011-10-05 15:17:00,65,1898.01,5,Active
14224.0,2011-08-21 13:24:00,110,1897.9,9,Active
14741.0,2011-11-28 08:48:00,12,1897.59,7,Active
17560.0,2011-09-06 09:18:00,95,1895.8,8,Active
14327.0,2011-06-29 13:58:00,163,1894.93,6,Mid Value At Risk
17609.0,2011-10-30 12:28:00,41,1894.34,11,Active
15248.0,2010-10-24 13:09:00,411,1893.93,3,Mid Value At Risk
15678.0,2011-10-18 09:25:00,53,1893.89,3,Active
16631.0,2010-08-15 11:20:00,482,1892.52,7,Mid Value At Risk
15381.0,2011-05-10 11:55:00,214,1890.5700000000002,5,Mid Value At Risk
17341.0,2011-07-06 12:33:00,157,1889.83,5,Mid Value At Risk
17259.0,2011-07-14 15:01:00,148,1889.34,6,Mid Value At Risk
14912.0,2011-11-23 09:20:00,17,1889.25,6,Active
13884.0,2011-12-02 16:30:00,7,1888.48,10,Active
16172.0,2011-09-05 13:22:00,95,1884.55,8,Active
14130.0,2011-01-24 16:05:00,319,1882.67,4,Mid Value At Risk
16725.0,2011-02-10 16:52:00,302,1882.11,14,Mid Value At Risk
14403.0,2011-08-01 12:57:00,130,1880.51,6,Mid Value At Risk
16660.0,2011-11-23 14:53:00,16,1879.55,7,Active
18151.0,2011-07-28 11:35:00,135,1879.44,6,Mid Value At Risk
15197.0,2011-11-29 10:00:00,11,1877.51,6,Active
13946.0,2011-09-21 13:33:00,79,1876.23,6,Active
13168.0,2011-11-03 12:56:00,36,1875.31,5,Active
12494.0,2011-11-24 09:34:00,16,1872.8700000000001,9,Active
16474.0,2011-12-02 13:02:00,7,1871.5,7,Active
14887.0,2011-09-21 15:32:00,79,1862.0,1,Active
14305.0,2011-09-29 15:29:00,71,1858.96,3,Active
17974.0,2011-11-15 11:37:00,25,1858.06,6,Active
16917.0,2011-03-08 11:55:00,277,1857.83,2,Mid Value At Risk
16043.0,2011-11-02 12:50:00,38,1856.5900000000001,8,Active
12383.0,2011-06-08 08:02:00,185,1850.56,5,Mid Value At Risk
12381.0,2011-12-05 12:44:00,5,1845.31,5,Active
12507.0,2011-07-28 17:09:00,134,1844.06,4,Mid Value At Risk
18180.0,2011-12-05 08:39:00,5,1843.75,6,Active
12694.0,2011-09-30 13:06:00,70,1843.35,3,Active
12950.0,2011-12-07 13:17:00,2,1843.0,3,Active
15201.0,2011-09-13 14:53:00,87,1842.95,7,Active
17015.0,2011-11-11 10:45:00,29,1842.56,3,Active
16102.0,2011-10-28 13:19:00,42,1842.14,3,Active
14553.0,2011-11-20 13:20:00,19,1841.54,9,Active
16880.0,2011-11-09 11:33:00,31,1840.86,8,Active
14715.0,2011-11-15 12:10:00,25,1840.45,8,Active
17919.0,2011-09-12 13:41:00,88,1840.32,2,Active
15822.0,2011-12-06 14:50:00,3,1840.06,6,Active
14870.0,2011-03-23 10:51:00,262,1838.95,6,Mid Value At Risk
13924.0,2011-12-08 09:39:00,2,1838.8500000000001,6,Active
16175.0,2011-09-06 14:32:00,94,1836.44,7,Active
16205.0,2011-11-09 09:32:00,31,1830.61,7,Active
15402.0,2011-07-14 12:17:00,149,1830.54,6,Mid Value At Risk
16152.0,2011-03-16 09:47:00,269,1829.04,1,Mid Value At Risk
15339.0,2011-10-04 12:51:00,66,1827.84,7,Active
16797.0,2010-11-11 19:14:00,393,1827.77,5,Mid Value At Risk
16825.0,2011-11-01 11:51:00,39,1826.89,5,Active
18122.0,2011-12-01 13:08:00,8,1826.21,6,Active
17244.0,2011-10-17 15:19:00,53,1826.04,5,Active
17642.0,2011-08-12 09:11:00,120,1824.49,5,Active
16169.0,2011-12-01 15:28:00,8,1822.97,4,Active
14738.0,2011-10-28 08:56:00,43,1821.9,9,Active
13561.0,2011-05-08 12:39:00,216,1820.72,11,Mid Value At Risk
17888.0,2011-11-18 13:45:00,21,1820.44,25,Active
17828.0,2011-11-17 08:41:00,23,1820.09,4,Active
16110.0,2011-10-25 14:35:00,45,1819.27,4,Active
16511.0,2011-11-18 10:41:00,22,1819.02,6,Active
15807.0,2011-10-20 14:10:00,50,1817.52,5,Active
15736.0,2010-09-30 14:20:00,435,1815.72,2,Mid Value At Risk
16634.0,2011-05-01 12:09:00,223,1814.61,6,Mid Value At Risk
15530.0,2011-11-18 12:25:00,22,1813.72,5,Active
14704.0,2011-11-28 12:51:00,11,1813.57,11,Active
14915.0,2011-09-09 13:34:00,91,1811.25,11,Active
15972.0,2010-09-09 13:20:00,456,1810.27,5,Mid Value At Risk
16595.0,2011-10-09 13:15:00,61,1810.18,5,Active
14893.0,2011-11-30 12:31:00,10,1809.6100000000001,3,Active
15133.0,2011-08-04 10:44:00,128,1806.9,5,Mid Value At Risk
15889.0,2011-07-06 11:10:00,157,1806.28,8,Mid Value At Risk
18096.0,2011-11-28 12:44:00,12,1805.28,6,Active
12784.0,2011-11-30 15:38:00,9,1804.75,3,Active
18161.0,2011-11-24 16:40:00,15,1803.1000000000001,6,Active
16249.0,2011-10-18 10:07:00,53,1800.07,5,Active
15452.0,2011-11-10 12:13:00,30,1799.1100000000001,6,Active
16348.0,2011-11-07 15:44:00,32,1798.22,8,Active
17750.0,2011-12-04 14:09:00,5,1797.57,9,Active
18235.0,2011-09-29 08:27:00,72,1796.48,3,Active
18236.0,2011-11-10 08:06:00,30,1795.3500000000001,12,Active
17165.0,2011-02-28 16:39:00,284,1794.32,6,Mid Value At Risk
14850.0,2011-02-01 11:21:00,312,1794.01,7,Mid Value At Risk
13782.0,2011-11-27 11:54:00,13,1793.72,13,Active
17603.0,2011-09-22 14:18:00,78,1793.48,4,Active
13711.0,2011-05-05 10:31:00,219,1792.26,9,Mid Value At Risk
13375.0,2011-09-12 10:19:00,89,1792.23,2,Active
12369.0,2010-10-22 13:13:00,413,1791.15,3,Mid Value At Risk
15608.0,2011-11-11 13:20:00,28,1785.98,5,Active
16611.0,2011-06-06 15:46:00,186,1785.13,6,Mid Value At Risk
15128.0,2011-10-10 13:54:00,60,1783.68,5,Active
14583.0,2011-12-04 12:32:00,6,1781.03,8,Active
16380.0,2011-10-09 15:40:00,61,1780.59,1,Active
18214.0,2010-06-27 11:21:00,531,1780.34,4,Mid Value At Risk
15220.0,2011-10-19 12:39:00,52,1778.96,6,Active
12458.0,2011-09-29 15:25:00,71,1777.49,4,Active
12908.0,2011-06-16 15:39:00,176,1776.0,5,Mid Value At Risk
12778.0,2011-11-20 11:30:00,20,1775.68,9,Active
13920.0,2010-10-04 12:37:00,432,1774.68,4,Mid Value At Risk
16124.0,2011-01-26 14:45:00,317,1772.49,4,Mid Value At Risk
15594.0,2011-11-24 08:53:00,16,1771.78,5,Active
16374.0,2011-10-04 15:21:00,66,1771.45,5,Active
17813.0,2011-11-25 16:13:00,14,1770.8799999999999,5,Active
14387.0,2011-11-07 12:29:00,33,1770.56,3,Active
14933.0,2010-09-22 10:47:00,444,1770.0,4,Mid Value At Risk
13456.0,2011-11-22 09:18:00,18,1766.72,6,Active
16751.0,2011-11-09 10:48:00,31,1764.72,1,Active
13648.0,2010-11-04 14:46:00,400,1764.02,8,Mid Value At Risk
13717.0,2011-11-07 14:13:00,32,1763.3,8,Active
15777.0,2011-04-12 16:43:00,241,1762.61,7,Mid Value At Risk
16620.0,2011-12-06 12:19:00,4,1758.93,6,Active
14522.0,2011-11-15 13:24:00,24,1758.6200000000001,8,Active
16266.0,2011-09-27 12:08:00,74,1757.95,14,Active
12809.0,2011-06-15 10:51:00,178,1755.94,3,Mid Value At Risk
17432.0,2011-11-21 17:33:00,18,1751.39,9,Active
13155.0,2011-11-06 15:41:00,33,1750.18,6,Active
16639.0,2011-11-08 13:20:00,31,1747.98,4,Active
14584.0,2011-06-23 18:33:00,169,1747.91,8,Mid Value At Risk
13808.0,2011-12-04 12:18:00,6,1747.66,5,Active
15976.0,2011-06-27 13:00:00,165,1746.6399999999999,6,Mid Value At Risk
17695.0,2011-07-31 10:40:00,132,1746.04,5,Mid Value At Risk
14692.0,2011-07-25 15:08:00,137,1745.09,12,Mid Value At Risk
14236.0,2011-09-20 09:13:00,81,1744.64,5,Active
17190.0,2011-10-12 11:33:00,59,1743.04,7,Active
12425.0,2011-09-22 17:31:00,78,1741.41,2,Active
17321.0,2011-12-01 13:41:00,8,1741.18,6,Active
16087.0,2010-11-15 16:44:00,389,1739.92,5,Mid Value At Risk
13531.0,2011-05-18 16:56:00,205,1738.52,6,Mid Value At Risk
13240.0,2011-09-04 14:08:00,96,1738.52,8,Active
14075.0,2011-12-05 08:38:00,5,1734.87,6,Active
17268.0,2011-08-24 10:06:00,108,1733.8899999999999,11,Active
13026.0,2011-12-08 16:58:00,1,1733.08,9,Active
14400.0,2011-07-13 15:50:00,149,1732.47,3,Mid Value At Risk
16809.0,2011-11-16 15:45:00,23,1727.43,9,Active
15730.0,2011-10-05 12:31:00,66,1726.58,5,Active
14304.0,2011-05-01 11:50:00,223,1725.01,3,Mid Value At Risk
16010.0,2011-04-08 10:14:00,246,1724.06,11,Mid Value At Risk
13363.0,2011-11-22 12:40:00,18,1723.86,3,Active
17451.0,2011-12-08 15:02:00,1,1721.4,7,Active
16899.0,2011-12-02 12:03:00,8,1721.02,8,Active
16119.0,2011-12-01 15:11:00,8,1720.81,8,Active
15267.0,2011-11-17 15:59:00,22,1717.36,5,Active
14021.0,2011-07-07 15:46:00,155,1716.58,7,Mid Value At Risk
17162.0,2011-11-11 11:34:00,29,1715.46,10,Active
14987.0,2011-11-24 09:59:00,16,1713.85,8,Active
14447.0,2011-11-21 08:28:00,19,1711.73,6,Active
13665.0,2010-11-18 13:06:00,386,1711.6599999999999,3,Mid Value At Risk
16654.0,2011-07-21 15:23:00,141,1711.47,8,Mid Value At Risk
12405.0,2011-07-14 08:52:00,149,1710.39,1,Mid Value At Risk
15551.0,2011-11-03 12:37:00,37,1710.08,7,Active
13104.0,2011-12-06 13:10:00,3,1709.1,9,Active
17731.0,2011-09-21 15:02:00,79,1708.99,6,Active
15607.0,2011-01-07 12:44:00,337,1708.97,9,Mid Value At Risk
15947.0,2011-09-18 10:46:00,83,1708.24,1,Active
13566.0,2011-10-30 11:59:00,41,1708.1200000000001,5,Active
12407.0,2011-10-21 10:11:00,50,1708.1200000000001,5,Active
16768.0,2011-10-23 10:38:00,48,1708.12,9,Active
16907.0,2011-11-10 18:04:00,29,1707.9,9,Active
16902.0,2011-08-15 14:17:00,116,1706.88,1,Active
13309.0,2011-12-02 16:34:00,7,1706.3700000000001,6,Active
16398.0,2011-07-08 15:16:00,154,1705.8,2,Mid Value At Risk
14859.0,2011-11-27 11:18:00,13,1705.64,5,Active
17571.0,2011-10-20 15:57:00,50,1703.75,5,Active
16329.0,2010-10-08 12:44:00,428,1703.07,4,Mid Value At Risk
12693.0,2011-08-04 17:51:00,127,1703.02,7,Mid Value At Risk
15911.0,2010-03-26 12:06:00,624,1702.34,8,Mid Value At Risk
13184.0,2011-11-25 12:02:00,15,1701.29,10,Active
15326.0,2011-01-10 11:38:00,334,1700.52,5,Mid Value At Risk
12932.0,2010-06-18 14:22:00,539,1698.56,8,Mid Value At Risk
17694.0,2011-07-21 12:00:00,142,1695.97,3,Mid Value At Risk
12764.0,2011-01-27 10:19:00,317,1693.88,1,Mid Value At Risk
14245.0,2011-05-04 08:40:00,220,1693.45,2,Mid Value At Risk
16813.0,2011-12-01 14:03:00,8,1692.98,10,Active
14829.0,2011-11-10 16:16:00,29,1692.84,7,Active
14078.0,2011-08-30 12:16:00,102,1692.6299999999999,9,Active
16671.0,2011-11-11 13:40:00,28,1692.27,3,Active
13294.0,2011-06-03 08:54:00,190,1689.53,3,Mid Value At Risk
12813.0,2010-07-26 09:50:00,502,1687.8,3,Mid Value At Risk
12933.0,2011-11-15 16:38:00,24,1687.03,8,Active
15996.0,2011-09-12 15:14:00,88,1686.9,7,Active
17041.0,2011-11-13 11:21:00,27,1686.28,6,Active
12775.0,2011-11-22 16:33:00,17,1686.12,7,Active
13516.0,2011-11-18 13:15:00,21,1685.26,4,Active
15987.0,2011-11-27 15:38:00,12,1682.13,8,Active
15732.0,2011-05-11 14:24:00,212,1682.07,10,Mid Value At Risk
13064.0,2011-11-27 12:31:00,13,1680.74,6,Active
12911.0,2010-06-06 12:13:00,552,1680.47,1,Mid Value At Risk
14643.0,2011-06-22 14:41:00,170,1679.89,5,Mid Value At Risk
13800.0,2011-02-03 12:27:00,310,1679.56,3,Mid Value At Risk
13649.0,2011-03-28 11:51:00,257,1678.88,6,Mid Value At Risk
12870.0,2010-11-29 13:42:00,375,1676.95,3,Mid Value At Risk
14831.0,2010-01-28 14:31:00,680,1676.57,3,Mid Value At Risk
13149.0,2011-11-25 13:09:00,14,1676.06,4,Active
17656.0,2011-09-27 13:04:00,73,1674.69,5,Active
13587.0,2011-10-07 12:31:00,64,1673.5,4,Active
13308.0,2011-11-17 09:31:00,23,1670.3700000000001,4,Active
13417.0,2011-12-05 08:49:00,5,1669.49,6,Active
17534.0,2011-10-17 12:47:00,54,1668.83,5,Active
13434.0,2011-09-26 14:30:00,74,1666.8600000000001,5,Active
12912.0,2011-12-07 08:55:00,3,1662.3,5,Active
15214.0,2011-12-08 12:07:00,2,1661.44,8,Active
15167.0,2011-01-23 12:41:00,321,1659.67,5,Mid Value At Risk
18276.0,2011-10-27 10:54:00,44,1656.52,6,Active
16625.0,2011-03-10 12:50:00,275,1654.03,5,Mid Value At Risk
12577.0,2011-11-04 13:24:00,35,1653.75,8,Active
18022.0,2011-11-04 12:45:00,36,1651.79,5,Active
18085.0,2011-01-13 15:17:00,330,1645.75,4,Mid Value At Risk
12657.0,2011-11-28 15:47:00,11,1643.18,4,Active
15013.0,2010-08-09 12:05:00,488,1641.3,10,Mid Value At Risk
14904.0,2011-12-07 12:55:00,2,1640.64,4,Active
13506.0,2011-01-27 13:53:00,316,1639.2,5,Mid Value At Risk
14420.0,2011-09-01 18:07:00,99,1639.17,4,Active
13554.0,2010-11-24 15:05:00,380,1638.28,7,Mid Value At Risk
12847.0,2011-11-17 13:16:00,22,1636.8999999999999,2,Active
17006.0,2011-12-05 12:09:00,5,1636.32,8,Active
17951.0,2011-10-31 12:30:00,40,1636.0800000000002,4,Active
12398.0,2011-10-25 10:27:00,46,1635.6599999999999,1,Active
15310.0,2010-08-18 11:38:00,479,1634.64,1,Mid Value At Risk
18062.0,2011-06-19 14:47:00,173,1632.67,6,Mid Value At Risk
14164.0,2011-09-30 12:24:00,71,1631.77,2,Active
18136.0,2011-10-07 15:40:00,63,1631.3600000000001,5,Active
16256.0,2011-03-18 12:18:00,267,1629.37,3,Mid Value At Risk
14759.0,2011-12-05 12:03:00,5,1625.97,3,Active
13154.0,2010-11-05 16:00:00,399,1624.84,3,Mid Value At Risk
18149.0,2011-10-20 12:04:00,51,1624.71,7,Active
15172.0,2011-12-01 11:51:00,9,1624.05,5,Active
17764.0,2011-10-20 11:03:00,51,1623.64,5,Active
14937.0,2011-10-14 12:29:00,57,1621.88,3,Active
17867.0,2011-11-09 14:15:00,30,1621.2800000000002,15,Active
14178.0,2011-12-01 12:01:00,9,1620.93,7,Active
12379.0,2011-09-19 10:09:00,82,1620.22,4,Active
14695.0,2010-07-08 14:18:00,519,1620.07,3,Mid Value At Risk
15422.0,2011-01-20 16:17:00,323,1619.97,7,Mid Value At Risk
16801.0,2011-06-29 15:33:00,163,1619.73,4,Mid Value At Risk
17515.0,2011-11-08 14:04:00,31,1617.46,9,Active
17814.0,2010-11-29 14:21:00,375,1617.32,2,Mid Value At Risk
16224.0,2011-10-13 17:51:00,57,1616.54,5,Active
16461.0,2011-06-15 12:07:00,178,1615.22,3,Mid Value At Risk
14336.0,2011-11-23 11:40:00,17,1614.91,4,Active
16860.0,2010-09-13 10:05:00,453,1610.62,3,Mid Value At Risk
13900.0,2011-06-09 19:26:00,183,1610.59,6,Mid Value At Risk
13249.0,2011-09-08 13:26:00,92,1608.93,9,Active
17886.0,2011-11-08 10:09:00,32,1608.38,6,Active
17853.0,2010-10-28 15:29:00,407,1608.19,3,Mid Value At Risk
14920.0,2011-05-11 10:32:00,213,1607.17,3,Mid Value At Risk
17222.0,2011-10-05 13:58:00,65,1605.01,6,Active
17345.0,2011-11-24 15:03:00,15,1604.68,10,Active
14719.0,2011-12-08 12:43:00,2,1602.13,5,Active
15325.0,2011-08-28 11:55:00,104,1602.01,8,Active
14587.0,2011-11-21 11:34:00,19,1601.14,9,Active
14885.0,2011-07-31 12:05:00,132,1598.12,3,Mid Value At Risk
13740.0,2011-04-13 10:32:00,241,1597.77,5,Mid Value At Risk
12514.0,2011-03-17 16:38:00,267,1597.76,2,Mid Value At Risk
15134.0,2011-11-25 08:55:00,15,1596.29,10,Active
13850.0,2011-08-02 14:04:00,129,1595.48,1,Mid Value At Risk
13239.0,2011-03-23 10:25:00,262,1594.69,5,Mid Value At Risk
16774.0,2011-10-03 12:41:00,68,1594.45,8,Active
17028.0,2010-05-07 15:33:00,581,1593.83,3,Mid Value At Risk
17837.0,2011-10-28 16:13:00,42,1593.38,8,Active
15289.0,2011-11-10 13:49:00,29,1593.09,5,Active
13752.0,2011-08-07 14:16:00,124,1590.73,7,Mid Value At Risk
17540.0,2011-11-15 11:56:00,25,1590.6000000000001,6,Active
16092.0,2011-08-17 10:46:00,115,1587.94,6,Active
13156.0,2010-11-19 13:09:00,385,1586.54,3,Mid Value At Risk
16096.0,2011-03-20 13:38:00,264,1584.97,4,Mid Value At Risk
15279.0,2010-12-20 10:48:00,355,1580.54,5,Mid Value At Risk
13202.0,2010-11-10 16:24:00,394,1580.3,7,Mid Value At Risk
12607.0,2011-10-10 16:06:00,60,1579.51,1,Active
17649.0,2011-07-24 15:53:00,138,1578.89,3,Mid Value At Risk
13186.0,2011-10-31 11:40:00,40,1575.89,3,Active
12549.0,2010-05-13 12:05:00,576,1575.68,6,Mid Value At Risk
13337.0,2010-06-11 13:27:00,546,1575.26,1,Mid Value At Risk
14489.0,2011-05-16 14:51:00,207,1574.93,4,Mid Value At Risk
16099.0,2011-10-20 13:13:00,50,1573.2,7,Active
15466.0,2011-09-15 14:08:00,85,1571.01,4,Active
14136.0,2010-11-04 11:53:00,401,1570.81,5,Mid Value At Risk
14198.0,2011-11-21 16:35:00,18,1569.73,9,Active
13539.0,2011-09-15 10:18:00,86,1569.3600000000001,7,Active
17624.0,2011-11-25 10:52:00,15,1568.63,4,Active
15074.0,2011-08-26 14:45:00,105,1566.33,3,Active
17977.0,2011-11-10 13:28:00,29,1565.6299999999999,2,Active
17323.0,2011-11-24 17:29:00,15,1565.59,12,Active
18036.0,2011-11-07 14:40:00,32,1563.6399999999999,11,Active
17851.0,2010-10-13 15:13:00,422,1563.34,6,Mid Value At Risk
13939.0,2011-11-16 13:33:00,23,1560.96,7,Active
12629.0,2010-11-19 09:18:00,386,1558.22,2,Mid Value At Risk
16140.0,2011-10-05 12:15:00,66,1557.6000000000001,3,Active
13042.0,2010-04-20 13:43:00,598,1556.54,3,Mid Value At Risk
16394.0,2011-10-14 09:48:00,57,1555.34,5,Active
15149.0,2011-07-29 10:58:00,134,1554.6100000000001,5,Mid Value At Risk
16017.0,2011-10-23 12:56:00,47,1553.83,5,Active
13360.0,2010-10-04 12:37:00,432,1553.65,4,Mid Value At Risk
13377.0,2010-11-08 12:20:00,397,1552.88,2,Mid Value At Risk
14186.0,2010-10-08 13:30:00,427,1550.63,5,Mid Value At Risk
14754.0,2011-10-26 12:01:00,45,1550.48,6,Active
12926.0,2010-10-24 15:57:00,411,1548.46,4,Mid Value At Risk
16366.0,2011-11-21 08:19:00,19,1548.1299999999999,4,Active
17454.0,2011-05-31 13:58:00,192,1547.94,10,Mid Value At Risk
16790.0,2011-12-06 11:53:00,4,1545.6200000000001,6,Active
16915.0,2011-11-30 16:39:00,9,1543.18,11,Active
15701.0,2011-12-07 14:39:00,2,1542.14,4,Active
13783.0,2010-08-09 09:23:00,488,1542.09,4,Mid Value At Risk
18252.0,2011-10-20 12:43:00,51,1542.09,7,Active
12818.0,2011-03-23 12:06:00,262,1542.08,1,Mid Value At Risk
13310.0,2011-11-11 17:23:00,28,1541.2,5,Active
13579.0,2011-11-25 08:41:00,15,1539.04,5,Active
16835.0,2011-08-03 13:50:00,128,1538.41,6,Mid Value At Risk
15798.0,2010-08-04 09:13:00,493,1535.37,3,Mid Value At Risk
13402.0,2011-08-04 15:51:00,127,1535.13,4,Mid Value At Risk
16491.0,2011-10-24 10:18:00,47,1533.16,2,Active
14567.0,2011-10-14 10:21:00,57,1530.3600000000001,2,Active
16714.0,2011-05-05 11:09:00,219,1529.8,4,Mid Value At Risk
17610.0,2010-06-17 16:34:00,540,1529.49,5,Mid Value At Risk
14068.0,2011-01-23 16:02:00,320,1528.3700000000001,4,Mid Value At Risk
17990.0,2011-04-17 11:44:00,237,1527.6100000000001,6,Mid Value At Risk
16340.0,2011-08-24 14:53:00,107,1526.06,3,Active
12970.0,2011-12-02 14:30:00,7,1524.97,10,Active
15587.0,2011-10-20 13:37:00,50,1522.0800000000002,7,Active
16066.0,2011-11-23 11:54:00,17,1521.87,5,Active
14055.0,2011-08-25 15:04:00,106,1520.96,3,Active
15574.0,2011-06-15 12:01:00,178,1518.7,6,Mid Value At Risk
14264.0,2011-07-08 10:20:00,155,1517.3600000000001,6,Mid Value At Risk
14267.0,2011-06-30 10:09:00,163,1516.24,3,Mid Value At Risk
13791.0,2011-08-04 11:44:00,128,1516.0,2,Mid Value At Risk
14220.0,2011-04-06 13:23:00,247,1515.0,4,Mid Value At Risk
14682.0,2011-06-05 12:12:00,188,1514.81,6,Mid Value At Risk
17025.0,2011-10-10 09:06:00,61,1510.6399999999999,5,Active
16910.0,2011-12-05 12:51:00,4,1510.06,8,Active
13370.0,2010-12-03 10:26:00,372,1509.74,1,Mid Value At Risk
16037.0,2011-03-15 09:13:00,270,1509.34,5,Mid Value At Risk
15948.0,2011-12-01 15:32:00,8,1509.0900000000001,3,Active
18074.0,2010-12-01 09:53:00,374,1509.04,2,Mid Value At Risk
13158.0,2011-09-06 11:58:00,95,1508.18,5,Active
15261.0,2011-07-27 15:20:00,135,1508.0,4,Mid Value At Risk
17179.0,2011-06-14 16:48:00,178,1507.26,6,Mid Value At Risk
15110.0,2011-11-16 11:16:00,24,1505.8500000000001,6,Active
16450.0,2011-07-13 11:47:00,150,1505.73,3,Mid Value At Risk
14802.0,2010-09-27 16:34:00,438,1502.98,2,Mid Value At Risk
17290.0,2011-12-06 12:38:00,4,1501.44,8,Active
16762.0,2011-11-20 11:43:00,20,1501.38,3,Active
13810.0,2011-11-11 08:33:00,29,1499.01,3,Active
15590.0,2010-11-22 14:49:00,382,1496.6,5,Mid Value At Risk
15882.0,2011-05-25 11:35:00,199,1495.98,8,Mid Value At Risk
15173.0,2010-11-24 10:21:00,381,1494.6,7,Mid Value At Risk
14894.0,2011-09-15 13:51:00,85,1492.81,3,Active
16239.0,2011-10-14 08:29:00,57,1492.2,6,Active
16314.0,2010-11-15 12:06:00,390,1491.4,3,Mid Value At Risk
18268.0,2011-07-28 19:13:00,134,1490.23,6,Mid Value At Risk
16419.0,2011-08-19 12:33:00,113,1487.42,8,Active
14609.0,2011-09-28 12:54:00,72,1486.2,10,Active
15427.0,2011-11-06 14:29:00,33,1483.14,3,Active
15630.0,2011-10-25 15:36:00,45,1481.4,3,Active
17590.0,2011-12-07 12:55:00,2,1479.22,3,Active
15101.0,2011-12-01 10:18:00,9,1477.94,6,Active
16121.0,2011-10-13 12:59:00,57,1477.09,5,Active
14246.0,2011-08-21 11:50:00,111,1474.06,3,Active
16980.0,2011-03-29 16:36:00,255,1473.3300000000002,3,Mid Value At Risk
14684.0,2011-11-14 11:33:00,26,1468.55,6,Active
13138.0,2011-11-17 16:51:00,22,1467.24,7,Active
13500.0,2011-11-16 15:35:00,23,1466.3,4,Active
18196.0,2011-09-05 16:22:00,95,1464.31,4,Active
12882.0,2011-11-30 16:18:00,9,1463.04,2,Active
16586.0,2011-04-05 09:32:00,249,1462.78,3,Mid Value At Risk
17978.0,2010-12-09 14:05:00,365,1461.76,4,Mid Value At Risk
18106.0,2011-01-14 12:23:00,330,1461.46,6,Mid Value At Risk
14657.0,2011-11-22 12:47:00,18,1460.8700000000001,6,Active
15071.0,2011-09-07 11:43:00,94,1455.56,4,Active
16569.0,2011-12-06 15:32:00,3,1455.23,5,Active
14487.0,2011-11-13 12:17:00,27,1453.61,7,Active
13165.0,2011-10-24 15:05:00,46,1451.16,3,Active
17582.0,2011-04-17 13:18:00,236,1450.7,5,Mid Value At Risk
13361.0,2010-08-24 14:56:00,472,1450.5,2,Mid Value At Risk
15876.0,2010-10-26 18:58:00,409,1449.1399999999999,2,Mid Value At Risk
13023.0,2011-10-06 16:27:00,64,1449.03,3,Active
16906.0,2011-09-19 11:49:00,82,1448.8,7,Active
17545.0,2011-10-27 14:04:00,43,1448.54,6,Active
15076.0,2011-06-20 08:23:00,173,1447.74,3,Mid Value At Risk
14591.0,2011-11-24 13:57:00,15,1447.14,4,Active
17073.0,2011-11-22 11:47:00,18,1446.09,4,Active
13583.0,2011-07-07 10:40:00,156,1445.031,2,Mid Value At Risk
15636.0,2011-09-11 11:17:00,90,1444.58,4,Active
17175.0,2011-10-26 15:31:00,44,1443.69,4,Active
17734.0,2011-10-17 12:33:00,54,1442.32,6,Active
18066.0,2011-09-25 15:30:00,75,1440.4,3,Active
13543.0,2010-03-15 13:34:00,634,1439.6100000000001,2,Mid Value At Risk
14071.0,2011-12-06 12:27:00,4,1438.82,8,Active
13159.0,2011-12-01 11:20:00,9,1437.85,4,Active
16088.0,2010-05-13 10:16:00,576,1437.43,2,Mid Value At Risk
16727.0,2010-12-10 13:48:00,364,1437.42,4,Mid Value At Risk
13278.0,2011-10-30 11:49:00,41,1435.85,4,Active
12805.0,2010-11-23 12:27:00,382,1434.95,4,Mid Value At Risk
13259.0,2011-10-09 10:48:00,62,1433.38,9,Active
12389.0,2010-11-02 11:52:00,403,1433.33,3,Mid Value At Risk
17941.0,2011-08-01 08:30:00,131,1433.28,4,Mid Value At Risk
17950.0,2011-09-28 15:18:00,72,1432.81,7,Active
13475.0,2011-06-01 13:52:00,191,1431.78,4,Mid Value At Risk
15468.0,2011-10-19 13:49:00,51,1430.48,3,Active
18071.0,2011-03-27 11:59:00,258,1428.63,6,Mid Value At Risk
14412.0,2011-10-28 10:45:00,43,1426.19,3,Active
17411.0,2011-11-27 14:25:00,12,1425.38,5,Active
18221.0,2011-11-17 14:40:00,22,1424.94,6,Active
15799.0,2011-09-25 12:46:00,76,1424.29,4,Active
13145.0,2011-10-31 12:45:00,40,1423.52,7,Active
17438.0,2011-03-31 10:26:00,254,1422.77,5,Mid Value At Risk
15106.0,2011-11-22 09:16:00,18,1422.52,5,Active
16463.0,2011-11-18 14:01:00,21,1422.4,4,Active
14019.0,2011-10-24 10:13:00,47,1421.61,3,Active
16926.0,2010-12-03 13:42:00,371,1421.35,5,Mid Value At Risk
15652.0,2011-09-09 14:22:00,91,1420.34,5,Active
14775.0,2011-10-12 15:27:00,58,1418.46,3,Active
16173.0,2011-11-24 10:53:00,16,1418.32,6,Active
15444.0,2011-11-30 17:37:00,9,1418.26,2,Active
17856.0,2011-12-08 09:40:00,2,1418.03,4,Active
15223.0,2011-04-28 11:31:00,226,1417.95,5,Mid Value At Risk
14662.0,2011-11-11 12:13:00,29,1416.33,7,Active
16245.0,2011-11-16 10:14:00,24,1413.66,3,Active
17496.0,2010-12-16 08:39:00,359,1412.89,4,Mid Value At Risk
17878.0,2011-10-27 11:24:00,44,1412.33,3,Active
15237.0,2011-12-08 09:46:00,2,1412.32,4,Active
16848.0,2011-10-18 08:42:00,53,1411.62,4,Active
17908.0,2010-12-01 11:45:00,374,1411.54,5,Mid Value At Risk
13821.0,2011-07-18 09:49:00,145,1410.73,6,Mid Value At Risk
17714.0,2011-01-23 10:32:00,321,1410.18,5,Mid Value At Risk
16854.0,2010-10-18 16:31:00,417,1408.96,2,Mid Value At Risk
13049.0,2011-10-06 15:31:00,64,1408.24,4,Active
14083.0,2011-12-05 13:14:00,4,1407.26,11,Active
12695.0,2011-12-02 13:22:00,7,1407.1200000000001,7,Active
14909.0,2010-09-28 16:56:00,437,1404.68,3,Mid Value At Risk
12765.0,2010-08-24 13:51:00,472,1404.58,6,Mid Value At Risk
18189.0,2011-09-23 12:40:00,78,1403.73,3,Active
15186.0,2011-11-25 14:58:00,14,1403.2,5,Active
14687.0,2011-08-25 11:59:00,107,1402.06,3,Active
18202.0,2011-05-24 12:12:00,200,1396.99,3,Mid Value At Risk
16129.0,2010-10-28 14:29:00,407,1396.05,3,Mid Value At Risk
16300.0,2010-10-05 13:14:00,430,1392.43,3,Mid Value At Risk
15322.0,2011-09-15 09:34:00,86,1390.86,2,Active
15141.0,2010-09-08 11:33:00,458,1388.47,7,Mid Value At Risk
15154.0,2011-09-25 16:05:00,75,1388.41,3,Active
15453.0,2011-12-08 10:59:00,2,1388.37,7,Active
12952.0,2011-12-04 10:35:00,6,1387.79,4,Active
13382.0,2011-03-04 10:03:00,281,1387.58,5,Mid Value At Risk
16167.0,2010-10-21 15:33:00,414,1386.1200000000001,5,Mid Value At Risk
14899.0,2010-11-09 15:20:00,395,1384.88,1,Mid Value At Risk
18167.0,2011-11-16 15:56:00,23,1384.8600000000001,3,Active
13572.0,2011-05-18 11:59:00,206,1384.25,1,Mid Value At Risk
14116.0,2011-11-20 10:29:00,20,1382.74,5,Active
16389.0,2011-10-17 14:41:00,53,1382.07,4,Active
15580.0,2010-11-28 11:00:00,377,1381.19,8,Mid Value At Risk
14861.0,2011-10-18 12:54:00,52,1380.73,10,Active
15751.0,2010-09-05 12:44:00,461,1380.44,11,Mid Value At Risk
13074.0,2010-07-16 16:53:00,511,1378.74,4,Mid Value At Risk
12886.0,2011-10-03 10:09:00,68,1378.4,2,Active
14853.0,2011-11-15 16:56:00,24,1376.87,5,Active
17150.0,2010-11-28 11:27:00,377,1375.65,6,Mid Value At Risk
16669.0,2011-11-16 12:26:00,24,1374.8700000000001,3,Active
14577.0,2011-11-27 12:47:00,13,1374.25,7,Active
14265.0,2011-08-22 13:32:00,109,1373.35,4,Active
14434.0,2011-11-18 08:56:00,22,1372.8,6,Active
14538.0,2011-10-06 10:31:00,65,1370.8400000000001,5,Active
14316.0,2010-10-13 16:31:00,422,1370.34,5,Mid Value At Risk
12533.0,2010-03-22 10:56:00,628,1367.89,2,Mid Value At Risk
13035.0,2011-09-27 08:57:00,74,1364.2,3,Active
14114.0,2011-03-11 09:42:00,274,1364.09,7,Mid Value At Risk
13760.0,2011-10-16 16:13:00,54,1363.6399999999999,5,Active
15347.0,2010-12-08 15:25:00,366,1363.6,4,Mid Value At Risk
16367.0,2011-11-02 13:13:00,37,1362.4,3,Active
17796.0,2011-10-30 15:38:00,40,1361.99,7,Active
16588.0,2010-11-18 17:56:00,386,1361.28,4,Mid Value At Risk
13396.0,2011-11-10 16:59:00,29,1360.99,2,Active
13919.0,2011-10-11 14:24:00,59,1360.68,4,Active
14102.0,2011-12-04 15:38:00,5,1360.28,5,Active
16384.0,2011-09-11 11:19:00,90,1358.95,4,Active
15411.0,2011-11-13 15:19:00,26,1358.88,4,Active
13232.0,2011-11-27 10:39:00,13,1357.6,7,Active
17429.0,2011-08-03 13:22:00,128,1357.46,5,Mid Value At Risk
12875.0,2011-07-19 15:30:00,143,1356.99,5,Mid Value At Risk
17054.0,2011-11-11 12:56:00,28,1356.33,5,Active
14550.0,2011-11-29 12:12:00,11,1353.31,4,Active
15116.0,2011-11-22 12:25:00,18,1352.75,4,Active
12591.0,2011-01-26 14:35:00,317,1352.15,3,Mid Value At Risk
16079.0,2011-11-23 12:48:00,17,1352.0,3,Active
14847.0,2011-07-14 10:52:00,149,1348.95,3,Mid Value At Risk
12646.0,2011-12-05 10:14:00,5,1346.97,2,Active
14320.0,2011-05-17 09:24:00,207,1346.75,5,Mid Value At Risk
13639.0,2011-09-26 13:36:00,74,1346.27,2,Active
15398.0,2011-11-23 16:47:00,16,1345.53,2,Active
16222.0,2011-01-25 13:38:00,318,1345.22,2,Mid Value At Risk
12426.0,2011-05-29 12:26:00,195,1345.21,2,Mid Value At Risk
12463.0,2011-10-17 13:44:00,53,1344.78,4,Active
14618.0,2011-11-30 13:45:00,9,1342.32,7,Active
13743.0,2011-12-07 10:09:00,3,1341.6,7,Active
17499.0,2011-02-23 09:14:00,290,1341.39,2,Mid Value At Risk
17097.0,2011-12-07 17:05:00,2,1340.45,9,Active
12620.0,2011-11-25 10:20:00,15,1339.41,3,Active
12711.0,2010-04-07 11:59:00,612,1339.05,2,Mid Value At Risk
13803.0,2011-03-29 12:57:00,255,1338.91,3,Mid Value At Risk
13220.0,2011-09-22 13:38:00,78,1336.0900000000001,5,Active
12919.0,2011-12-01 13:47:00,8,1335.19,6,Active
17033.0,2011-09-14 14:34:00,86,1332.79,4,Active
17932.0,2011-11-10 19:49:00,29,1331.57,3,Active
15774.0,2011-10-02 12:04:00,69,1329.94,6,Active
16372.0,2011-11-06 13:08:00,33,1328.61,5,Active
16295.0,2011-11-30 08:17:00,10,1328.55,4,Active
14712.0,2011-11-10 12:59:00,29,1328.0700000000002,4,Active
15146.0,2011-06-28 12:09:00,165,1327.16,2,Mid Value At Risk
17027.0,2011-09-22 12:24:00,79,1327.1100000000001,9,Active
14956.0,2010-10-14 16:40:00,421,1325.0,1,Mid Value At Risk
16894.0,2010-07-25 15:43:00,502,1324.06,3,Mid Value At Risk
12960.0,2010-10-22 09:31:00,414,1322.07,4,Mid Value At Risk
16370.0,2011-09-18 15:55:00,82,1320.56,4,Active
13497.0,2011-03-02 09:04:00,283,1320.33,6,Mid Value At Risk
12526.0,2011-12-09 12:09:00,1,1316.66,3,Active
15471.0,2011-12-07 14:12:00,2,1316.56,3,Active
14921.0,2011-11-09 13:17:00,30,1316.07,2,Active
14725.0,2011-11-15 12:42:00,25,1315.24,4,Active
14511.0,2011-11-28 17:05:00,11,1314.81,5,Active
16464.0,2011-11-20 12:11:00,20,1314.68,3,Active
14973.0,2011-08-24 15:51:00,107,1314.45,3,Active
16296.0,2010-03-23 13:11:00,626,1313.67,4,Mid Value At Risk
13282.0,2011-11-21 15:33:00,18,1313.19,4,Active
12364.0,2011-12-02 10:22:00,8,1313.1,4,Active
16756.0,2011-05-09 09:33:00,215,1312.3700000000001,7,Mid Value At Risk
12639.0,2011-04-15 12:48:00,239,1312.37,3,Mid Value At Risk
12987.0,2011-09-27 12:03:00,74,1312.21,5,Active
14856.0,2011-11-03 14:53:00,36,1311.3799999999999,3,Active
13855.0,2010-07-27 09:53:00,501,1310.3400000000001,4,Mid Value At Risk
15038.0,2011-10-12 11:33:00,59,1309.86,9,Active
16955.0,2011-06-08 10:36:00,185,1309.41,6,Mid Value At Risk
12717.0,2011-07-11 14:47:00,151,1308.91,3,Mid Value At Risk
13328.0,2011-01-27 15:22:00,316,1308.48,1,Mid Value At Risk
16377.0,2011-03-17 15:41:00,267,1308.48,2,Mid Value At Risk
13846.0,2011-11-15 12:07:00,25,1307.79,4,Active
16777.0,2011-09-20 13:41:00,80,1307.76,5,Active
16282.0,2011-01-04 11:42:00,340,1307.58,3,Mid Value At Risk
15677.0,2011-10-21 15:36:00,49,1305.63,3,Active
14297.0,2011-11-22 09:06:00,18,1305.33,4,Active
16744.0,2011-11-28 13:06:00,11,1304.76,7,Active
15813.0,2011-05-16 08:13:00,208,1303.9099999999999,2,Mid Value At Risk
15579.0,2011-10-02 12:45:00,69,1302.5,5,Active
15400.0,2011-09-08 13:57:00,92,1302.3,8,Active
16574.0,2011-09-29 13:39:00,71,1301.78,3,Active
16723.0,2011-09-09 13:01:00,91,1301.63,4,Active
15108.0,2011-07-21 10:24:00,142,1300.25,4,Mid Value At Risk
14284.0,2011-11-09 08:11:00,31,1299.65,3,Active
14480.0,2011-11-28 16:35:00,11,1299.52,4,Active
16943.0,2011-05-12 11:57:00,212,1299.49,5,Mid Value At Risk
14479.0,2011-03-31 09:07:00,254,1299.11,4,Mid Value At Risk
12488.0,2011-11-30 08:50:00,10,1298.66,3,Active
12372.0,2011-09-29 12:12:00,72,1298.04,3,Active
14167.0,2011-10-31 14:29:00,39,1296.49,8,Active
18286.0,2010-08-20 11:57:00,477,1296.43,2,Mid Value At Risk
15525.0,2011-12-07 14:43:00,2,1295.7,4,Active
17109.0,2011-11-10 16:59:00,29,1295.46,8,Active
16929.0,2011-12-06 08:37:00,4,1295.39,7,Active
13440.0,2010-10-12 13:11:00,423,1295.25,7,Mid Value At Risk
16212.0,2011-11-20 13:00:00,19,1293.71,4,Active
15621.0,2011-12-05 14:01:00,4,1293.03,4,Active
14619.0,2011-04-08 07:37:00,246,1291.24,2,Mid Value At Risk
15171.0,2011-01-12 15:36:00,331,1289.5,1,Mid Value At Risk
14679.0,2010-11-23 11:51:00,382,1289.44,3,Mid Value At Risk
16608.0,2010-09-12 11:44:00,454,1288.72,2,Mid Value At Risk
15136.0,2011-12-07 12:26:00,3,1286.7,4,Active
14821.0,2010-12-08 08:43:00,367,1286.45,7,Mid Value At Risk
16949.0,2011-12-06 11:07:00,4,1286.27,6,Active
13300.0,2011-06-23 13:09:00,169,1285.51,3,Mid Value At Risk
17034.0,2011-11-23 15:14:00,16,1283.92,5,Active
17142.0,2011-04-14 18:22:00,239,1283.75,4,Mid Value At Risk
13443.0,2010-09-17 12:31:00,449,1280.16,6,Mid Value At Risk
17862.0,2011-01-20 12:23:00,324,1279.09,4,Mid Value At Risk
13617.0,2011-10-30 13:50:00,40,1278.75,8,Active
14474.0,2011-10-24 13:26:00,46,1278.08,2,Active
17521.0,2011-11-10 11:22:00,30,1278.06,5,Active
13243.0,2011-05-20 13:14:00,203,1278.04,5,Mid Value At Risk
16951.0,2011-07-28 12:05:00,135,1277.75,3,Mid Value At Risk
15584.0,2011-11-16 10:55:00,24,1277.5,6,Active
15211.0,2011-10-10 13:31:00,60,1277.48,2,Active
17759.0,2011-11-22 16:02:00,17,1276.91,5,Active
18035.0,2011-11-04 12:39:00,36,1276.74,5,Active
14478.0,2010-11-22 15:29:00,382,1276.66,4,Mid Value At Risk
13916.0,2010-09-02 10:04:00,464,1275.81,4,Mid Value At Risk
14820.0,2011-11-18 15:41:00,21,1274.76,9,Active
15809.0,2011-11-03 16:40:00,36,1274.44,7,Active
14490.0,2010-10-29 15:04:00,406,1273.47,2,Mid Value At Risk
17132.0,2010-09-13 16:31:00,452,1272.8,2,Mid Value At Risk
17478.0,2010-10-27 15:01:00,408,1272.8,2,Mid Value At Risk
12394.0,2011-10-07 08:08:00,64,1272.48,2,Active
16527.0,2011-09-19 16:21:00,81,1272.44,2,Active
14984.0,2011-11-20 14:28:00,19,1271.41,6,Active
12630.0,2011-11-30 10:48:00,10,1270.88,2,Active
13492.0,2011-07-26 14:25:00,136,1269.84,3,Mid Value At Risk
15439.0,2010-10-31 10:38:00,405,1269.05,4,Mid Value At Risk
14379.0,2011-10-26 16:43:00,44,1268.91,4,Active
13892.0,2011-11-13 11:50:00,27,1267.6499999999999,6,Active
17037.0,2011-09-13 12:49:00,88,1267.32,1,Active
17531.0,2011-06-02 19:17:00,190,1266.82,3,Mid Value At Risk
13515.0,2011-09-28 11:26:00,73,1265.82,6,Active
17635.0,2010-10-11 15:12:00,424,1265.58,3,Mid Value At Risk
16842.0,2011-08-31 10:42:00,101,1264.19,3,Active
14427.0,2011-10-20 14:23:00,50,1263.52,4,Active
15009.0,2011-11-27 13:35:00,12,1261.78,3,Active
13065.0,2010-12-01 16:52:00,373,1260.91,5,Mid Value At Risk
14419.0,2011-11-29 11:22:00,11,1260.91,7,Active
16688.0,2011-12-08 15:24:00,1,1260.86,4,Active
17343.0,2010-12-19 15:07:00,355,1259.94,6,Mid Value At Risk
12993.0,2011-11-16 15:49:00,23,1259.6299999999999,8,Active
13689.0,2011-10-07 13:21:00,63,1259.5,2,Active
15651.0,2011-11-03 08:41:00,37,1259.06,5,Active
14871.0,2011-12-06 13:42:00,3,1258.97,9,Active
14931.0,2011-12-05 10:19:00,5,1257.68,5,Active
12402.0,2011-01-20 13:49:00,323,1256.9,6,Mid Value At Risk
17481.0,2011-12-06 12:28:00,4,1255.59,4,Active
15064.0,2010-10-25 14:32:00,410,1254.41,4,Mid Value At Risk
15441.0,2010-11-08 15:50:00,396,1254.21,3,Mid Value At Risk
15664.0,2011-10-20 10:57:00,51,1254.03,4,Active
16292.0,2011-08-10 12:24:00,122,1253.76,5,Mid Value At Risk
14698.0,2011-12-08 12:26:00,2,1250.76,5,Active
15599.0,2011-11-13 11:44:00,27,1250.06,3,Active
18135.0,2011-11-10 19:32:00,29,1249.6200000000001,10,Active
14020.0,2011-11-23 09:22:00,17,1249.01,4,Active
12666.0,2010-11-10 16:40:00,394,1248.42,1,Mid Value At Risk
14383.0,2011-11-01 15:53:00,38,1247.69,3,Active
12689.0,2011-11-14 08:31:00,26,1247.61,2,Active
14240.0,2011-11-09 13:45:00,30,1247.49,3,Active
14382.0,2011-11-13 16:18:00,26,1246.8,2,Active
15004.0,2011-07-15 14:05:00,147,1246.32,1,Mid Value At Risk
13860.0,2011-12-08 12:57:00,1,1245.9,5,Active
14428.0,2011-12-02 13:17:00,7,1244.83,5,Active
17076.0,2011-11-03 17:53:00,36,1242.75,6,Active
15800.0,2011-08-24 14:23:00,107,1242.58,7,Active
17201.0,2011-10-17 11:55:00,54,1242.04,4,Active
14446.0,2011-12-09 11:34:00,1,1241.31,5,Active
13201.0,2010-07-25 14:30:00,502,1240.6100000000001,4,Mid Value At Risk
17529.0,2010-04-08 17:51:00,610,1240.25,2,Mid Value At Risk
13863.0,2011-04-06 10:20:00,248,1239.55,4,Mid Value At Risk
12985.0,2011-12-09 10:46:00,1,1239.38,2,Active
16501.0,2010-11-21 14:10:00,383,1237.23,1,Mid Value At Risk
14231.0,2011-06-09 11:05:00,184,1235.6200000000001,4,Mid Value At Risk
15376.0,2011-10-30 15:04:00,40,1233.3600000000001,3,Active
17397.0,2011-11-17 14:08:00,22,1233.18,3,Active
12605.0,2010-11-28 14:18:00,376,1232.95,4,Mid Value At Risk
16159.0,2011-03-03 12:27:00,282,1232.79,4,Mid Value At Risk
18080.0,2011-11-21 08:02:00,19,1231.5,2,Active
17360.0,2011-11-22 13:11:00,17,1231.3799999999999,6,Active
12673.0,2011-12-04 13:55:00,5,1230.02,3,Active
13019.0,2010-11-25 14:56:00,379,1229.95,6,Mid Value At Risk
17342.0,2010-11-25 11:07:00,380,1227.54,4,Mid Value At Risk
12866.0,2011-03-01 14:11:00,283,1227.35,3,Mid Value At Risk
13030.0,2011-11-28 14:30:00,11,1227.22,2,Active
17539.0,2010-04-01 12:07:00,618,1226.57,4,Mid Value At Risk
17456.0,2010-12-09 15:23:00,365,1225.42,2,Mid Value At Risk
15269.0,2011-11-16 09:32:00,24,1225.3600000000001,3,Active
15303.0,2011-02-22 13:59:00,290,1224.18,3,Mid Value At Risk
14512.0,2011-06-05 12:39:00,188,1223.47,7,Mid Value At Risk
13787.0,2011-09-25 12:06:00,76,1222.5,6,Active
16946.0,2010-11-21 14:06:00,383,1222.04,5,Mid Value At Risk
14430.0,2010-07-16 11:35:00,512,1220.9,3,Mid Value At Risk
13299.0,2011-03-16 12:55:00,268,1218.7,3,Mid Value At Risk
13304.0,2010-12-23 14:35:00,351,1217.99,4,Mid Value At Risk
15390.0,2010-11-08 15:19:00,396,1216.66,2,Mid Value At Risk
15661.0,2011-01-26 13:56:00,317,1215.95,8,Mid Value At Risk
13140.0,2011-08-23 15:33:00,108,1215.68,5,Active
17410.0,2011-11-23 15:46:00,16,1214.72,5,Active
17198.0,2011-11-16 10:39:00,24,1213.88,3,Active
13405.0,2011-09-26 17:01:00,74,1213.811,6,Active
18263.0,2011-11-14 09:00:00,26,1213.1599999999999,3,Active
16872.0,2011-09-23 16:05:00,77,1213.13,6,Active
13918.0,2011-10-21 12:25:00,50,1212.8400000000001,2,Active
16653.0,2011-11-23 14:51:00,16,1212.66,2,Active
12464.0,2011-11-29 13:33:00,10,1212.05,8,Active
15377.0,2010-11-22 08:55:00,383,1211.75,4,Mid Value At Risk
14193.0,2011-10-03 09:34:00,68,1210.19,3,Active
13723.0,2011-05-06 17:04:00,217,1209.2,6,Mid Value At Risk
17062.0,2011-01-30 11:01:00,314,1208.22,6,Mid Value At Risk
17653.0,2011-11-03 12:46:00,37,1207.56,4,Active
16830.0,2011-11-01 11:35:00,39,1207.5,4,Active
18193.0,2011-06-27 13:58:00,165,1207.35,3,Mid Value At Risk
15573.0,2011-11-08 11:38:00,32,1207.18,5,Active
18181.0,2011-11-15 15:08:00,24,1205.94,5,Active
15737.0,2011-11-25 11:21:00,15,1205.1200000000001,8,Active
18057.0,2010-11-11 16:55:00,393,1203.56,3,Mid Value At Risk
15994.0,2011-10-16 12:28:00,55,1202.18,3,Active
12742.0,2010-03-24 12:43:00,626,1201.52,1,Mid Value At Risk
16800.0,2011-11-28 14:06:00,11,1201.49,1,Active
15181.0,2011-10-04 13:58:00,66,1200.2,5,Active
16693.0,2011-10-02 11:10:00,69,1199.46,5,Active
15600.0,2010-10-07 14:30:00,428,1199.31,4,Mid Value At Risk
17800.0,2011-11-02 12:57:00,37,1199.01,9,Active
16345.0,2011-10-26 16:03:00,44,1198.74,2,Active
17713.0,2010-11-22 16:50:00,382,1198.09,4,Mid Value At Risk
16307.0,2010-10-06 14:31:00,429,1194.92,3,Mid Value At Risk
15145.0,2011-12-05 17:21:00,4,1194.73,4,Active
14201.0,2011-10-10 13:27:00,60,1193.54,10,Active
12611.0,2011-10-18 13:12:00,52,1193.32,1,Active
13293.0,2010-11-12 13:28:00,392,1192.94,6,Mid Value At Risk
16306.0,2011-05-10 12:12:00,214,1192.82,7,Mid Value At Risk
13976.0,2011-05-17 09:13:00,207,1192.36,4,Mid Value At Risk
14213.0,2010-10-31 10:37:00,405,1192.2,1,Mid Value At Risk
17984.0,2011-07-17 15:59:00,145,1191.27,5,Mid Value At Risk
13882.0,2011-12-07 11:16:00,3,1191.13,5,Active
16471.0,2011-03-10 09:41:00,275,1189.98,4,Mid Value At Risk
12462.0,2011-11-21 09:11:00,19,1189.59,2,Active
17239.0,2011-01-31 09:41:00,313,1189.45,4,Mid Value At Risk
14275.0,2010-11-09 09:06:00,396,1189.3799999999999,6,Mid Value At Risk
15022.0,2011-11-28 12:35:00,12,1186.09,5,Active
13388.0,2011-07-31 12:52:00,131,1185.65,3,Mid Value At Risk
18060.0,2010-10-27 16:41:00,408,1185.46,2,Mid Value At Risk
13601.0,2011-10-25 17:31:00,45,1185.14,4,Active
14206.0,2011-04-14 16:38:00,239,1185.01,3,Mid Value At Risk
15259.0,2010-07-15 08:47:00,513,1182.3799999999999,4,Mid Value At Risk
17021.0,2010-09-23 20:01:00,442,1182.22,6,Mid Value At Risk
13526.0,2009-12-01 13:13:00,738,1182.0,2,Mid Value At Risk
13395.0,2011-06-07 15:04:00,185,1180.23,3,Mid Value At Risk
18277.0,2011-10-12 15:22:00,58,1180.05,5,Active
13270.0,2010-12-08 14:53:00,366,1180.0,1,Mid Value At Risk
17058.0,2011-09-19 10:13:00,82,1179.89,3,Active
16614.0,2011-06-10 11:36:00,183,1179.79,3,Mid Value At Risk
13797.0,2010-09-29 10:34:00,437,1179.45,3,Mid Value At Risk
18025.0,2010-11-25 12:37:00,380,1177.72,6,Mid Value At Risk
15068.0,2011-10-24 14:47:00,46,1176.85,4,Active
13233.0,2011-09-26 13:25:00,74,1176.46,4,Active
15210.0,2011-04-28 16:11:00,225,1176.19,3,Mid Value At Risk
14370.0,2010-09-15 10:53:00,451,1175.78,6,Mid Value At Risk
12885.0,2011-10-07 13:40:00,63,1175.22,3,Active
12915.0,2011-07-14 11:34:00,149,1174.75,4,Mid Value At Risk
12640.0,2011-11-16 11:52:00,24,1174.58,3,Active
14126.0,2011-12-02 11:45:00,8,1172.46,4,Active
14818.0,2011-09-27 11:01:00,74,1170.41,6,Active
12691.0,2011-11-11 16:49:00,28,1170.4,7,Active
17373.0,2011-10-30 15:28:00,40,1167.5,7,Active
17664.0,2011-11-21 11:29:00,19,1166.23,4,Active
17812.0,2011-11-27 11:47:00,13,1165.8899999999999,7,Active
14693.0,2011-03-20 12:50:00,265,1165.36,7,Mid Value At Risk
14261.0,2011-10-20 10:04:00,51,1163.45,2,Active
17525.0,2010-12-15 12:05:00,360,1161.9,3,Mid Value At Risk
12546.0,2011-10-24 12:09:00,47,1161.5,2,Active
12972.0,2010-10-22 08:41:00,414,1161.2,4,Mid Value At Risk
13897.0,2011-10-20 14:30:00,50,1160.72,3,Active
13459.0,2010-03-25 10:24:00,625,1160.4099999999999,2,Mid Value At Risk
15088.0,2011-11-18 13:14:00,21,1160.07,2,Active
16838.0,2011-05-26 13:13:00,197,1159.61,4,Mid Value At Risk
13499.0,2011-11-22 11:21:00,18,1159.11,5,Active
17513.0,2011-09-28 16:42:00,72,1158.8,3,Active
16184.0,2011-10-06 17:43:00,64,1158.79,6,Active
12439.0,2010-01-26 12:11:00,683,1158.18,2,Mid Value At Risk
15028.0,2011-12-01 14:06:00,8,1157.71,6,Active
15879.0,2010-10-31 16:21:00,404,1157.3,4,Mid Value At Risk
17169.0,2011-10-13 10:25:00,58,1156.73,3,Active
13744.0,2011-09-05 15:19:00,95,1156.36,2,Active
14788.0,2011-12-02 17:06:00,7,1156.32,3,Active
17127.0,2010-10-07 09:54:00,429,1155.0300000000002,5,Mid Value At Risk
16637.0,2011-11-07 13:17:00,32,1154.47,4,Active
13462.0,2011-04-01 11:20:00,253,1153.85,5,Mid Value At Risk
14475.0,2011-09-29 10:46:00,72,1151.15,4,Active
12475.0,2011-10-17 10:10:00,54,1149.64,2,Active
12710.0,2011-09-04 12:00:00,97,1149.02,3,Active
16521.0,2010-10-20 13:09:00,415,1148.01,3,Mid Value At Risk
14308.0,2010-06-08 16:48:00,549,1147.02,2,Mid Value At Risk
16766.0,2011-03-11 15:22:00,273,1145.6,2,Mid Value At Risk
17477.0,2010-04-06 10:06:00,613,1144.3,2,Mid Value At Risk
12769.0,2011-04-15 10:25:00,239,1143.6,1,Mid Value At Risk
14585.0,2011-10-20 14:33:00,50,1143.27,5,Active
17770.0,2011-05-25 12:34:00,199,1143.27,5,Mid Value At Risk
18125.0,2011-11-10 12:29:00,30,1142.99,4,Active
13856.0,2011-06-24 10:03:00,169,1142.03,11,Mid Value At Risk
18218.0,2011-05-12 12:53:00,211,1142.0,4,Mid Value At Risk
16769.0,2011-03-24 13:41:00,260,1141.75,4,Mid Value At Risk
16270.0,2010-12-21 14:26:00,353,1141.24,1,Mid Value At Risk
15586.0,2010-04-26 11:00:00,593,1139.1,3,Mid Value At Risk
17500.0,2011-11-22 14:25:00,17,1138.0,3,Active
17302.0,2011-11-25 09:36:00,15,1135.63,5,Active
17866.0,2011-07-20 11:07:00,143,1134.95,3,Mid Value At Risk
13109.0,2011-10-11 10:16:00,60,1134.03,3,Active
17137.0,2010-10-19 14:51:00,416,1133.63,6,Mid Value At Risk
16989.0,2011-12-02 16:39:00,7,1133.25,6,Active
14375.0,2011-06-07 13:44:00,185,1132.99,3,Mid Value At Risk
15500.0,2011-12-01 13:47:00,8,1131.56,4,Active
13393.0,2010-05-05 09:34:00,584,1131.45,4,Mid Value At Risk
12616.0,2011-09-05 15:17:00,95,1131.1,3,Active
15695.0,2011-03-18 08:32:00,267,1131.04,4,Mid Value At Risk
16014.0,2011-11-02 12:04:00,38,1130.27,5,Active
17622.0,2010-04-21 12:36:00,598,1130.21,2,Mid Value At Risk
16354.0,2011-10-07 14:28:00,63,1129.51,5,Active
12427.0,2011-11-18 08:56:00,22,1129.3,3,Active
13447.0,2011-11-16 13:38:00,23,1129.14,3,Active
14450.0,2011-06-12 10:46:00,181,1128.44,7,Mid Value At Risk
12373.0,2011-02-01 13:10:00,311,1127.65,3,Mid Value At Risk
14671.0,2010-06-08 13:39:00,549,1127.45,2,Mid Value At Risk
15969.0,2011-12-07 11:06:00,3,1127.05,5,Active
12503.0,2010-05-04 13:59:00,584,1126.0,1,Mid Value At Risk
13167.0,2011-11-21 12:24:00,19,1125.15,5,Active
13778.0,2011-08-28 15:25:00,103,1124.49,4,Active
14917.0,2010-04-22 11:28:00,597,1123.75,2,Mid Value At Risk
16916.0,2011-11-16 12:08:00,24,1123.4,4,Active
15436.0,2011-11-27 16:05:00,12,1122.53,3,Active
17492.0,2011-04-05 15:21:00,248,1122.42,3,Mid Value At Risk
13486.0,2011-09-22 13:13:00,78,1122.41,3,Active
17562.0,2011-11-25 14:21:00,14,1122.38,7,Active
13368.0,2011-03-28 09:59:00,257,1121.5,4,Mid Value At Risk
16895.0,2011-10-06 12:15:00,65,1121.42,5,Active
13589.0,2011-11-25 12:10:00,15,1120.74,6,Active
17007.0,2011-10-20 10:47:00,51,1120.1,7,Active
17871.0,2011-05-19 11:32:00,205,1118.99,5,Mid Value At Risk
17423.0,2011-10-24 13:36:00,46,1118.95,3,Active
16430.0,2011-10-13 14:47:00,57,1117.94,7,Active
17788.0,2011-09-27 10:09:00,74,1117.9,2,Active
16278.0,2011-08-31 17:12:00,100,1117.84,3,Active
14971.0,2011-11-04 17:07:00,35,1116.57,3,Active
14966.0,2011-11-25 12:20:00,15,1115.8400000000001,6,Active
14080.0,2011-11-07 11:09:00,33,1115.68,5,Active
13509.0,2011-12-01 10:10:00,9,1114.72,8,Active
16203.0,2011-10-12 12:31:00,59,1114.54,6,Active
14672.0,2011-04-19 10:19:00,235,1113.14,4,Mid Value At Risk
12679.0,2011-10-12 12:30:00,59,1113.02,4,Active
12648.0,2011-07-08 11:55:00,155,1112.0,4,Mid Value At Risk
16139.0,2011-11-21 08:37:00,19,1111.15,5,Active
16702.0,2010-10-20 14:10:00,415,1110.83,4,Mid Value At Risk
15069.0,2011-06-13 14:16:00,179,1109.53,1,Mid Value At Risk
15559.0,2010-05-20 14:06:00,568,1109.4,1,Mid Value At Risk
15828.0,2010-11-29 16:41:00,375,1108.82,1,Mid Value At Risk
15933.0,2011-11-18 13:14:00,21,1107.46,3,Active
14891.0,2011-07-14 18:08:00,148,1106.73,4,Mid Value At Risk
14805.0,2011-11-24 16:20:00,15,1104.64,7,Active
16391.0,2010-11-04 12:27:00,401,1103.61,4,Mid Value At Risk
12434.0,2011-09-16 12:38:00,85,1103.43,3,Active
16386.0,2011-11-11 12:28:00,29,1102.59,3,Active
16223.0,2010-11-30 11:50:00,375,1102.3500000000001,2,Mid Value At Risk
13295.0,2010-12-15 11:21:00,360,1101.97,4,Mid Value At Risk
14948.0,2011-11-16 17:16:00,23,1101.97,6,Active
16418.0,2011-10-26 12:39:00,45,1101.94,5,Active
12785.0,2010-12-10 13:48:00,364,1100.4,3,Mid Value At Risk
14009.0,2011-05-25 15:47:00,198,1099.91,3,Mid Value At Risk
12421.0,2011-11-24 09:07:00,16,1098.6,6,Active
13108.0,2010-12-02 10:35:00,373,1098.52,2,Mid Value At Risk
16805.0,2011-06-19 11:23:00,174,1097.24,5,Mid Value At Risk
17366.0,2010-10-03 16:04:00,432,1096.24,2,Mid Value At Risk
16533.0,2011-11-20 13:08:00,19,1095.56,3,Active
13835.0,2011-11-14 15:37:00,25,1095.27,7,Active
17703.0,2011-11-04 15:51:00,35,1094.84,4,Active
15745.0,2011-11-20 13:45:00,19,1094.59,4,Active
13521.0,2011-12-08 13:50:00,1,1093.65,3,Active
14460.0,2011-08-21 14:19:00,110,1093.5,9,Active
12803.0,2010-11-11 14:57:00,393,1092.81,1,Mid Value At Risk
13546.0,2011-11-27 14:50:00,12,1092.14,5,Active
17726.0,2010-11-09 13:37:00,395,1092.06,7,Mid Value At Risk
14199.0,2011-05-05 13:44:00,218,1091.7,4,Mid Value At Risk
14813.0,2010-12-05 11:57:00,370,1090.87,4,Mid Value At Risk
16211.0,2011-09-12 12:11:00,89,1090.59,3,Active
13853.0,2011-10-13 14:18:00,57,1090.14,1,Active
12534.0,2011-08-01 10:26:00,131,1089.18,1,Mid Value At Risk
14343.0,2010-10-14 13:05:00,421,1088.91,4,Mid Value At Risk
15254.0,2011-08-04 15:04:00,127,1088.35,3,Mid Value At Risk
15535.0,2011-06-19 16:02:00,173,1087.82,6,Mid Value At Risk
16188.0,2011-10-26 12:19:00,45,1087.66,5,Active
15763.0,2011-11-08 09:44:00,32,1086.92,2,Active
14139.0,2011-10-24 13:34:00,46,1086.8,4,Active
16298.0,2011-11-17 11:59:00,23,1085.7,7,Active
14013.0,2011-08-21 15:01:00,110,1084.57,5,Active
17420.0,2011-10-20 14:52:00,50,1084.43,6,Active
13467.0,2011-11-29 10:01:00,11,1083.71,2,Active
13567.0,2010-10-07 12:51:00,428,1083.69,4,Mid Value At Risk
14561.0,2011-09-25 12:39:00,76,1080.76,3,Active
13727.0,2011-11-11 09:46:00,29,1080.05,8,Active
13726.0,2011-11-01 10:49:00,39,1079.6599999999999,2,Active
12354.0,2011-04-21 13:11:00,232,1079.4,1,Mid Value At Risk
15546.0,2010-04-12 11:51:00,607,1079.1000000000001,2,Mid Value At Risk
14352.0,2011-07-05 15:41:00,157,1078.96,4,Mid Value At Risk
13656.0,2011-06-28 10:31:00,165,1078.85,4,Mid Value At Risk
13607.0,2011-10-30 16:17:00,40,1078.31,2,Active
16231.0,2010-11-25 15:00:00,379,1078.22,4,Mid Value At Risk
16183.0,2011-10-03 14:59:00,67,1077.81,4,Active
16642.0,2011-12-05 11:31:00,5,1077.45,3,Active
16071.0,2011-10-26 11:14:00,45,1076.8,4,Active
13959.0,2011-09-21 15:06:00,79,1076.18,6,Active
16048.0,2010-12-01 15:28:00,373,1075.23,4,Mid Value At Risk
15912.0,2011-06-14 14:29:00,178,1074.7,9,Mid Value At Risk
16884.0,2011-11-02 11:52:00,38,1073.92,4,Active
15238.0,2011-11-10 14:28:00,29,1071.99,3,Active
12801.0,2010-07-27 09:38:00,501,1071.82,1,Mid Value At Risk
17854.0,2011-06-07 16:21:00,185,1071.45,6,Mid Value At Risk
16593.0,2011-10-20 12:41:00,51,1071.1399999999999,8,Active
14484.0,2011-10-20 14:11:00,50,1070.98,4,Active
17522.0,2011-12-08 12:31:00,2,1070.71,5,Active
12728.0,2011-09-29 15:31:00,71,1070.17,5,Active
17214.0,2011-10-10 13:17:00,60,1069.1200000000001,6,Active
15626.0,2011-09-26 10:03:00,75,1067.52,3,Active
14675.0,2011-11-23 12:58:00,16,1066.9,2,Active
17277.0,2011-04-26 12:47:00,228,1065.3500000000001,2,Mid Value At Risk
15639.0,2011-07-28 14:30:00,134,1065.08,3,Mid Value At Risk
14488.0,2011-10-03 09:30:00,68,1064.28,1,Active
15801.0,2011-10-24 13:52:00,46,1063.95,3,Active
12936.0,2011-11-22 17:32:00,17,1063.9,4,Active
17849.0,2011-05-05 13:46:00,218,1063.76,8,Mid Value At Risk
12815.0,2011-07-15 10:21:00,148,1063.46,2,Mid Value At Risk
14411.0,2011-02-02 10:56:00,311,1063.0,1,Mid Value At Risk
14204.0,2011-12-07 13:38:00,2,1062.96,4,Active
16903.0,2011-11-10 15:32:00,29,1062.28,3,Active
15026.0,2011-09-20 13:52:00,80,1061.61,5,Active
17616.0,2011-06-19 10:11:00,174,1060.8,4,Mid Value At Risk
15003.0,2010-08-23 15:44:00,473,1060.7,6,Mid Value At Risk
15706.0,2011-10-07 10:09:00,64,1060.56,4,Active
17727.0,2011-11-24 17:06:00,15,1060.25,1,Active
16261.0,2011-11-22 17:23:00,17,1059.45,6,Active
17421.0,2010-11-18 16:57:00,386,1059.41,3,Mid Value At Risk
18130.0,2011-11-24 14:40:00,15,1059.39,3,Active
15850.0,2011-11-20 14:14:00,19,1058.72,6,Active
17555.0,2011-11-20 12:22:00,20,1057.74,5,Active
15407.0,2011-11-06 11:55:00,34,1056.44,4,Active
14734.0,2010-10-10 12:04:00,426,1056.42,4,Mid Value At Risk
12791.0,2010-12-01 11:27:00,374,1056.1100000000001,6,Mid Value At Risk
15645.0,2011-11-21 11:55:00,19,1055.17,3,Active
15977.0,2011-11-22 13:29:00,17,1054.73,2,Active
16728.0,2011-10-24 14:36:00,46,1054.67,4,Active
12716.0,2011-12-06 08:55:00,4,1053.49,2,Active
12580.0,2011-04-07 10:24:00,247,1052.9,2,Mid Value At Risk
15886.0,2011-10-10 14:25:00,60,1052.8700000000001,4,Active
15855.0,2011-07-26 10:20:00,137,1052.72,6,Mid Value At Risk
14947.0,2011-09-28 15:48:00,72,1049.79,6,Active
13775.0,2010-04-28 12:15:00,591,1049.66,1,Mid Value At Risk
17934.0,2011-10-19 11:16:00,52,1049.15,3,Active
15464.0,2011-01-05 15:56:00,338,1048.85,1,Mid Value At Risk
15839.0,2011-11-06 13:54:00,33,1048.49,3,Active
17578.0,2011-05-05 18:38:00,218,1047.33,7,Mid Value At Risk
17474.0,2010-04-19 10:43:00,600,1047.0,1,Mid Value At Risk
15091.0,2011-10-03 12:47:00,68,1046.6100000000001,3,Active
14108.0,2011-11-09 10:41:00,31,1044.96,4,Active
17042.0,2011-12-07 12:26:00,3,1044.3799999999999,5,Active
13359.0,2011-10-07 09:30:00,64,1043.31,2,Active
16991.0,2010-10-14 14:08:00,421,1041.21,1,Mid Value At Risk
13613.0,2010-09-13 12:01:00,453,1039.8500000000001,5,Mid Value At Risk
13873.0,2011-08-12 10:08:00,120,1038.92,8,Active
12486.0,2010-10-04 12:14:00,432,1037.28,1,Mid Value At Risk
17869.0,2011-08-24 16:16:00,107,1036.16,7,Active
14902.0,2011-11-14 10:34:00,26,1035.6200000000001,3,Active
17926.0,2011-07-29 14:39:00,133,1035.49,5,Mid Value At Risk
16260.0,2011-10-20 09:40:00,51,1035.45,1,Active
16787.0,2010-11-07 11:01:00,398,1035.43,4,Mid Value At Risk
13258.0,2011-11-28 09:31:00,12,1035.18,5,Active
16441.0,2011-10-03 17:48:00,67,1034.43,5,Active
12811.0,2011-03-24 09:42:00,261,1033.9,5,Mid Value At Risk
17980.0,2011-06-27 12:01:00,166,1033.42,4,Mid Value At Risk
17724.0,2011-09-29 15:26:00,71,1033.0,3,Active
14248.0,2011-01-25 14:45:00,318,1032.95,3,Mid Value At Risk
13000.0,2011-08-25 10:43:00,107,1032.5,4,Active
17405.0,2011-12-08 17:12:00,1,1031.41,3,Active
13235.0,2011-05-11 17:13:00,212,1031.07,1,Mid Value At Risk
16385.0,2011-10-10 13:12:00,60,1030.61,5,Active
16198.0,2011-09-25 14:58:00,75,1030.0410000000002,2,Active
16284.0,2011-11-08 16:12:00,31,1029.77,3,Active
14932.0,2010-12-09 11:48:00,366,1029.66,2,Mid Value At Risk
15333.0,2011-05-15 13:27:00,208,1028.56,1,Mid Value At Risk
16682.0,2011-12-05 12:13:00,5,1028.0,5,Active
15104.0,2011-05-27 12:29:00,197,1027.44,2,Mid Value At Risk
16227.0,2011-04-28 13:33:00,225,1027.22,3,Mid Value At Risk
15887.0,2010-10-29 08:36:00,407,1027.15,3,Mid Value At Risk
13956.0,2011-12-04 13:20:00,5,1026.42,5,Active
17749.0,2011-06-14 15:45:00,178,1026.18,3,Mid Value At Risk
16160.0,2011-10-05 14:19:00,65,1025.44,2,Active
13602.0,2011-10-06 11:47:00,65,1025.17,4,Active
17310.0,2010-11-17 16:00:00,387,1025.1,2,Mid Value At Risk
17362.0,2011-04-14 14:43:00,239,1024.04,7,Mid Value At Risk
16568.0,2010-10-08 10:54:00,428,1020.9000000000001,2,Mid Value At Risk
12572.0,2011-12-01 09:20:00,9,1020.42,2,Active
13376.0,2011-09-01 16:16:00,99,1019.76,3,Active
18142.0,2011-07-05 13:19:00,157,1019.52,2,Mid Value At Risk
12403.0,2011-10-21 10:51:00,50,1019.36,2,Active
12828.0,2011-12-07 08:45:00,3,1018.71,6,Active
12905.0,2010-05-12 10:05:00,577,1018.42,2,Mid Value At Risk
12793.0,2011-01-09 12:12:00,335,1017.33,3,Mid Value At Risk
15970.0,2011-02-09 12:08:00,304,1017.32,2,Mid Value At Risk
12652.0,2011-01-12 15:00:00,331,1017.03,2,Mid Value At Risk
13641.0,2010-03-09 07:37:00,641,1016.47,5,Mid Value At Risk
16898.0,2011-11-13 15:44:00,26,1016.37,5,Active
17299.0,2011-11-28 12:01:00,12,1016.08,6,Active
13333.0,2010-10-24 13:24:00,411,1015.74,3,Mid Value At Risk
17860.0,2010-12-06 12:41:00,369,1015.54,4,Mid Value At Risk
13867.0,2011-11-08 15:48:00,31,1015.29,3,Active
16623.0,2011-04-08 10:09:00,246,1015.24,4,Mid Value At Risk
14355.0,2010-12-09 12:16:00,366,1014.45,3,Mid Value At Risk
14953.0,2011-11-14 14:59:00,25,1013.77,4,Active
12410.0,2011-02-04 10:39:00,309,1013.71,3,Mid Value At Risk
13466.0,2011-06-08 16:39:00,184,1013.35,5,Mid Value At Risk
12642.0,2011-11-14 15:03:00,25,1013.26,3,Active
15951.0,2011-12-01 08:34:00,9,1013.17,3,Active
16451.0,2011-09-13 09:17:00,88,1013.15,3,Active
15025.0,2011-11-06 15:20:00,33,1013.09,2,Active
17197.0,2011-11-10 10:32:00,30,1013.01,1,Active
16435.0,2010-07-15 18:22:00,512,1011.5699999999999,3,Mid Value At Risk
15713.0,2011-07-19 13:34:00,143,1010.79,4,Mid Value At Risk
13039.0,2010-05-04 16:45:00,584,1010.73,4,Mid Value At Risk
16572.0,2011-08-04 16:34:00,127,1009.6,3,Mid Value At Risk
12862.0,2010-10-10 11:47:00,426,1008.3199999999999,2,Mid Value At Risk
14510.0,2010-11-29 12:46:00,376,1007.28,3,Mid Value At Risk
16287.0,2011-06-23 09:08:00,170,1006.98,5,Mid Value At Risk
13429.0,2011-11-29 09:10:00,11,1006.8,4,Active
13238.0,2011-11-22 15:37:00,17,1006.63,6,Active
15771.0,2010-04-14 13:56:00,604,1006.54,3,Mid Value At Risk
12703.0,2011-09-29 17:52:00,71,1006.53,4,Active
13427.0,2011-11-20 13:02:00,19,1006.53,6,Active
13549.0,2011-11-14 09:20:00,26,1005.8,8,Active
17329.0,2011-11-25 14:24:00,14,1004.4300000000001,5,Active
14214.0,2011-11-09 10:31:00,31,1004.38,5,Active
15363.0,2010-12-02 12:28:00,373,1004.11,2,Mid Value At Risk
18160.0,2011-10-13 15:50:00,57,1003.88,3,Active
17987.0,2011-06-07 14:22:00,185,1003.64,5,Mid Value At Risk
14157.0,2011-11-20 11:32:00,20,1002.78,5,Active
12446.0,2011-10-13 12:50:00,58,1002.3100000000001,1,Active
17237.0,2011-11-28 15:02:00,11,1002.08,4,Active
16535.0,2011-12-04 15:18:00,5,1001.59,3,Active
16122.0,2011-09-27 15:34:00,73,1001.34,6,Active
13857.0,2010-11-11 12:54:00,393,1001.01,6,Mid Value At Risk
17464.0,2011-07-04 13:19:00,158,1000.94,3,Mid Value At Risk
14255.0,2010-06-11 15:54:00,546,1000.63,1,Mid Value At Risk
12545.0,2011-09-25 13:39:00,75,1000.39,2,Active
15508.0,2011-06-03 15:43:00,189,1000.27,6,Mid Value At Risk
18143.0,2011-08-15 12:07:00,117,1000.16,2,Active
13005.0,2011-06-19 10:53:00,174,999.68,4,Active
12413.0,2011-10-04 09:00:00,67,999.45,4,Active
17205.0,2011-10-17 12:46:00,54,999.35,3,Active
16863.0,2011-11-08 15:26:00,31,998.52,3,Active
17631.0,2011-12-08 09:47:00,2,998.49,7,Active
18006.0,2011-11-16 16:52:00,23,997.86,4,Active
12722.0,2011-09-15 14:50:00,85,997.63,4,Active
13965.0,2010-08-20 10:40:00,477,996.61,3,Active
17883.0,2011-12-06 17:49:00,3,995.85,7,Active
16699.0,2010-11-24 14:38:00,380,994.6,7,Active
13292.0,2011-11-01 10:04:00,39,994.51,5,Active
16009.0,2011-11-17 16:51:00,22,992.71,4,Active
14223.0,2011-09-08 13:38:00,92,991.13,3,Active
13559.0,2010-07-15 09:52:00,513,990.0,2,Active
13245.0,2011-10-20 11:40:00,51,989.22,2,Active
15973.0,2010-12-08 11:42:00,367,988.44,3,Active
15176.0,2010-02-10 10:36:00,668,988.04,1,Active
16130.0,2010-10-13 15:14:00,422,987.48,4,Active
18237.0,2011-12-07 12:49:00,3,987.1,5,Active
16376.0,2011-12-01 11:38:00,9,987.01,2,Active
16661.0,2010-06-17 15:24:00,540,986.63,4,Active
13439.0,2011-03-29 14:20:00,255,986.61,3,Active
16254.0,2010-11-26 13:22:00,378,985.14,3,Active
17144.0,2011-12-08 17:57:00,1,984.57,2,Active
14142.0,2010-12-01 16:33:00,373,983.15,2,Active
15109.0,2011-04-08 09:58:00,246,983.1,3,Active
14138.0,2011-12-08 12:44:00,2,982.3800000000001,2,Active
12541.0,2011-11-10 10:40:00,30,981.18,3,Active
12543.0,2010-09-17 15:51:00,448,980.25,1,Active
14230.0,2010-09-30 09:07:00,436,979.8000000000001,3,Active
17369.0,2010-09-10 09:49:00,456,979.1999999999999,1,Active
13350.0,2011-11-23 16:33:00,16,979.12,2,Active
17221.0,2011-12-02 13:35:00,7,978.52,5,Active
15132.0,2011-11-21 17:10:00,18,977.9300000000001,5,Active
14454.0,2010-11-28 13:26:00,376,977.3,5,Active
17123.0,2011-07-01 10:47:00,162,977.17,3,Active
15247.0,2011-08-09 12:52:00,122,976.06,3,Active
15406.0,2011-11-08 13:22:00,31,975.87,4,Active
15165.0,2010-12-01 14:03:00,373,975.5,1,Active
15646.0,2011-07-05 09:53:00,158,974.61,5,Active
15449.0,2011-11-13 15:02:00,26,974.52,3,Active
12994.0,2011-12-05 15:43:00,4,974.4200000000001,3,Active
17958.0,2011-08-15 12:19:00,117,973.88,2,Active
12525.0,2010-07-29 16:08:00,498,973.73,3,Active
14350.0,2011-03-10 14:14:00,274,972.03,3,Active
17100.0,2011-11-21 16:36:00,18,971.74,2,Active
15208.0,2011-12-08 17:24:00,1,970.52,6,Active
13223.0,2011-05-23 13:03:00,200,969.1200000000001,6,Active
15907.0,2011-12-06 12:21:00,4,967.45,3,Active
13204.0,2009-12-08 14:56:00,731,966.6600000000001,1,Active
15084.0,2010-11-25 11:58:00,380,965.2,2,Active
12550.0,2011-09-21 14:35:00,79,964.83,1,Active
16763.0,2011-05-25 11:52:00,199,964.6999999999999,2,Active
17081.0,2011-11-14 12:56:00,25,964.39,6,Active
15268.0,2010-08-18 10:33:00,479,961.9000000000001,3,Active
15156.0,2011-12-08 18:22:00,1,961.49,3,Active
17544.0,2010-11-14 15:08:00,390,960.69,3,Active
14994.0,2010-11-22 12:59:00,382,960.63,5,Active
16518.0,2011-10-09 15:04:00,61,959.37,4,Active
14629.0,2011-12-05 16:55:00,4,959.01,2,Active
14437.0,2010-12-09 09:27:00,366,958.84,5,Active
12588.0,2011-10-31 15:01:00,39,958.78,4,Active
12675.0,2010-06-04 09:49:00,554,958.5,2,Active
18192.0,2011-09-29 09:53:00,72,957.97,1,Active
14958.0,2011-07-15 14:20:00,147,957.9399999999999,6,Active
17189.0,2011-08-25 19:39:00,106,957.63,5,Active
12697.0,2011-11-11 08:47:00,29,957.59,3,Active
17298.0,2011-08-30 16:43:00,101,957.5600000000001,5,Active
17516.0,2011-11-24 16:51:00,15,957.55,6,Active
17080.0,2011-11-17 12:59:00,22,957.53,7,Active
17172.0,2011-09-22 09:36:00,79,956.5699999999999,3,Active
16141.0,2011-09-12 13:11:00,88,955.94,2,Active
12990.0,2011-11-08 13:01:00,31,955.5,7,Active
16947.0,2011-04-18 09:38:00,236,955.21,5,Active
12505.0,2010-10-27 09:18:00,409,955.2,1,Active
15430.0,2010-08-29 10:42:00,468,954.75,2,Active
15835.0,2011-10-26 15:47:00,44,954.09,4,Active
18001.0,2011-11-27 16:02:00,12,953.84,6,Active
12414.0,2011-05-06 14:51:00,217,952.41,6,Active
14615.0,2010-11-10 13:36:00,394,951.76,5,Active
17955.0,2011-05-25 12:00:00,199,949.9,6,Active
12767.0,2010-11-29 09:38:00,376,949.82,1,Active
13046.0,2011-11-09 08:36:00,31,949.25,3,Active
13636.0,2011-11-03 10:30:00,37,949.12,5,Active
15177.0,2010-10-10 12:48:00,426,948.93,1,Active
12822.0,2011-09-30 10:04:00,71,948.88,2,Active
12874.0,2010-11-19 15:23:00,385,948.42,2,Active
15787.0,2011-11-13 14:55:00,26,948.05,3,Active
15723.0,2010-12-10 11:12:00,365,947.65,4,Active
12355.0,2011-05-09 13:49:00,214,947.61,2,Active
16362.0,2011-11-07 13:01:00,32,946.94,6,Active
16136.0,2011-10-11 09:10:00,60,946.8,4,Active
16861.0,2011-10-11 09:05:00,60,946.59,5,Active
17356.0,2011-02-01 11:07:00,312,946.47,5,Active
16146.0,2011-07-05 14:20:00,157,946.38,4,Active
17604.0,2011-05-06 13:43:00,217,945.9300000000001,6,Active
15707.0,2011-11-04 14:35:00,35,945.58,4,Active
18217.0,2011-11-10 13:18:00,29,945.04,4,Active
16204.0,2011-11-16 13:40:00,23,944.24,3,Active
13261.0,2011-03-16 12:22:00,269,944.1,2,Active
16199.0,2010-11-12 12:55:00,392,942.75,7,Active
12942.0,2011-07-31 14:39:00,131,942.65,3,Active
15385.0,2011-10-30 15:11:00,40,942.08,3,Active
18156.0,2011-11-27 12:24:00,13,941.1700000000001,2,Active
14326.0,2011-04-11 15:04:00,242,940.98,3,Active
17363.0,2010-11-09 17:11:00,395,940.86,3,Active
13416.0,2011-10-27 08:56:00,44,940.8000000000001,3,Active
15576.0,2011-11-02 12:03:00,38,940.6700000000001,1,Active
15107.0,2011-02-01 14:46:00,311,940.35,9,Active
13936.0,2011-06-13 08:47:00,180,939.66,3,Active
16109.0,2011-05-05 09:17:00,219,939.48,3,Active
17527.0,2011-10-17 12:32:00,54,939.37,4,Active
14605.0,2010-11-30 14:07:00,374,937.16,4,Active
17020.0,2010-06-15 13:06:00,542,935.62,2,Active
17472.0,2011-06-01 14:57:00,191,935.1,4,Active
14140.0,2011-12-06 09:05:00,4,935.05,2,Active
16781.0,2010-12-02 14:26:00,372,934.25,2,Active
15792.0,2010-11-05 08:21:00,400,933.84,2,Active
16657.0,2011-11-30 11:48:00,10,933.62,4,Active
18154.0,2011-12-06 16:41:00,3,932.6,5,Active
18133.0,2011-05-11 14:14:00,212,931.4999999999999,1,Active
12396.0,2010-02-03 13:22:00,674,931.43,1,Active
13465.0,2010-09-19 15:13:00,446,931.12,2,Active
14924.0,2011-04-08 09:25:00,246,931.01,3,Active
15957.0,2011-11-08 12:14:00,32,930.1,3,Active
16034.0,2011-05-27 16:17:00,196,928.72,6,Active
14338.0,2011-07-01 14:08:00,161,928.1,3,Active
13288.0,2010-09-22 16:32:00,443,927.61,5,Active
15243.0,2011-09-26 14:12:00,74,927.2800000000001,2,Active
17805.0,2011-09-27 11:49:00,74,927.03,2,Active
16975.0,2010-10-12 17:53:00,423,926.12,3,Active
12745.0,2010-08-10 10:14:00,487,925.41,3,Active
13805.0,2011-10-18 14:50:00,52,924.6,2,Active
17864.0,2011-11-27 11:15:00,13,924.32,5,Active
14128.0,2011-10-10 12:00:00,61,924.21,3,Active
17143.0,2010-10-18 15:27:00,417,924.11,2,Active
16643.0,2011-04-08 08:24:00,246,923.11,2,Active
13034.0,2011-10-16 12:21:00,55,922.68,3,Active
17322.0,2010-11-28 14:41:00,376,922.59,5,Active
15654.0,2011-11-30 13:08:00,9,922.53,2,Active
13122.0,2011-09-06 15:53:00,94,922.39,2,Active
13934.0,2011-03-21 08:39:00,264,922.1,1,Active
12638.0,2011-11-06 13:11:00,33,921.49,2,Active
14272.0,2011-09-27 10:08:00,74,920.81,4,Active
12998.0,2010-08-04 08:05:00,493,920.08,3,Active
14568.0,2010-09-30 17:15:00,435,919.7,1,Active
13075.0,2011-08-02 10:19:00,130,919.61,1,Active
13872.0,2010-06-30 15:35:00,527,919.57,3,Active
15304.0,2011-10-10 10:23:00,61,919.5500000000001,9,Active
17760.0,2011-11-18 10:56:00,22,918.93,6,Active
16387.0,2011-01-21 11:34:00,323,918.55,5,Active
15542.0,2010-07-15 13:32:00,512,918.45,3,Active
14342.0,2011-11-18 13:21:00,21,918.44,6,Active
12368.0,2010-03-21 15:56:00,628,917.6999999999999,1,Active
14061.0,2010-07-20 17:22:00,507,917.4300000000001,3,Active
14015.0,2011-10-18 10:02:00,53,917.34,1,Active
14423.0,2011-05-05 15:12:00,218,916.6099999999999,3,Active
14549.0,2011-02-01 13:47:00,311,916.5500000000001,4,Active
13573.0,2011-10-20 14:33:00,50,916.47,6,Active
14176.0,2011-02-15 13:12:00,297,916.01,5,Active
14839.0,2010-10-17 13:01:00,418,915.28,3,Active
14141.0,2011-12-07 09:53:00,3,915.13,4,Active
16216.0,2011-03-17 15:34:00,267,914.9300000000001,1,Active
12940.0,2011-10-16 12:09:00,55,913.54,2,Active
15364.0,2011-09-05 09:46:00,96,913.19,2,Active
14359.0,2011-11-20 13:17:00,19,912.18,3,Active
15244.0,2011-10-05 13:19:00,65,912.08,3,Active
14289.0,2011-12-01 11:44:00,9,911.26,6,Active
14133.0,2011-08-02 11:34:00,130,911.14,4,Active
15919.0,2011-11-20 11:28:00,20,910.61,2,Active
16138.0,2010-11-26 12:13:00,379,910.35,3,Active
16411.0,2011-11-20 13:23:00,19,910.1899999999999,4,Active
15511.0,2011-11-28 09:43:00,12,909.23,5,Active
13548.0,2011-09-04 14:50:00,96,908.99,3,Active
13038.0,2011-09-20 14:37:00,80,908.46,3,Active
15097.0,2011-12-05 14:03:00,4,908.35,3,Active
14729.0,2010-12-01 12:43:00,374,907.38,3,Active
14714.0,2011-11-15 13:07:00,24,906.24,4,Active
14969.0,2010-01-05 12:43:00,704,906.23,1,Active
12808.0,2011-11-03 10:05:00,37,906.1,5,Active
13255.0,2011-11-30 13:14:00,9,904.46,3,Active
15180.0,2010-12-07 14:57:00,367,904.4300000000001,3,Active
17746.0,2011-04-13 14:31:00,240,904.1800000000001,4,Active
17176.0,2011-05-22 12:41:00,202,902.3199999999999,3,Active
17382.0,2011-10-05 13:05:00,65,902.28,8,Active
17480.0,2011-09-23 11:39:00,78,902.03,2,Active
17566.0,2011-12-01 19:54:00,8,901.21,2,Active
15900.0,2011-11-16 12:19:00,24,900.4,4,Active
17226.0,2011-02-04 11:52:00,309,900.12,3,Active
12945.0,2011-02-24 14:15:00,288,900.11,2,Active
16442.0,2011-12-08 11:43:00,2,899.47,5,Active
16834.0,2011-04-26 09:37:00,228,898.96,2,Active
15710.0,2010-10-18 17:05:00,417,898.87,1,Active
17537.0,2011-11-10 10:56:00,30,897.62,2,Active
16361.0,2011-11-30 12:32:00,10,896.66,4,Active
15992.0,2011-12-06 11:00:00,4,896.6,3,Active
16784.0,2011-11-20 12:20:00,20,896.53,5,Active
13996.0,2010-11-18 16:27:00,386,895.76,2,Active
13569.0,2011-11-22 13:07:00,17,893.78,4,Active
15066.0,2011-10-17 13:25:00,53,893.59,1,Active
12772.0,2011-10-11 09:19:00,60,892.47,1,Active
17155.0,2011-11-22 12:38:00,18,892.46,7,Active
15393.0,2011-11-23 16:48:00,16,891.34,5,Active
14065.0,2010-11-15 16:13:00,389,891.02,3,Active
15824.0,2010-09-12 13:20:00,453,890.94,2,Active
16228.0,2010-11-19 14:20:00,385,890.8100000000001,3,Active
17968.0,2010-12-01 12:23:00,374,888.04,4,Active
17708.0,2011-06-05 10:12:00,188,887.9300000000001,4,Active
16900.0,2011-11-23 10:32:00,17,887.11,3,Active
14686.0,2010-10-21 18:31:00,414,885.83,5,Active
17704.0,2011-06-24 09:40:00,169,885.19,2,Active
13166.0,2011-03-01 15:16:00,283,884.18,2,Active
18141.0,2010-11-03 11:44:00,402,882.47,2,Active
12680.0,2011-12-09 12:50:00,1,880.81,4,Active
17361.0,2011-10-21 15:43:00,49,880.64,5,Active
16677.0,2010-10-24 14:53:00,411,880.62,2,Active
13937.0,2011-06-23 16:35:00,169,880.13,2,Active
14551.0,2011-11-21 13:36:00,18,880.04,7,Active
14612.0,2010-10-20 16:01:00,415,877.7,1,Active
15653.0,2011-09-08 10:49:00,93,877.4399999999999,2,Active
14645.0,2011-07-06 09:15:00,157,876.89,3,Active
18043.0,2011-11-15 12:48:00,25,875.97,3,Active
13768.0,2009-12-13 10:41:00,727,875.97,2,Active
14681.0,2011-09-29 15:52:00,71,875.1500000000001,6,Active
14508.0,2011-11-17 19:48:00,22,874.94,5,Active
16513.0,2011-12-05 10:18:00,5,874.59,4,Active
15469.0,2011-10-20 16:21:00,50,874.25,3,Active
17223.0,2011-02-02 15:57:00,310,873.53,3,Active
15224.0,2010-12-16 15:02:00,358,871.36,5,Active
13200.0,2011-11-20 15:35:00,19,870.09,4,Active
14753.0,2011-09-13 14:50:00,87,869.51,2,Active
16948.0,2011-07-24 12:46:00,139,868.77,7,Active
16357.0,2011-11-06 16:04:00,33,868.37,4,Active
17167.0,2010-11-25 10:05:00,380,867.11,3,Active
17358.0,2011-02-09 16:57:00,303,866.05,5,Active
16567.0,2011-05-29 13:57:00,194,865.6,2,Active
13922.0,2010-12-23 10:38:00,352,865.2,3,Active
14600.0,2011-02-07 09:48:00,306,865.1700000000001,2,Active
13891.0,2010-11-26 15:57:00,378,863.5600000000001,3,Active
15870.0,2011-11-07 10:58:00,33,862.61,4,Active
16668.0,2011-11-24 17:43:00,15,862.42,13,Active
15483.0,2011-07-01 13:07:00,161,862.2,10,Active
12787.0,2011-11-30 08:44:00,10,862.18,4,Active
15012.0,2011-10-17 12:22:00,54,860.62,3,Active
12794.0,2011-10-17 14:54:00,53,860.41,2,Active
13339.0,2011-05-23 08:31:00,201,860.12,1,Active
14372.0,2010-09-22 16:17:00,443,860.08,2,Active
17064.0,2011-10-12 10:18:00,59,859.35,3,Active
12440.0,2010-09-03 13:11:00,462,859.2,2,Active
15287.0,2011-11-17 15:34:00,22,856.03,5,Active
17161.0,2010-09-21 16:44:00,444,856.01,1,Active
13991.0,2011-11-27 16:18:00,12,855.97,6,Active
12878.0,2011-04-17 13:07:00,236,854.99,2,Active
13945.0,2010-11-10 10:00:00,395,854.15,2,Active
14873.0,2011-05-13 13:52:00,210,854.13,2,Active
16877.0,2011-11-27 13:47:00,12,853.72,6,Active
17349.0,2011-06-13 14:29:00,179,852.25,5,Active
15266.0,2011-01-05 13:40:00,338,852.21,5,Active
16070.0,2011-11-17 15:50:00,22,852.15,2,Active
12696.0,2010-10-01 10:43:00,435,851.91,2,Active
17674.0,2011-09-26 13:35:00,74,851.7,2,Active
13479.0,2011-05-23 10:45:00,201,851.37,4,Active
16020.0,2011-11-23 11:18:00,17,851.01,3,Active
18108.0,2011-03-30 13:56:00,254,848.8100000000001,3,Active
16798.0,2010-06-03 19:01:00,554,848.71,3,Active
12713.0,2011-12-09 12:16:00,1,848.55,1,Active
15264.0,2011-10-06 13:49:00,64,848.4,2,Active
15784.0,2010-08-29 10:38:00,468,848.3299999999999,2,Active
14202.0,2010-11-23 17:13:00,381,847.76,3,Active
13221.0,2011-04-13 16:58:00,240,847.41,2,Active
13487.0,2011-10-13 12:07:00,58,846.87,5,Active
16924.0,2011-11-18 12:53:00,21,846.75,3,Active
13970.0,2010-11-18 13:21:00,386,846.55,2,Active
14087.0,2011-12-07 12:41:00,3,846.22,3,Active
14803.0,2011-06-30 13:58:00,162,845.55,3,Active
18078.0,2011-05-06 14:32:00,217,844.6,4,Active
16500.0,2011-12-05 12:04:00,5,843.9100000000001,9,Active
14922.0,2010-11-11 11:14:00,394,843.74,2,Active
15070.0,2010-12-02 11:23:00,373,843.25,3,Active
16344.0,2011-07-04 15:50:00,158,842.42,4,Active
16846.0,2011-10-20 13:55:00,50,842.41,3,Active
17638.0,2010-03-02 14:32:00,647,842.4,2,Active
16810.0,2011-05-31 15:32:00,192,842.0400000000001,2,Active
14862.0,2011-11-14 10:01:00,26,841.1999999999999,2,Active
12891.0,2011-06-07 12:31:00,186,840.5,11,Active
13169.0,2011-10-07 12:11:00,64,840.08,3,Active
18247.0,2010-10-21 09:49:00,415,839.73,3,Active
13940.0,2011-11-22 15:15:00,17,839.14,4,Active
17332.0,2010-06-29 16:10:00,528,838.27,5,Active
16264.0,2010-09-27 15:00:00,438,837.53,2,Active
14037.0,2011-06-16 13:57:00,176,836.95,6,Active
15832.0,2011-03-30 15:29:00,254,836.79,1,Active
14929.0,2011-11-07 17:21:00,32,836.69,2,Active
13795.0,2010-11-16 17:25:00,388,836.3,4,Active
16747.0,2011-11-02 11:37:00,38,836.06,2,Active
13386.0,2010-10-21 12:52:00,414,835.46,2,Active
14556.0,2010-04-22 14:57:00,596,835.34,3,Active
16737.0,2011-10-17 13:03:00,53,835.1999999999999,2,Active
15190.0,2010-10-01 13:09:00,434,834.4399999999999,1,Active
16644.0,2011-06-15 12:39:00,178,833.78,2,Active
12903.0,2010-10-07 12:39:00,429,833.53,1,Active
13175.0,2010-05-06 13:13:00,582,831.45,2,Active
15766.0,2011-10-06 17:03:00,64,831.06,3,Active
15759.0,2011-05-05 15:13:00,218,830.9300000000001,7,Active
17003.0,2010-11-02 13:15:00,402,830.16,4,Active
14851.0,2011-11-16 14:20:00,23,829.4100000000001,3,Active
12730.0,2010-07-06 12:19:00,522,829.25,1,Active
13544.0,2011-10-31 11:57:00,40,829.0,6,Active
16469.0,2011-11-16 12:25:00,24,828.91,5,Active
12953.0,2011-11-30 09:24:00,10,828.8100000000001,2,Active
15617.0,2010-11-08 16:07:00,396,828.5500000000001,3,Active
13681.0,2011-11-22 11:13:00,18,827.83,4,Active
17045.0,2011-08-18 17:09:00,113,827.6800000000001,5,Active
15945.0,2010-12-09 13:14:00,365,827.27,4,Active
16246.0,2010-09-06 12:04:00,460,827.25,2,Active
12792.0,2011-03-28 11:36:00,257,827.01,2,Active
12461.0,2011-09-06 16:57:00,94,826.88,2,Active
12781.0,2011-10-07 10:37:00,64,826.74,2,Active
16494.0,2011-02-16 12:49:00,297,826.53,1,Active
16869.0,2011-11-17 12:02:00,23,825.42,4,Active
15006.0,2011-10-19 15:08:00,51,825.14,2,Active
17880.0,2010-12-10 10:21:00,365,824.9200000000001,3,Active
13513.0,2011-08-05 11:50:00,127,824.59,3,Active
14260.0,2010-08-25 14:55:00,471,824.28,3,Active
15137.0,2010-07-07 09:41:00,521,823.4,2,Active
15847.0,2011-11-01 14:41:00,38,822.57,5,Active
16164.0,2011-11-22 15:04:00,17,822.48,3,Active
16680.0,2011-10-27 17:35:00,43,821.45,3,Active
13893.0,2011-02-15 11:30:00,298,821.1,1,Active
15314.0,2011-05-24 14:39:00,199,820.4499999999999,3,Active
17952.0,2010-11-26 13:54:00,378,819.61,4,Active
16135.0,2011-03-22 12:30:00,263,819.45,2,Active
17683.0,2010-11-19 10:11:00,386,819.01,3,Active
13612.0,2010-03-17 12:14:00,633,818.29,1,Active
13595.0,2010-07-11 12:36:00,517,818.22,3,Active
14890.0,2011-03-31 11:57:00,254,817.25,3,Active
14872.0,2010-08-13 12:34:00,484,816.6,3,Active
13514.0,2011-09-27 09:39:00,74,815.9000000000001,4,Active
15399.0,2011-12-08 13:04:00,1,815.77,3,Active
16460.0,2011-11-11 13:46:00,28,814.72,3,Active
14656.0,2011-06-23 13:51:00,169,814.65,5,Active
13811.0,2011-06-09 09:54:00,184,814.5,3,Active
12763.0,2011-07-24 14:12:00,138,814.16,2,Active
16658.0,2010-12-06 13:47:00,368,814.07,6,Active
14624.0,2011-10-13 13:44:00,57,814.07,6,Active
16621.0,2011-10-19 11:38:00,52,813.48,4,Active
15644.0,2011-06-26 14:54:00,166,813.0,4,Active
18084.0,2011-11-23 13:57:00,16,812.93,3,Active
17194.0,2011-03-11 12:05:00,274,812.5,3,Active
17251.0,2010-12-12 11:06:00,363,812.4300000000001,3,Active
16624.0,2011-09-20 12:39:00,81,810.5699999999999,2,Active
13637.0,2011-10-18 13:32:00,52,810.5,3,Active
16958.0,2010-09-30 14:25:00,435,809.44,1,Active
13045.0,2011-09-01 15:04:00,99,808.92,3,Active
17114.0,2011-12-04 12:17:00,6,808.62,8,Active
17817.0,2011-12-05 14:39:00,4,807.85,6,Active
15533.0,2011-11-20 15:35:00,19,807.57,3,Active
17495.0,2011-12-02 12:08:00,8,806.72,3,Active
15952.0,2011-11-06 11:18:00,34,806.57,4,Active
12797.0,2010-12-09 10:55:00,366,806.11,2,Active
12632.0,2010-07-07 09:39:00,521,804.88,2,Active
18248.0,2011-08-09 10:19:00,123,804.02,2,Active
15921.0,2011-06-20 11:03:00,173,802.11,4,Active
15831.0,2011-10-12 13:14:00,58,801.76,3,Active
18265.0,2011-09-28 14:10:00,72,801.51,2,Active
16806.0,2011-08-28 15:27:00,103,801.49,4,Active
16127.0,2011-10-31 13:58:00,39,801.31,2,Active
13415.0,2010-08-24 11:38:00,473,800.67,4,Active
17023.0,2010-10-18 15:37:00,417,800.18,3,Active
13980.0,2011-10-10 13:34:00,60,799.92,5,Active
13720.0,2011-08-15 12:46:00,117,799.9,4,Active
17255.0,2011-10-30 12:18:00,41,799.13,4,Active
13041.0,2010-09-15 11:44:00,451,799.13,4,Active
16952.0,2011-08-22 13:03:00,109,798.78,5,Active
16438.0,2011-12-04 10:51:00,6,798.35,5,Active
17801.0,2010-09-14 14:32:00,451,798.3299999999999,3,Active
15309.0,2010-04-08 11:11:00,611,797.96,4,Active
13389.0,2011-11-28 14:01:00,11,797.96,3,Active
17281.0,2010-11-30 18:05:00,374,797.8499999999999,6,Active
15637.0,2011-10-18 08:28:00,53,797.59,5,Active
16155.0,2010-11-23 12:03:00,382,796.9,5,Active
15396.0,2011-08-19 10:56:00,113,796.38,2,Active
15872.0,2011-11-25 11:55:00,15,795.68,4,Active
16720.0,2011-11-13 16:22:00,26,795.48,3,Active
13336.0,2011-09-23 14:05:00,77,795.12,1,Active
16961.0,2011-08-15 13:46:00,116,794.56,3,Active
17212.0,2011-03-31 19:42:00,253,794.41,3,Active
14690.0,2011-10-26 15:39:00,44,794.33,4,Active
18034.0,2011-11-18 12:22:00,22,793.7,3,Active
16679.0,2010-12-08 13:51:00,366,793.06,3,Active
13296.0,2011-07-25 13:46:00,137,792.51,6,Active
14022.0,2011-04-28 14:39:00,225,792.15,2,Active
16250.0,2011-03-23 15:07:00,261,791.38,3,Active
14976.0,2011-10-13 16:37:00,57,790.86,7,Active
13484.0,2011-04-12 16:30:00,241,790.72,3,Active
13016.0,2011-09-27 14:08:00,73,789.89,3,Active
12923.0,2011-10-06 16:20:00,64,789.87,3,Active
16759.0,2011-12-02 12:42:00,8,789.79,3,Active
16472.0,2010-10-01 13:56:00,434,789.6,2,Active
13598.0,2011-10-23 14:28:00,47,789.59,5,Active
15448.0,2011-01-31 10:42:00,313,788.81,2,Active
14557.0,2011-09-15 15:48:00,85,788.38,1,Active
13212.0,2011-11-20 12:40:00,20,788.08,3,Active
14513.0,2011-08-31 11:25:00,101,788.01,6,Active
13323.0,2011-12-06 17:12:00,3,787.85,5,Active
16468.0,2011-09-26 14:13:00,74,787.52,3,Active
14463.0,2011-09-02 15:20:00,98,786.5699999999999,4,Active
12628.0,2011-12-05 13:15:00,4,786.46,3,Active
16739.0,2011-06-16 09:17:00,177,786.43,2,Active
16972.0,2010-11-22 10:59:00,383,786.25,2,Active
13770.0,2010-10-13 15:10:00,422,785.37,4,Active
13541.0,2010-10-08 16:37:00,427,785.25,2,Active
15714.0,2011-11-28 11:26:00,12,784.8100000000001,5,Active
15806.0,2011-10-24 14:35:00,46,784.58,3,Active
15743.0,2011-11-23 17:19:00,16,784.46,4,Active
17387.0,2011-11-20 11:00:00,20,784.11,2,Active
12761.0,2010-09-08 12:17:00,458,782.95,2,Active
16836.0,2011-10-31 10:05:00,40,782.37,4,Active
13453.0,2011-06-27 09:34:00,166,781.6899999999999,3,Active
13287.0,2010-04-15 15:26:00,603,781.59,3,Active
15679.0,2011-11-15 16:19:00,24,781.28,4,Active
15239.0,2011-11-29 14:14:00,10,780.59,2,Active
13502.0,2011-11-23 10:39:00,17,780.5,5,Active
15246.0,2011-04-15 14:45:00,238,780.4,3,Active
17691.0,2010-12-16 17:20:00,358,780.0500000000001,4,Active
18228.0,2011-10-14 09:21:00,57,779.9,2,Active
12735.0,2011-01-28 13:37:00,315,779.5699999999999,2,Active
12504.0,2011-11-21 16:02:00,18,779.05,4,Active
13781.0,2011-04-03 12:08:00,251,778.83,3,Active
14815.0,2011-11-03 11:36:00,37,778.5,2,Active
17482.0,2010-08-09 15:33:00,487,778.19,2,Active
16505.0,2011-11-08 12:14:00,32,777.6,1,Active
13563.0,2011-09-16 14:45:00,84,777.53,2,Active
13745.0,2011-06-30 16:43:00,162,777.36,2,Active
15837.0,2011-10-06 09:01:00,65,777.01,2,Active
15794.0,2009-12-03 13:04:00,736,777.0,2,Active
15618.0,2011-11-07 08:34:00,33,776.851,4,Active
14997.0,2011-10-24 13:28:00,46,776.5999999999999,4,Active
15092.0,2011-05-08 14:10:00,215,776.46,3,Active
18112.0,2011-11-27 14:43:00,12,775.96,4,Active
13314.0,2011-12-08 12:29:00,2,775.94,3,Active
13341.0,2011-03-24 09:50:00,261,775.85,1,Active
14234.0,2011-11-17 17:53:00,22,775.46,4,Active
16447.0,2011-07-27 12:45:00,136,775.14,3,Active
15414.0,2011-11-30 09:50:00,10,774.9000000000001,3,Active
17889.0,2011-05-11 16:26:00,212,774.87,7,Active
15773.0,2011-12-04 12:48:00,6,774.52,2,Active
18058.0,2011-11-30 08:38:00,10,774.06,3,Active
14838.0,2010-10-12 15:46:00,423,773.6700000000001,2,Active
16565.0,2010-12-10 15:21:00,364,773.05,4,Active
15075.0,2011-09-23 12:27:00,78,773.03,1,Active
14247.0,2011-03-06 15:21:00,278,772.66,5,Active
12965.0,2011-09-11 15:31:00,89,771.91,1,Active
14104.0,2011-07-08 12:50:00,155,771.5799999999999,5,Active
14998.0,2011-06-22 17:30:00,170,770.73,4,Active
14413.0,2010-12-12 13:37:00,362,770.37,4,Active
15988.0,2011-11-20 13:23:00,19,770.09,3,Active
16480.0,2011-09-25 11:40:00,76,769.29,1,Active
16978.0,2011-09-23 12:50:00,78,768.88,3,Active
13356.0,2011-09-20 14:33:00,80,768.24,1,Active
15331.0,2010-07-28 09:42:00,500,767.91,3,Active
13712.0,2011-04-07 12:33:00,247,766.42,2,Active
12991.0,2011-11-16 15:34:00,23,764.82,3,Active
15908.0,2010-08-06 11:56:00,491,764.57,2,Active
13699.0,2011-07-07 16:51:00,155,764.15,2,Active
16602.0,2011-11-03 15:54:00,36,763.33,2,Active
17466.0,2011-11-29 13:15:00,10,763.28,2,Active
16392.0,2011-03-15 12:11:00,270,763.05,3,Active
15428.0,2011-11-24 16:54:00,15,762.75,4,Active
16892.0,2011-12-08 13:18:00,1,762.1,7,Active
14883.0,2011-11-21 10:23:00,19,761.59,6,Active
17425.0,2011-11-20 15:30:00,19,759.17,2,Active
18246.0,2011-11-16 11:49:00,24,758.8199999999999,3,Active
15568.0,2011-12-07 11:27:00,3,758.29,3,Active
17979.0,2011-11-04 12:05:00,36,757.71,4,Active
17461.0,2011-11-17 10:21:00,23,757.46,3,Active
16262.0,2010-11-26 13:22:00,378,755.15,1,Active
18104.0,2011-11-02 14:07:00,37,754.64,1,Active
17141.0,2010-10-17 14:54:00,418,754.33,4,Active
17579.0,2011-12-05 12:28:00,5,753.28,4,Active
13730.0,2011-07-27 08:35:00,136,752.6,2,Active
13070.0,2011-05-31 13:45:00,192,751.7,4,Active
14923.0,2011-10-20 11:51:00,51,749.1,1,Active
14048.0,2011-02-07 14:53:00,305,748.69,3,Active
15656.0,2011-10-25 14:56:00,45,748.5,4,Active
14942.0,2010-11-03 10:51:00,402,746.56,4,Active
14050.0,2011-11-08 10:00:00,32,746.36,2,Active
16465.0,2010-10-15 09:27:00,421,746.24,2,Active
18190.0,2011-05-31 14:48:00,192,745.62,5,Active
14228.0,2010-09-28 09:45:00,438,745.5,3,Active
13950.0,2011-11-28 14:44:00,11,745.06,4,Active
13236.0,2011-11-15 12:50:00,25,744.85,2,Active
12871.0,2011-09-16 15:07:00,84,744.02,3,Active
13354.0,2011-09-29 13:17:00,71,743.53,1,Active
13713.0,2010-10-27 16:18:00,408,743.26,3,Active
17038.0,2011-11-09 13:50:00,30,743.17,2,Active
16730.0,2011-10-18 14:11:00,52,743.11,3,Active
15420.0,2010-10-01 15:46:00,434,743.0,6,Active
14302.0,2010-10-05 08:10:00,431,742.9000000000001,3,Active
17005.0,2010-08-26 10:57:00,471,742.36,2,Active
12465.0,2011-11-22 16:34:00,17,742.1899999999999,2,Active
15720.0,2011-11-15 14:48:00,24,741.92,2,Active
18275.0,2010-05-10 15:46:00,578,741.85,2,Active
13721.0,2011-11-03 14:05:00,36,741.54,2,Active
12603.0,2011-11-18 10:42:00,22,739.1999999999999,1,Active
15922.0,2010-12-01 13:51:00,373,739.0,1,Active
15462.0,2011-09-06 13:11:00,94,737.05,4,Active
16075.0,2010-07-25 11:31:00,503,736.9300000000001,2,Active
13780.0,2011-12-02 13:49:00,7,735.82,3,Active
15045.0,2011-07-11 11:33:00,152,735.66,2,Active
12527.0,2011-09-19 11:55:00,82,735.51,5,Active
17430.0,2011-11-07 09:24:00,33,735.17,4,Active
13286.0,2010-04-18 15:35:00,600,734.91,1,Active
15938.0,2011-08-19 12:56:00,112,734.81,9,Active
17756.0,2010-11-29 12:20:00,376,733.7,3,Active
17964.0,2011-11-08 10:44:00,32,733.46,2,Active
17615.0,2011-08-01 14:06:00,130,733.2,6,Active
12537.0,2010-10-27 08:36:00,409,732.94,1,Active
13575.0,2011-11-16 13:14:00,23,732.0699999999999,5,Active
17825.0,2010-04-20 12:01:00,599,731.96,4,Active
17548.0,2011-04-20 12:01:00,234,731.26,4,Active
17681.0,2010-04-21 17:22:00,597,731.2,5,Active
17999.0,2011-11-02 15:56:00,37,730.9,3,Active
14778.0,2011-08-04 15:23:00,127,730.86,2,Active
13921.0,2010-11-02 16:32:00,402,730.7,4,Active
17834.0,2010-10-21 12:09:00,415,730.47,2,Active
13452.0,2011-03-25 14:19:00,259,729.8,3,Active
12925.0,2011-12-05 11:11:00,5,729.3299999999999,3,Active
18163.0,2010-05-04 14:51:00,584,728.84,1,Active
12786.0,2010-04-09 12:12:00,610,728.5,1,Active
17547.0,2010-11-29 09:41:00,376,727.85,2,Active
17374.0,2011-05-05 09:05:00,219,727.11,3,Active
12519.0,2011-10-07 09:26:00,64,726.54,2,Active
12723.0,2011-12-06 10:19:00,4,725.07,5,Active
18187.0,2010-03-18 09:49:00,632,724.89,1,Active
13729.0,2010-09-30 10:44:00,436,724.73,3,Active
14798.0,2011-10-18 10:58:00,53,724.31,8,Active
17572.0,2011-09-29 17:53:00,71,723.01,10,Active
15368.0,2011-11-18 14:42:00,21,722.74,2,Active
13264.0,2010-09-23 12:42:00,443,722.5600000000001,1,Active
17561.0,2011-11-20 12:53:00,19,722.34,4,Active
13057.0,2010-06-27 15:44:00,530,722.09,3,Active
13441.0,2011-09-09 09:38:00,92,720.9,2,Active
16023.0,2011-10-24 16:34:00,46,719.81,3,Active
14179.0,2011-10-30 12:07:00,41,719.78,2,Active
16415.0,2011-10-26 13:35:00,44,719.44,3,Active
13537.0,2010-10-10 12:45:00,426,717.85,2,Active
13604.0,2010-02-19 12:02:00,659,717.62,1,Active
16269.0,2010-09-28 11:50:00,438,717.57,1,Active
12573.0,2011-04-26 15:52:00,227,717.41,5,Active
12890.0,2011-11-15 17:26:00,24,717.27,2,Active
16526.0,2011-06-21 12:02:00,172,717.21,2,Active
15274.0,2011-12-05 16:57:00,4,716.57,2,Active
12535.0,2011-09-09 08:48:00,92,716.35,2,Active
16274.0,2010-12-01 15:35:00,373,715.9,1,Active
12492.0,2011-10-07 15:15:00,63,715.21,3,Active
15330.0,2011-11-07 17:50:00,32,714.96,2,Active
17051.0,2011-05-29 14:13:00,194,714.39,4,Active
13512.0,2011-03-24 10:03:00,261,713.39,4,Active
14026.0,2010-08-26 10:31:00,471,713.11,2,Active
13147.0,2011-11-29 13:59:00,10,712.8000000000001,4,Active
17761.0,2011-11-07 10:23:00,33,712.78,1,Active
14470.0,2011-11-28 10:31:00,12,712.04,3,Active
15127.0,2011-10-05 10:30:00,66,711.5,2,Active
16885.0,2011-11-24 13:40:00,15,710.74,4,Active
13103.0,2011-10-31 09:38:00,40,709.64,3,Active
13927.0,2011-09-26 12:00:00,75,708.26,2,Active
12485.0,2010-06-28 15:22:00,529,708.1,1,Active
14398.0,2010-11-03 13:46:00,401,707.79,2,Active
16449.0,2011-05-26 10:25:00,198,707.69,2,Active
12453.0,2011-07-28 14:08:00,134,707.09,1,Active
16364.0,2011-11-28 11:27:00,12,707.04,2,Active
13626.0,2011-04-01 10:05:00,253,707.04,2,Active
16309.0,2011-08-25 15:35:00,106,706.57,2,Active
17976.0,2010-12-02 13:49:00,372,706.38,1,Active
14880.0,2011-09-23 13:42:00,77,706.19,3,Active
16015.0,2011-12-06 10:58:00,4,705.39,3,Active
16882.0,2011-10-04 10:42:00,67,705.12,3,Active
12612.0,2011-09-26 15:35:00,74,704.0400000000001,1,Active
12883.0,2011-11-15 09:32:00,25,703.47,4,Active
18082.0,2011-11-14 12:45:00,26,703.37,1,Active
15103.0,2011-11-08 14:53:00,31,703.36,2,Active
15901.0,2011-11-23 12:43:00,17,703.22,7,Active
14699.0,2011-05-09 14:54:00,214,702.6,4,Active
16997.0,2011-02-24 17:28:00,288,702.0,3,Active
14324.0,2010-10-26 11:44:00,410,701.61,2,Active
13833.0,2011-07-03 13:27:00,159,701.36,2,Active
14356.0,2011-09-21 09:18:00,80,701.23,2,Active
17163.0,2011-11-18 08:57:00,22,699.78,4,Active
13242.0,2011-08-19 12:53:00,112,699.4,7,Active
16018.0,2011-10-31 14:13:00,39,698.13,4,Active
15053.0,2011-12-05 12:08:00,5,697.79,3,Active
14497.0,2011-02-03 17:01:00,309,697.0600000000001,2,Active
13596.0,2011-12-04 12:01:00,6,697.04,2,Active
15700.0,2011-06-20 16:53:00,172,696.68,2,Active
15995.0,2010-10-21 13:57:00,414,696.19,1,Active
16704.0,2010-03-31 14:02:00,618,695.66,2,Active
14959.0,2011-10-06 18:23:00,64,695.42,4,Active
13101.0,2011-04-19 14:37:00,234,695.4,4,Active
14111.0,2011-11-25 13:44:00,14,692.85,4,Active
17733.0,2011-11-01 08:16:00,39,692.19,2,Active
12817.0,2011-03-03 16:28:00,281,690.98,3,Active
15184.0,2011-11-10 13:41:00,29,689.95,4,Active
16545.0,2011-06-28 10:37:00,165,689.82,2,Active
17502.0,2011-11-30 13:13:00,9,689.1,4,Active
15361.0,2010-12-13 09:52:00,362,689.07,4,Active
12837.0,2011-06-19 16:07:00,173,688.41,2,Active
12450.0,2011-07-06 14:41:00,156,688.2,5,Active
18017.0,2011-09-19 16:15:00,81,688.0,4,Active
17962.0,2011-07-20 14:16:00,142,687.42,4,Active
16343.0,2011-11-23 17:45:00,16,687.0699999999999,3,Active
14809.0,2010-03-28 15:44:00,621,686.76,2,Active
15880.0,2010-12-05 13:00:00,369,686.5600000000001,1,Active
13898.0,2011-01-18 10:28:00,326,686.4,2,Active
16824.0,2011-11-24 12:38:00,16,686.24,3,Active
17935.0,2011-07-24 13:18:00,138,686.14,7,Active
12658.0,2011-11-21 10:22:00,19,686.05,1,Active
15257.0,2011-03-01 12:58:00,283,685.9,2,Active
15219.0,2011-06-16 16:57:00,176,685.45,2,Active
18123.0,2011-11-15 14:23:00,24,684.59,3,Active
13585.0,2010-06-27 12:33:00,531,684.54,3,Active
16495.0,2011-12-06 13:20:00,3,684.41,3,Active
15669.0,2011-10-30 16:03:00,40,684.34,4,Active
16601.0,2011-10-30 11:09:00,41,684.25,3,Active
15207.0,2010-10-19 13:29:00,416,683.9200000000001,3,Active
17874.0,2011-06-07 12:54:00,185,683.46,6,Active
14222.0,2011-06-15 16:42:00,177,683.17,1,Active
15582.0,2011-11-15 09:55:00,25,682.9100000000001,3,Active
13987.0,2010-11-25 10:20:00,380,682.54,2,Active
12601.0,2011-06-03 10:17:00,190,681.26,6,Active
12478.0,2011-12-06 09:56:00,4,680.99,1,Active
18271.0,2010-04-09 09:26:00,610,680.85,2,Active
13524.0,2011-10-30 12:34:00,41,680.1800000000001,5,Active
13809.0,2011-02-07 13:15:00,305,679.7,3,Active
13430.0,2011-11-21 08:19:00,19,679.45,2,Active
14151.0,2010-02-04 15:35:00,673,679.45,2,Active
14563.0,2010-07-18 12:01:00,510,679.44,2,Active
17782.0,2010-11-22 11:15:00,383,679.02,2,Active
16646.0,2010-09-16 13:28:00,449,678.8,1,Active
14182.0,2010-09-22 11:45:00,444,678.77,4,Active
13925.0,2011-09-08 12:47:00,93,678.25,4,Active
13974.0,2011-10-21 14:41:00,49,677.72,2,Active
13040.0,2011-12-01 10:38:00,9,676.99,2,Active
17462.0,2011-10-10 13:56:00,60,675.69,2,Active
13325.0,2011-09-19 10:36:00,82,675.3,1,Active
13355.0,2011-08-09 14:48:00,122,674.7,1,Active
13951.0,2011-06-16 16:43:00,176,674.45,3,Active
15562.0,2010-12-23 09:55:00,352,673.3800000000001,3,Active
14504.0,2011-10-23 16:00:00,47,673.26,4,Active
18121.0,2011-07-13 12:53:00,149,673.1,2,Active
16648.0,2011-10-28 08:58:00,43,672.8,3,Active
16226.0,2011-05-20 14:41:00,203,672.1700000000001,5,Active
17011.0,2011-11-09 13:30:00,30,671.7,3,Active
17709.0,2011-06-23 11:55:00,170,671.01,5,Active
13398.0,2011-05-31 13:17:00,192,670.34,2,Active
17418.0,2011-10-28 13:00:00,42,670.0600000000001,3,Active
13741.0,2011-09-29 09:19:00,72,668.4300000000001,3,Active
16268.0,2011-09-29 18:30:00,71,667.65,2,Active
13217.0,2011-08-09 15:32:00,122,666.48,4,Active
17777.0,2011-11-15 12:02:00,25,665.86,3,Active
17105.0,2011-07-03 15:53:00,159,665.78,2,Active
14452.0,2011-11-29 12:06:00,11,665.59,4,Active
16056.0,2011-10-25 15:19:00,45,664.85,1,Active
16132.0,2010-06-13 13:49:00,544,664.1999999999999,2,Active
15643.0,2011-06-01 07:38:00,192,664.0,3,Active
14720.0,2011-12-04 12:02:00,6,663.81,3,Active
13474.0,2011-04-17 13:53:00,236,663.79,3,Active
16573.0,2011-09-16 09:13:00,85,663.61,2,Active
15350.0,2010-12-01 13:33:00,373,663.25,2,Active
17852.0,2011-11-28 12:36:00,12,663.21,5,Active
17371.0,2011-11-22 13:30:00,17,662.55,6,Active
13864.0,2010-11-18 12:50:00,387,662.4000000000001,1,Active
16862.0,2010-06-10 13:05:00,547,662.33,4,Active
14425.0,2010-10-01 10:24:00,435,661.39,3,Active
13028.0,2011-11-17 11:10:00,23,661.3199999999999,2,Active
12386.0,2011-01-06 12:37:00,338,660.8,2,Active
16887.0,2011-11-04 14:07:00,35,660.72,3,Active
13820.0,2010-10-17 13:46:00,418,660.65,3,Active
17375.0,2011-05-24 15:45:00,199,660.55,4,Active
16428.0,2010-10-22 12:22:00,414,660.28,3,Active
14603.0,2011-03-10 10:27:00,275,660.0,1,Active
15405.0,2011-06-03 14:44:00,189,659.84,2,Active
15492.0,2011-11-11 14:53:00,28,659.4599999999999,2,Active
13518.0,2011-09-15 10:29:00,86,659.4399999999999,1,Active
13759.0,2011-11-06 14:47:00,33,659.4100000000001,2,Active
13622.0,2010-01-12 13:22:00,696,658.95,1,Active
14150.0,2011-11-04 10:05:00,36,658.64,2,Active
17779.0,2011-11-18 14:15:00,21,658.57,3,Active
13433.0,2010-07-26 16:55:00,501,658.3199999999999,4,Active
15715.0,2010-06-02 09:56:00,556,658.02,5,Active
16696.0,2011-07-27 14:23:00,135,657.9000000000001,4,Active
15648.0,2011-05-19 15:53:00,204,657.35,2,Active
17459.0,2011-10-27 13:25:00,43,657.3,2,Active
16157.0,2011-11-24 11:41:00,16,656.69,3,Active
16708.0,2011-10-25 12:20:00,46,656.63,1,Active
14558.0,2010-02-23 12:51:00,654,655.5,3,Active
16117.0,2011-06-03 11:42:00,190,654.4,3,Active
17398.0,2011-08-17 09:48:00,115,653.38,3,Active
13496.0,2011-11-29 10:58:00,11,653.33,2,Active
15205.0,2011-09-15 19:36:00,85,653.24,2,Active
17523.0,2011-11-28 13:20:00,11,652.74,4,Active
14034.0,2011-11-17 14:02:00,22,651.8199999999999,3,Active
17963.0,2010-08-25 15:58:00,471,651.51,4,Active
13840.0,2010-10-19 13:34:00,416,651.4,1,Active
12855.0,2010-12-02 09:37:00,373,650.9399999999999,4,Active
16734.0,2011-10-18 13:44:00,52,650.51,3,Active
16969.0,2011-10-31 13:12:00,39,650.41,3,Active
15276.0,2011-10-04 16:39:00,66,649.53,4,Active
12844.0,2011-11-10 13:31:00,29,648.6,4,Active
16412.0,2011-10-17 12:35:00,54,647.23,5,Active
14024.0,2011-08-10 11:30:00,122,645.74,3,Active
17380.0,2010-10-01 16:42:00,434,645.0,3,Active
12719.0,2011-12-04 13:45:00,5,644.95,2,Active
16185.0,2011-11-23 09:41:00,17,644.72,3,Active
17312.0,2011-07-24 11:52:00,139,644.3,3,Active
13237.0,2010-11-17 10:07:00,388,643.0,1,Active
16431.0,2011-05-10 14:09:00,213,642.81,3,Active
15297.0,2011-11-29 16:32:00,10,641.94,3,Active
16399.0,2011-11-20 16:12:00,19,641.82,3,Active
14537.0,2011-10-13 10:54:00,58,641.4,2,Active
12365.0,2011-02-21 14:04:00,291,641.38,2,Active
12624.0,2011-08-25 15:04:00,106,641.13,2,Active
13318.0,2011-12-08 18:51:00,1,640.76,3,Active
12538.0,2011-11-10 17:16:00,29,640.45,2,Active
16368.0,2011-12-07 13:12:00,2,640.21,3,Active
12880.0,2010-11-23 10:50:00,382,640.13,2,Active
15183.0,2010-06-10 10:43:00,548,639.93,3,Active
12734.0,2010-12-22 12:47:00,353,639.65,3,Active
17998.0,2010-11-24 15:31:00,380,639.24,3,Active
12699.0,2010-10-18 12:07:00,418,638.11,1,Active
14664.0,2011-11-20 10:59:00,20,637.89,2,Active
17134.0,2011-08-25 09:53:00,107,637.1,3,Active
15829.0,2011-09-01 16:45:00,99,636.14,2,Active
16534.0,2010-03-07 15:47:00,642,635.9,1,Active
17334.0,2011-02-10 14:59:00,302,635.15,3,Active
17985.0,2011-11-17 14:24:00,22,634.95,1,Active
14594.0,2011-12-02 13:28:00,7,634.83,2,Active
14365.0,2010-11-10 09:52:00,395,634.68,2,Active
16330.0,2011-11-22 12:24:00,18,634.33,7,Active
14219.0,2011-12-05 16:23:00,4,633.83,3,Active
15666.0,2010-08-24 16:14:00,472,632.9399999999999,2,Active
13540.0,2010-08-29 14:20:00,467,632.39,3,Active
14237.0,2010-12-01 13:20:00,373,632.14,2,Active
18183.0,2011-04-26 15:26:00,227,632.07,2,Active
13822.0,2011-12-04 12:13:00,6,632.0,2,Active
13444.0,2010-11-30 13:02:00,374,631.6800000000001,2,Active
14381.0,2011-10-18 17:10:00,52,631.34,2,Active
13706.0,2011-02-10 09:21:00,303,631.17,2,Active
16193.0,2011-04-17 11:45:00,237,630.43,2,Active
15016.0,2011-06-20 12:06:00,173,630.3,5,Active
18101.0,2011-11-28 13:37:00,11,629.16,5,Active
13525.0,2011-11-25 12:01:00,15,628.78,2,Active
14283.0,2010-09-02 14:46:00,463,628.4399999999999,4,Active
16158.0,2010-07-05 13:55:00,522,628.32,9,Active
16022.0,2011-03-24 13:16:00,260,628.28,1,Active
14455.0,2010-10-03 15:48:00,432,628.21,4,Active
13480.0,2010-10-19 11:53:00,417,627.82,2,Active
14036.0,2011-02-28 09:26:00,285,626.65,1,Active
17392.0,2011-02-06 12:48:00,307,626.56,3,Active
13914.0,2011-11-28 10:35:00,12,626.45,2,Active
14793.0,2011-11-18 14:50:00,21,625.9,2,Active
16715.0,2011-09-22 18:15:00,78,625.52,2,Active
14169.0,2010-10-05 08:45:00,431,624.4300000000001,2,Active
13776.0,2010-10-07 16:11:00,428,623.98,2,Active
16750.0,2011-10-26 12:48:00,45,623.93,5,Active
15147.0,2011-04-13 15:57:00,240,623.5,1,Active
16792.0,2011-03-02 14:41:00,282,623.46,5,Active
15258.0,2011-06-24 12:30:00,169,623.16,2,Active
12575.0,2010-09-08 13:09:00,457,622.8199999999999,2,Active
14115.0,2010-07-26 12:36:00,502,622.6700000000001,2,Active
13836.0,2010-11-05 13:31:00,399,620.37,2,Active
14339.0,2011-04-11 11:06:00,243,620.27,2,Active
12667.0,2011-10-12 17:00:00,58,620.13,1,Active
14529.0,2011-10-10 15:27:00,60,620.04,3,Active
16776.0,2011-10-10 13:04:00,60,619.85,2,Active
13020.0,2010-05-26 11:12:00,563,618.96,2,Active
14079.0,2011-08-07 12:10:00,125,618.73,2,Active
13493.0,2011-03-09 15:35:00,275,618.63,2,Active
16613.0,2011-09-30 15:52:00,70,618.59,1,Active
12596.0,2011-10-19 13:02:00,51,618.27,2,Active
13301.0,2011-08-28 11:25:00,104,618.09,4,Active
15956.0,2010-06-06 13:06:00,551,617.6,2,Active
14377.0,2011-06-01 13:32:00,191,617.05,2,Active
13369.0,2010-12-09 11:30:00,366,616.5600000000001,1,Active
16311.0,2011-11-22 08:54:00,18,616.26,2,Active
17639.0,2011-03-08 15:22:00,276,615.17,6,Active
15275.0,2011-11-02 11:20:00,38,615.14,1,Active
14077.0,2011-10-30 12:35:00,41,615.0799999999999,6,Active
16847.0,2011-10-27 13:29:00,43,614.89,2,Active
15748.0,2011-10-30 12:51:00,40,614.7600000000001,3,Active
16566.0,2011-11-24 16:34:00,15,614.66,5,Active
16844.0,2010-05-26 10:29:00,563,614.34,2,Active
14570.0,2011-03-04 10:58:00,281,613.75,3,Active
13832.0,2011-11-20 15:36:00,19,613.6899999999999,2,Active
17035.0,2011-04-08 11:23:00,246,613.59,4,Active
15362.0,2010-09-17 10:37:00,449,613.08,2,Active
16116.0,2011-05-12 12:01:00,212,612.78,1,Active
16178.0,2011-07-24 16:05:00,138,612.6,2,Active
16589.0,2011-09-29 14:50:00,71,612.36,4,Active
12513.0,2011-08-19 10:51:00,113,612.29,1,Active
13008.0,2011-01-20 14:24:00,323,612.13,3,Active
15232.0,2011-08-18 16:27:00,113,612.06,2,Active
17209.0,2010-02-28 16:01:00,649,611.6,3,Active
16922.0,2010-05-16 11:24:00,573,611.08,1,Active
13731.0,2011-05-04 14:33:00,219,610.59,2,Active
14636.0,2011-11-03 16:12:00,36,609.85,2,Active
17325.0,2011-03-04 13:09:00,280,609.5699999999999,3,Active
17707.0,2011-06-07 15:03:00,185,609.3000000000001,8,Active
16675.0,2010-09-24 12:15:00,442,608.86,2,Active
13933.0,2011-08-22 14:03:00,109,608.7900000000001,2,Active
15018.0,2011-11-01 12:47:00,39,607.46,3,Active
15717.0,2011-04-19 13:21:00,234,607.0,5,Active
17473.0,2010-10-27 11:45:00,409,607.0,2,Active
17119.0,2011-12-06 14:40:00,3,606.91,2,Active
15158.0,2011-10-25 13:53:00,45,606.02,2,Active
16590.0,2010-11-04 09:06:00,401,605.9,2,Active
17507.0,2011-03-23 11:48:00,262,605.58,2,Active
16780.0,2011-08-31 16:09:00,100,605.55,3,Active
14323.0,2011-08-17 11:37:00,115,605.0600000000001,2,Active
13558.0,2011-12-04 11:24:00,6,605.06,4,Active
16321.0,2011-09-28 14:55:00,72,604.5500000000001,7,Active
12944.0,2011-11-04 11:04:00,36,604.51,2,Active
17270.0,2010-08-27 14:09:00,469,604.4,2,Active
14611.0,2010-09-22 09:19:00,444,604.3299999999999,2,Active
14417.0,2010-11-17 10:55:00,388,604.2,1,Active
12556.0,2011-10-20 13:06:00,50,603.71,2,Active
13106.0,2011-07-29 15:12:00,133,603.46,2,Active
12707.0,2011-02-21 08:38:00,292,603.42,1,Active
18264.0,2010-07-29 10:02:00,499,603.25,1,Active
16445.0,2011-11-06 12:32:00,34,602.73,4,Active
16080.0,2011-09-19 10:42:00,82,602.5600000000001,4,Active
17890.0,2011-01-21 11:19:00,323,602.09,2,Active
14670.0,2011-03-04 14:13:00,280,602.0,3,Active
12654.0,2011-11-29 10:10:00,11,601.98,5,Active
14254.0,2010-10-03 11:52:00,433,601.03,1,Active
12420.0,2011-10-07 08:55:00,64,600.39,1,Active
17745.0,2010-08-19 12:30:00,478,600.34,2,Active
18211.0,2011-11-14 08:10:00,26,600.07,5,Active
17678.0,2011-03-21 11:52:00,264,599.76,2,Active
12521.0,2011-07-20 10:51:00,143,599.68,1,Active
14965.0,2011-09-04 13:20:00,96,599.0,2,Active
14569.0,2011-12-08 14:58:00,1,598.98,4,Active
13311.0,2011-12-05 12:55:00,4,598.57,2,Active
17845.0,2010-06-02 15:20:00,555,598.19,4,Active
15424.0,2011-03-30 13:02:00,254,597.78,3,Active
14170.0,2010-11-29 13:10:00,375,597.33,3,Active
13684.0,2011-02-27 10:13:00,286,596.98,4,Active
15631.0,2010-03-07 14:52:00,642,596.67,1,Active
15346.0,2011-01-11 11:18:00,333,596.12,3,Active
17658.0,2011-11-14 12:07:00,26,595.42,2,Active
14771.0,2010-03-28 12:52:00,621,594.62,2,Active
15442.0,2011-04-05 12:24:00,249,594.0,1,Active
15929.0,2010-03-05 14:56:00,644,594.0,1,Active
14746.0,2010-10-29 14:44:00,406,593.5,4,Active
18232.0,2011-09-19 11:49:00,82,592.97,4,Active
13472.0,2010-09-02 09:41:00,464,592.24,2,Active
17815.0,2010-11-11 14:39:00,393,591.96,1,Active
17156.0,2010-08-05 11:30:00,492,591.87,1,Active
12790.0,2011-05-31 14:14:00,192,591.85,2,Active
17483.0,2011-10-05 13:10:00,65,591.73,4,Active
15524.0,2011-11-15 12:09:00,25,591.4,2,Active
17098.0,2010-11-23 12:13:00,382,591.0699999999999,3,Active
15160.0,2010-12-17 14:15:00,357,589.27,4,Active
15624.0,2011-08-15 11:38:00,117,588.13,4,Active
15191.0,2010-09-02 15:37:00,463,588.05,3,Active
17014.0,2011-12-01 14:09:00,8,586.33,3,Active
14173.0,2011-11-29 11:54:00,11,586.0,6,Active
12384.0,2011-11-11 08:39:00,29,585.27,2,Active
17773.0,2010-07-13 14:07:00,514,585.27,2,Active
12800.0,2010-08-26 14:11:00,470,584.25,3,Active
14023.0,2011-12-02 13:58:00,7,584.07,2,Active
15762.0,2011-10-05 16:15:00,65,583.75,2,Active
16001.0,2010-11-23 17:10:00,381,583.39,1,Active
15918.0,2011-06-02 11:42:00,191,582.88,3,Active
16100.0,2010-09-03 11:39:00,463,582.64,1,Active
16802.0,2010-01-29 13:44:00,679,582.61,2,Active
17970.0,2011-05-12 20:03:00,211,582.59,1,Active
17099.0,2010-06-24 16:25:00,533,582.17,1,Active
14742.0,2010-09-30 14:07:00,435,579.85,1,Active
16596.0,2011-11-24 10:02:00,16,579.63,4,Active
15588.0,2010-01-31 12:19:00,678,579.6,1,Active
15959.0,2010-01-26 16:38:00,682,579.49,3,Active
18039.0,2010-11-30 13:07:00,374,579.17,4,Active
18262.0,2011-07-22 16:04:00,140,577.54,3,Active
17274.0,2011-11-04 13:16:00,35,577.38,2,Active
15830.0,2011-11-02 10:40:00,38,576.0,1,Active
17557.0,2011-11-25 12:57:00,14,575.46,4,Active
12859.0,2010-09-07 12:20:00,459,575.1,1,Active
13262.0,2011-03-21 15:06:00,263,573.45,3,Active
12879.0,2011-10-26 12:24:00,45,573.22,3,Active
15415.0,2011-01-30 14:13:00,313,572.8100000000001,1,Active
13424.0,2010-09-16 10:49:00,450,572.77,1,Active
13379.0,2011-11-13 13:45:00,26,572.56,3,Active
13179.0,2010-03-31 11:40:00,619,572.3100000000001,1,Active
14053.0,2011-08-07 14:27:00,124,572.3,4,Active
12816.0,2011-09-05 12:41:00,96,572.2,2,Active
13816.0,2011-11-16 08:38:00,24,571.6700000000001,2,Active
15920.0,2011-07-08 15:31:00,154,571.64,9,Active
15198.0,2011-09-08 14:42:00,92,571.35,5,Active
15691.0,2011-04-01 15:13:00,252,571.3,4,Active
18053.0,2011-09-30 09:05:00,71,571.07,3,Active
15821.0,2011-10-26 15:48:00,44,570.96,2,Active
13190.0,2010-06-13 15:47:00,544,570.66,3,Active
17122.0,2011-08-12 14:33:00,119,570.5,4,Active
15315.0,2011-10-06 12:51:00,64,570.5,2,Active
15857.0,2011-11-21 12:18:00,19,570.48,2,Active
14592.0,2011-11-04 16:35:00,35,570.46,3,Active
16667.0,2011-10-02 15:26:00,68,570.13,2,Active
17433.0,2011-09-12 14:24:00,88,569.96,2,Active
15169.0,2010-11-22 13:04:00,382,569.22,2,Active
13406.0,2010-10-08 14:44:00,427,568.92,2,Active
18244.0,2010-10-05 11:15:00,431,568.64,2,Active
13321.0,2011-09-28 15:24:00,72,567.36,2,Active
14208.0,2011-09-06 12:48:00,95,567.05,2,Active
15627.0,2010-09-08 14:14:00,457,566.9,2,Active
14986.0,2010-11-28 15:25:00,376,566.9,2,Active
13998.0,2010-09-19 10:20:00,447,566.7,3,Active
18150.0,2011-11-07 16:49:00,32,566.58,3,Active
14716.0,2011-10-27 17:29:00,43,565.45,3,Active
13894.0,2011-11-16 09:44:00,24,564.62,3,Active
15344.0,2011-12-09 10:45:00,1,563.94,3,Active
15143.0,2011-04-28 12:03:00,226,563.63,2,Active
15597.0,2011-11-04 13:26:00,35,563.37,2,Active
17665.0,2010-08-03 13:12:00,493,563.1,1,Active
17195.0,2010-02-22 13:05:00,655,562.98,1,Active
17265.0,2011-07-24 10:49:00,139,562.9,2,Active
16111.0,2010-10-07 19:51:00,428,562.48,1,Active
12559.0,2011-02-02 09:49:00,311,561.71,2,Active
18127.0,2011-11-20 14:05:00,19,561.53,4,Active
17233.0,2011-11-04 14:06:00,35,560.86,3,Active
15655.0,2011-04-10 15:25:00,243,560.67,1,Active
15917.0,2011-04-06 10:40:00,248,560.63,5,Active
17413.0,2010-10-31 12:33:00,405,560.14,2,Active
15055.0,2010-08-22 11:06:00,475,560.07,3,Active
14273.0,2011-10-19 13:20:00,51,559.97,4,Active
16414.0,2011-11-18 09:42:00,22,559.71,5,Active
17503.0,2011-12-07 09:18:00,3,558.96,2,Active
13260.0,2011-10-09 13:21:00,61,557.62,1,Active
17295.0,2011-11-11 10:49:00,29,556.95,3,Active
18049.0,2010-09-28 14:26:00,437,556.52,2,Active
16519.0,2011-11-14 15:41:00,25,556.26,4,Active
13677.0,2010-10-31 11:32:00,405,556.1899999999999,2,Active
13024.0,2010-08-26 09:42:00,471,555.87,2,Active
15102.0,2010-06-27 12:16:00,531,554.67,2,Active
15634.0,2011-11-22 16:28:00,17,554.65,2,Active
18056.0,2011-02-24 14:27:00,288,554.6,2,Active
16641.0,2011-08-26 12:49:00,106,554.5,2,Active
15650.0,2010-07-06 10:41:00,522,553.88,2,Active
17407.0,2010-10-24 11:57:00,412,552.9,1,Active
16406.0,2011-11-21 11:57:00,19,552.68,3,Active
17016.0,2010-05-12 12:32:00,577,552.4,1,Active
12363.0,2011-08-22 10:18:00,110,552.0,2,Active
16936.0,2011-11-14 11:04:00,26,551.17,2,Active
16707.0,2010-11-04 14:39:00,400,551.11,4,Active
18098.0,2010-11-08 16:31:00,396,550.84,1,Active
17291.0,2011-02-04 13:04:00,308,550.8000000000001,1,Active
12390.0,2011-09-21 09:33:00,80,549.84,1,Active
15200.0,2010-08-02 09:38:00,495,549.05,1,Active
16536.0,2011-08-21 15:54:00,110,548.97,1,Active
16031.0,2011-09-08 13:07:00,92,548.94,2,Active
15842.0,2010-11-11 14:08:00,393,548.8,2,Active
13948.0,2010-12-14 10:18:00,361,548.76,4,Active
15598.0,2011-10-17 16:04:00,53,548.02,2,Active
16811.0,2011-12-05 11:39:00,5,547.07,2,Active
17637.0,2011-11-08 12:51:00,31,547.0600000000001,2,Active
17520.0,2011-10-17 12:04:00,54,546.81,1,Active
18212.0,2011-01-17 16:14:00,326,546.72,2,Active
12743.0,2011-07-28 16:21:00,134,546.43,2,Active
15080.0,2010-10-08 11:52:00,428,546.25,2,Active
17248.0,2011-08-11 13:34:00,120,546.16,2,Active
17806.0,2011-11-28 14:12:00,11,546.04,1,Active
17580.0,2011-04-01 12:41:00,253,545.27,5,Active
13955.0,2011-07-08 17:19:00,154,545.17,3,Active
15728.0,2010-11-25 10:39:00,380,544.6,2,Active
18207.0,2010-07-28 14:26:00,499,544.47,1,Active
16475.0,2011-09-12 14:37:00,88,544.3,4,Active
13390.0,2011-09-26 08:38:00,75,544.08,1,Active
16927.0,2011-08-16 11:10:00,116,543.05,3,Active
17514.0,2011-08-03 15:45:00,128,542.83,2,Active
13785.0,2010-10-07 09:25:00,429,542.49,4,Active
15675.0,2011-09-19 13:48:00,81,542.04,4,Active
16230.0,2011-06-03 10:06:00,190,542.03,2,Active
16060.0,2010-11-04 12:10:00,401,541.95,3,Active
16647.0,2011-06-23 11:47:00,170,541.9,4,Active
17447.0,2011-10-30 14:18:00,40,541.53,2,Active
17643.0,2010-12-01 14:38:00,373,541.25,2,Active
16576.0,2010-10-15 13:37:00,420,540.87,2,Active
12819.0,2010-09-07 15:20:00,458,540.52,1,Active
12958.0,2010-11-04 16:16:00,400,539.49,2,Active
17524.0,2010-12-13 14:32:00,361,539.14,3,Active
13812.0,2011-10-28 14:27:00,42,539.0,3,Active
15539.0,2011-12-02 13:36:00,7,538.46,1,Active
13961.0,2010-11-12 14:40:00,392,538.4,1,Active
14539.0,2011-11-24 09:50:00,16,537.48,2,Active
17269.0,2010-11-19 11:12:00,386,537.46,1,Active
16804.0,2011-11-16 16:43:00,23,536.99,3,Active
18140.0,2010-08-23 11:58:00,474,536.41,1,Active
13207.0,2011-11-24 14:52:00,15,535.86,4,Active
15890.0,2010-11-10 12:46:00,395,535.65,5,Active
16142.0,2011-04-04 10:16:00,250,535.34,1,Active
12988.0,2011-02-20 14:31:00,292,535.32,1,Active
16935.0,2010-11-23 09:16:00,382,535.1,3,Active
12810.0,2010-06-23 10:53:00,535,534.99,2,Active
13807.0,2010-12-07 15:48:00,367,534.8,3,Active
13385.0,2011-01-14 09:52:00,330,534.57,1,Active
17443.0,2011-05-04 10:47:00,220,534.24,1,Active
17436.0,2011-12-08 12:30:00,2,534.06,5,Active
16785.0,2010-10-26 10:36:00,410,533.78,1,Active
13594.0,2011-10-18 10:19:00,53,533.32,2,Active
15433.0,2011-05-10 10:45:00,214,533.3,2,Active
15756.0,2011-10-09 13:30:00,61,532.96,4,Active
15825.0,2011-06-20 13:27:00,172,532.94,1,Active
15659.0,2011-10-27 09:23:00,44,532.49,3,Active
16021.0,2010-11-09 14:48:00,395,532.25,2,Active
15115.0,2011-11-21 14:59:00,18,531.85,2,Active
14940.0,2010-10-18 10:47:00,418,531.49,2,Active
16583.0,2010-12-01 12:03:00,374,531.4,2,Active
16706.0,2011-11-02 13:50:00,37,531.35,3,Active
17765.0,2011-07-04 12:41:00,159,530.8,4,Active
18159.0,2011-02-11 14:26:00,301,530.15,1,Active
14002.0,2011-07-28 15:55:00,134,529.73,2,Active
17458.0,2011-11-24 13:01:00,15,529.58,2,Active
18191.0,2011-03-23 12:08:00,262,529.4,2,Active
16413.0,2011-10-14 12:08:00,57,528.98,2,Active
14616.0,2011-04-11 09:54:00,243,527.78,5,Active
12479.0,2011-11-28 13:26:00,11,527.2,1,Active
18011.0,2010-12-01 17:35:00,373,527.03,2,Active
16421.0,2010-11-28 13:31:00,376,526.27,3,Active
15467.0,2011-11-30 14:17:00,9,524.88,3,Active
15683.0,2011-08-14 12:56:00,117,524.54,2,Active
15891.0,2011-04-27 12:35:00,227,524.52,1,Active
13277.0,2011-11-24 09:21:00,16,523.3,7,Active
17712.0,2011-10-26 12:28:00,45,522.91,1,Active
13605.0,2010-11-17 17:16:00,387,522.67,2,Active
12956.0,2011-02-06 16:08:00,306,521.89,4,Active
15689.0,2011-08-12 09:37:00,120,521.03,3,Active
14647.0,2011-05-22 13:40:00,201,519.97,2,Active
13977.0,2010-10-24 14:08:00,411,519.8100000000001,1,Active
12571.0,2011-10-31 10:19:00,40,519.61,2,Active
12777.0,2010-09-08 11:35:00,458,519.45,1,Active
14807.0,2010-11-14 12:47:00,391,519.29,2,Active
12825.0,2010-07-06 13:56:00,521,518.63,2,Active
13600.0,2011-01-31 15:27:00,312,518.42,2,Active
13553.0,2010-02-03 12:21:00,675,517.8,1,Active
17266.0,2011-12-07 14:12:00,2,517.73,5,Active
12979.0,2009-12-10 15:45:00,729,517.7,1,Active
12977.0,2011-07-06 16:40:00,156,517.63,4,Active
18205.0,2011-11-03 13:22:00,36,517.36,2,Active
14311.0,2011-04-11 10:14:00,243,516.45,2,Active
13043.0,2011-03-11 14:52:00,273,516.42,1,Active
14429.0,2010-11-01 10:08:00,404,516.28,1,Active
13859.0,2011-01-17 16:14:00,326,515.86,2,Active
18243.0,2010-10-21 14:29:00,414,515.78,1,Active
14949.0,2010-08-27 15:38:00,469,515.0,4,Active
13642.0,2011-05-08 12:34:00,216,514.72,4,Active
17510.0,2011-11-15 10:00:00,25,514.56,2,Active
12897.0,2011-05-19 12:13:00,205,514.25,4,Active
14722.0,2011-07-15 14:58:00,147,513.37,3,Active
16829.0,2011-07-06 10:48:00,157,513.32,2,Active
13177.0,2011-10-06 09:56:00,65,512.2,2,Active
16402.0,2011-03-20 12:25:00,265,511.4,2,Active
14552.0,2011-07-11 12:49:00,152,511.28000000000003,3,Active
12361.0,2011-02-25 13:51:00,287,511.25,4,Active
16561.0,2011-12-04 11:50:00,6,511.12,2,Active
17110.0,2011-06-27 12:58:00,165,510.7,3,Active
13367.0,2010-10-04 10:00:00,432,510.20000000000005,1,Active
12904.0,2011-11-21 14:34:00,18,509.58,2,Active
13710.0,2011-11-08 08:16:00,32,509.52,3,Active
14008.0,2010-10-03 13:09:00,432,509.04,1,Active
12436.0,2011-09-01 12:09:00,100,509.01,1,Active
12907.0,2010-11-09 12:08:00,396,508.91,2,Active
15417.0,2011-09-15 15:26:00,85,508.8,1,Active
17391.0,2011-06-29 09:58:00,164,508.8,2,Active
14317.0,2011-10-06 10:44:00,65,508.58000000000004,1,Active
13067.0,2011-09-18 13:38:00,82,508.51,3,Active
17276.0,2010-11-02 16:20:00,402,508.39,1,Active
17335.0,2010-11-21 10:17:00,384,508.0,2,Active
17415.0,2011-09-21 12:50:00,80,507.84,1,Active
14158.0,2011-10-30 15:08:00,40,507.66,1,Active
17384.0,2011-11-20 15:48:00,19,507.55,3,Active
15721.0,2011-11-28 12:14:00,12,507.08,1,Active
13885.0,2011-06-03 15:07:00,189,506.8,2,Active
13123.0,2010-08-24 10:18:00,473,506.75,2,Active
14968.0,2011-11-09 13:58:00,30,504.99,2,Active
18203.0,2011-07-05 13:07:00,157,504.42,4,Active
17630.0,2011-06-23 11:58:00,170,503.59999999999997,2,Active
14954.0,2011-11-27 14:30:00,12,503.44,2,Active
12376.0,2010-11-15 12:15:00,390,503.15,2,Active
12419.0,2010-11-19 10:04:00,386,503.01,2,Active
15138.0,2010-11-11 09:16:00,394,502.52,1,Active
13865.0,2011-10-12 13:31:00,58,501.56,4,Active
15881.0,2011-01-31 16:59:00,312,501.39000000000004,5,Active
13116.0,2011-07-24 14:33:00,138,501.14,1,Active
13247.0,2011-11-22 10:59:00,18,501.12,4,Active
16616.0,2011-11-24 16:31:00,15,500.42,2,Active
12366.0,2010-03-16 10:28:00,634,500.24,1,Active
13428.0,2011-11-29 14:20:00,10,499.98,3,Active
15193.0,2011-10-10 08:23:00,61,499.32,1,Active
17256.0,2011-08-24 13:30:00,107,498.93,5,Active
16488.0,2011-11-06 13:42:00,33,498.8,3,Active
14171.0,2011-09-02 16:43:00,98,498.79,2,Active
17608.0,2011-11-06 13:06:00,33,498.53,4,Active
17053.0,2011-08-01 10:23:00,131,498.48,1,Active
16820.0,2011-09-05 12:06:00,96,497.61,1,Active
17680.0,2011-11-16 12:42:00,24,497.45,3,Active
17923.0,2011-03-02 15:15:00,282,497.0,3,Active
12943.0,2010-05-30 13:52:00,558,496.5,2,Active
15300.0,2011-10-06 17:08:00,64,496.44,1,Active
15278.0,2010-05-27 10:03:00,562,496.15999999999997,4,Active
16977.0,2010-11-09 13:17:00,395,496.0,4,Active
16799.0,2010-10-03 14:28:00,432,495.98,2,Active
17995.0,2011-03-03 12:30:00,282,495.48,3,Active
14319.0,2010-10-11 13:38:00,424,494.85,1,Active
16352.0,2011-11-22 10:32:00,18,494.44,2,Active
17333.0,2011-09-15 10:11:00,86,494.25,1,Active
17823.0,2010-10-14 16:24:00,421,494.25,2,Active
15877.0,2011-12-08 11:53:00,2,493.28,2,Active
15958.0,2011-09-26 13:41:00,74,492.99,4,Active
15447.0,2011-01-13 11:26:00,331,492.88,5,Active
13176.0,2011-10-24 15:43:00,46,492.84,1,Active
14270.0,2011-01-12 09:33:00,332,492.65000000000003,1,Active
15507.0,2011-06-21 11:19:00,172,492.36,1,Active
14310.0,2010-10-03 12:34:00,433,492.1,1,Active
13732.0,2011-11-11 15:49:00,28,491.86,1,Active
17106.0,2010-11-15 14:11:00,389,491.23,1,Active
14663.0,2010-10-05 13:21:00,430,490.6,2,Active
15000.0,2011-10-23 11:42:00,48,490.52,1,Active
14416.0,2011-11-17 15:22:00,22,490.22,2,Active
12983.0,2010-04-20 12:58:00,598,490.08000000000004,1,Active
12634.0,2010-06-22 10:05:00,536,490.0,2,Active
17476.0,2010-11-09 10:21:00,396,489.86,2,Active
17715.0,2011-05-23 12:32:00,201,489.59999999999997,2,Active
17988.0,2011-11-28 11:00:00,12,489.54,14,Active
17925.0,2010-12-02 10:10:00,373,488.16,1,Active
18280.0,2011-03-07 09:52:00,278,488.15000000000003,2,Active
12920.0,2011-11-22 15:05:00,17,488.09000000000003,4,Active
13412.0,2010-03-29 16:28:00,620,487.34999999999997,1,Active
13733.0,2010-10-25 12:18:00,411,487.03000000000003,2,Active
13675.0,2011-07-11 12:57:00,151,486.82000000000005,2,Active
17453.0,2011-11-22 09:42:00,18,486.71999999999997,2,Active
13153.0,2011-12-04 12:14:00,6,486.22,1,Active
15216.0,2011-09-13 11:41:00,88,486.09,2,Active
12443.0,2009-12-07 15:42:00,732,485.31,1,Active
16999.0,2011-11-16 13:53:00,23,484.82,2,Active
16504.0,2011-11-14 15:18:00,25,484.38,1,Active
16024.0,2011-11-27 13:26:00,12,484.2,3,Active
15048.0,2011-10-05 14:55:00,65,482.75,4,Active
16603.0,2011-09-26 10:06:00,75,482.47,2,Active
17996.0,2010-11-25 11:00:00,380,482.33,3,Active
12542.0,2010-08-12 19:12:00,484,481.88,2,Active
18216.0,2011-11-08 16:55:00,31,481.75,1,Active
15174.0,2011-01-21 09:06:00,323,481.46,2,Active
14052.0,2011-11-20 12:30:00,20,480.81,2,Active
13161.0,2011-01-30 14:03:00,313,478.88,2,Active
15589.0,2011-03-29 09:54:00,256,478.53000000000003,3,Active
17111.0,2011-10-23 15:59:00,47,476.58,2,Active
12447.0,2011-04-10 13:25:00,243,476.49,1,Active
18176.0,2010-12-16 15:45:00,358,476.35,1,Active
15277.0,2011-10-24 10:08:00,47,476.34,2,Active
15780.0,2011-06-09 12:01:00,184,475.28000000000003,3,Active
16552.0,2011-04-11 10:04:00,243,475.02000000000004,2,Active
14599.0,2010-11-14 14:49:00,390,474.54,2,Active
14322.0,2010-10-06 15:17:00,429,474.1,4,Active
17104.0,2010-10-12 12:21:00,424,474.03,1,Active
15349.0,2011-07-04 16:06:00,158,473.81,2,Active
15557.0,2011-11-11 12:46:00,29,473.65000000000003,1,Active
16635.0,2010-10-29 09:41:00,407,473.0,1,Active
13194.0,2011-07-27 09:01:00,136,472.78,2,Active
14975.0,2011-10-13 14:08:00,57,472.39,2,Active
16038.0,2011-12-02 12:40:00,8,471.78000000000003,3,Active
16473.0,2011-06-28 09:10:00,165,470.83,4,Active
13066.0,2011-11-15 12:57:00,24,470.8,2,Active
15963.0,2011-11-20 11:33:00,20,470.76,2,Active
17254.0,2011-12-05 12:46:00,5,470.73,3,Active
18083.0,2010-11-07 11:44:00,398,470.72999999999996,1,Active
14819.0,2011-10-06 13:41:00,64,470.16,4,Active
14058.0,2010-09-03 09:31:00,463,469.19,2,Active
14369.0,2010-03-07 15:47:00,642,469.13,2,Active
15387.0,2010-08-04 16:05:00,492,468.65,1,Active
12554.0,2010-09-17 12:29:00,449,468.5,1,Active
13171.0,2011-11-18 10:27:00,22,468.41,3,Active
14335.0,2011-11-23 13:41:00,16,468.26,2,Active
14491.0,2011-06-17 15:22:00,175,468.13,2,Active
17344.0,2011-10-24 12:56:00,46,468.11,2,Active
14727.0,2011-03-10 14:45:00,274,467.92999999999995,3,Active
17294.0,2010-02-08 16:12:00,669,467.78999999999996,2,Active
17187.0,2011-04-27 12:39:00,227,467.71,2,Active
14029.0,2011-10-07 14:46:00,63,467.66,2,Active
16390.0,2010-06-21 10:11:00,537,467.5,3,Active
14148.0,2011-04-20 12:02:00,234,466.29,2,Active
13248.0,2011-08-07 12:40:00,125,465.68,2,Active
15036.0,2011-09-28 15:42:00,72,465.55,3,Active
13698.0,2010-04-22 11:52:00,597,465.53000000000003,2,Active
17181.0,2011-10-13 14:48:00,57,465.37,3,Active
17140.0,2011-04-06 13:33:00,247,465.32,1,Active
13928.0,2011-11-29 10:33:00,11,464.57,4,Active
17040.0,2011-07-25 10:19:00,138,463.25,2,Active
14627.0,2010-11-25 16:32:00,379,462.75,1,Active
14331.0,2011-08-07 13:17:00,124,462.65999999999997,2,Active
18031.0,2010-11-26 11:00:00,379,462.09999999999997,1,Active
13624.0,2010-11-16 13:43:00,388,462.08,1,Active
18284.0,2010-10-04 11:33:00,432,461.68,1,Active
14575.0,2010-08-08 14:51:00,488,460.71,1,Active
15540.0,2011-11-28 13:51:00,11,460.68,2,Active
12491.0,2011-11-01 12:18:00,39,460.40000000000003,1,Active
16310.0,2010-10-21 14:47:00,414,460.08,2,Active
14118.0,2010-10-07 11:59:00,429,458.45,1,Active
13957.0,2010-10-18 10:02:00,418,458.25,3,Active
14011.0,2010-08-16 15:31:00,480,457.82,2,Active
15121.0,2011-10-20 14:51:00,50,457.72,2,Active
16069.0,2010-10-18 10:32:00,418,457.7,1,Active
12375.0,2011-11-29 10:36:00,11,457.5,2,Active
12564.0,2011-03-23 14:55:00,261,456.9,1,Active
14296.0,2010-10-14 14:14:00,421,456.40000000000003,2,Active
16039.0,2010-10-12 10:44:00,424,456.4,2,Active
12999.0,2011-05-27 13:24:00,196,455.88,3,Active
15585.0,2011-06-16 08:38:00,177,455.3,1,Active
16765.0,2011-02-18 15:41:00,294,454.75,2,Active
17067.0,2009-12-15 08:39:00,725,454.54,3,Active
12459.0,2010-04-13 14:53:00,605,454.36,1,Active
15475.0,2011-09-23 15:20:00,77,454.10999999999996,1,Active
17564.0,2011-11-15 13:27:00,24,454.01,3,Active
17376.0,2011-09-30 12:36:00,71,453.64,4,Active
18158.0,2011-11-30 16:19:00,9,453.4,2,Active
16481.0,2010-01-26 13:09:00,682,453.38,1,Active
12729.0,2011-08-18 11:40:00,114,453.01,1,Active
14184.0,2011-10-04 12:43:00,67,452.89,1,Active
15418.0,2010-10-10 13:38:00,425,452.32,2,Active
18100.0,2010-06-07 14:19:00,550,451.56,1,Active
15802.0,2011-07-20 11:38:00,143,451.42,1,Active
15961.0,2010-11-25 15:59:00,379,451.28999999999996,1,Active
12831.0,2011-03-22 13:02:00,262,451.11,3,Active
15124.0,2011-11-17 10:09:00,23,450.82,4,Active
16870.0,2010-08-27 13:53:00,469,450.15999999999997,1,Active
13150.0,2010-08-12 12:59:00,484,449.96999999999997,3,Active
14784.0,2011-11-13 13:30:00,26,449.93,3,Active
13877.0,2011-09-14 15:49:00,86,449.68,3,Active
13489.0,2011-08-26 13:16:00,105,449.52,4,Active
15126.0,2010-06-21 12:31:00,537,449.49,2,Active
12448.0,2011-10-26 13:46:00,44,449.45,1,Active
15739.0,2011-10-04 13:42:00,66,449.12,1,Active
16939.0,2010-08-08 12:24:00,489,449.0,3,Active
14761.0,2011-10-12 12:10:00,59,447.92,3,Active
14780.0,2011-10-16 12:46:00,55,447.68,2,Active
18201.0,2009-12-17 08:55:00,723,447.53000000000003,1,Active
16095.0,2010-09-09 16:54:00,456,447.05,1,Active
13754.0,2011-07-11 11:51:00,152,447.05,3,Active
16921.0,2011-10-09 16:22:00,61,446.67,3,Active
14149.0,2011-05-03 09:44:00,221,446.62,1,Active
17370.0,2011-09-28 10:14:00,73,446.18,4,Active
17070.0,2011-08-17 17:01:00,114,445.32,2,Active
14010.0,2010-05-23 13:00:00,565,445.15,2,Active
14328.0,2010-09-27 16:01:00,438,445.05,1,Active
18134.0,2010-04-20 14:02:00,598,445.0,2,Active
12788.0,2010-09-02 14:21:00,463,444.9,4,Active
18270.0,2011-11-01 13:57:00,38,444.55,3,Active
14638.0,2011-10-20 10:10:00,51,443.6,1,Active
16424.0,2011-06-01 13:40:00,191,443.06,2,Active
16404.0,2011-09-30 14:55:00,70,443.05,1,Active
18222.0,2011-09-08 10:45:00,93,443.0,1,Active
14093.0,2011-11-27 16:27:00,12,442.85,1,Active
14996.0,2010-08-15 13:44:00,481,442.28999999999996,2,Active
17699.0,2010-08-20 09:39:00,477,442.0,2,Active
13738.0,2010-11-08 15:23:00,396,440.93,1,Active
16932.0,2011-10-17 14:12:00,53,440.71,3,Active
12579.0,2011-09-22 17:15:00,78,440.42,1,Active
18233.0,2011-01-18 08:44:00,326,440.0,1,Active
13954.0,2011-12-08 12:50:00,2,439.92,2,Active
16025.0,2011-11-10 11:45:00,30,439.65999999999997,1,Active
14979.0,2009-12-04 12:54:00,735,439.46,1,Active
16968.0,2011-12-05 15:02:00,4,439.43,2,Active
13086.0,2010-11-22 10:28:00,383,439.33000000000004,1,Active
17718.0,2011-04-21 13:39:00,232,439.18,2,Active
13432.0,2010-05-17 13:18:00,571,439.1,2,Active
13358.0,2011-03-16 11:52:00,269,439.03,1,Active
13964.0,2010-11-17 13:53:00,387,438.9,2,Active
17729.0,2010-04-22 15:03:00,596,438.65000000000003,1,Active
15859.0,2010-10-03 12:52:00,432,438.46,1,Active
17807.0,2010-11-09 16:21:00,395,437.87,3,Active
12552.0,2011-11-01 10:02:00,39,437.82,2,Active
14846.0,2010-10-08 17:07:00,427,437.4,1,Active
15553.0,2011-10-10 14:02:00,60,437.23,1,Active
16888.0,2010-11-04 12:39:00,401,437.15,3,Active
12672.0,2011-01-14 09:20:00,330,437.05,2,Active
14877.0,2010-10-17 13:09:00,418,437.0,2,Active
17178.0,2009-12-08 16:20:00,731,436.71,1,Active
16084.0,2011-02-13 16:05:00,299,436.18,1,Active
14123.0,2009-12-06 15:35:00,733,436.18,1,Active
16166.0,2010-10-07 15:44:00,428,435.83,2,Active
18110.0,2011-11-20 12:34:00,20,435.43,2,Active
12445.0,2011-11-17 18:43:00,22,434.98,2,Active
15323.0,2010-05-26 10:01:00,563,434.6,3,Active
14910.0,2011-12-07 10:06:00,3,434.35,4,Active
14238.0,2011-01-17 14:40:00,326,434.23,3,Active
14581.0,2011-11-23 12:39:00,17,433.8,2,Active
18029.0,2010-03-07 15:30:00,642,433.77,1,Active
12493.0,2011-06-27 10:17:00,166,433.74,2,Active
15613.0,2010-04-08 12:51:00,610,433.71999999999997,1,Active
16522.0,2010-09-30 10:54:00,436,433.36,2,Active
17687.0,2010-10-15 12:30:00,421,432.68,1,Active
16604.0,2010-05-26 09:10:00,563,432.45,2,Active
16236.0,2011-09-22 14:10:00,78,432.2,1,Active
16881.0,2011-10-04 10:33:00,67,432.0,1,Active
14042.0,2009-12-14 15:07:00,725,431.98,1,Active
15488.0,2011-09-08 10:11:00,93,431.92,5,Active
17842.0,2010-04-16 14:23:00,602,430.69,1,Active
12452.0,2011-11-23 10:28:00,17,430.57,2,Active
12795.0,2011-11-21 10:27:00,19,430.48,1,Active
12827.0,2011-12-04 12:17:00,6,430.15000000000003,3,Active
15450.0,2011-11-09 17:11:00,30,429.84,1,Active
15461.0,2010-09-05 12:31:00,461,429.7,2,Active
15230.0,2011-04-14 14:39:00,239,429.6,2,Active
13413.0,2010-03-10 12:17:00,640,429.44,6,Active
15915.0,2010-11-03 11:13:00,402,429.21,1,Active
15888.0,2011-09-20 12:30:00,81,429.16,3,Active
16324.0,2011-08-03 12:58:00,128,428.68,3,Active
18089.0,2010-09-19 11:57:00,447,428.45,1,Active
17285.0,2010-03-21 13:38:00,628,428.34,2,Active
15545.0,2011-10-16 13:24:00,54,428.05,2,Active
15360.0,2011-10-31 09:35:00,40,427.93,1,Active
12740.0,2011-10-07 10:44:00,64,427.6,1,Active
18285.0,2010-02-17 10:24:00,661,427.0,1,Active
17740.0,2010-11-15 16:33:00,389,426.9,6,Active
18152.0,2010-03-03 15:26:00,646,426.69,1,Active
15930.0,2011-10-03 14:52:00,67,426.63,1,Active
14288.0,2011-05-10 13:22:00,213,426.6,1,Active
15966.0,2010-09-15 10:44:00,451,426.53000000000003,1,Active
15217.0,2010-05-25 13:51:00,563,426.24,1,Active
13703.0,2011-01-25 13:10:00,318,425.56,2,Active
17103.0,2009-12-17 14:08:00,722,424.3,1,Active
16541.0,2009-12-04 13:22:00,735,424.03,1,Active
16913.0,2011-02-22 12:56:00,290,423.90999999999997,3,Active
15504.0,2011-09-19 13:45:00,81,423.85,4,Active
17330.0,2011-11-17 08:56:00,23,423.8,4,Active
14097.0,2010-08-15 14:20:00,481,422.85999999999996,2,Active
13374.0,2010-10-21 10:04:00,415,422.8,2,Active
16137.0,2010-01-28 15:04:00,680,422.7,1,Active
16689.0,2011-09-25 11:39:00,76,422.59999999999997,2,Active
18240.0,2011-10-24 13:06:00,46,422.58,1,Active
16149.0,2011-12-05 11:29:00,5,422.22,3,Active
17232.0,2011-12-07 12:21:00,3,421.52,2,Active
17601.0,2011-04-14 18:02:00,239,421.48,2,Active
13574.0,2010-10-24 13:28:00,411,421.25,1,Active
16773.0,2011-10-13 14:37:00,57,421.24,3,Active
14757.0,2011-09-25 14:36:00,75,420.5,1,Active
15206.0,2011-11-29 13:41:00,10,420.29999999999995,4,Active
15894.0,2011-03-31 13:50:00,253,420.29,2,Active
15711.0,2010-06-01 12:14:00,557,420.25,2,Active
18128.0,2010-06-20 13:19:00,537,420.04,1,Active
13672.0,2011-02-11 13:53:00,301,419.92,3,Active
13442.0,2010-02-10 14:03:00,667,419.87,3,Active
13096.0,2010-11-10 14:08:00,394,419.70000000000005,1,Active
14124.0,2011-09-16 13:32:00,84,419.58000000000004,1,Active
13079.0,2011-12-05 16:53:00,4,419.18,6,Active
15262.0,2011-01-20 12:16:00,324,418.82,3,Active
12593.0,2011-08-23 12:43:00,109,418.09999999999997,3,Active
13073.0,2010-10-24 14:06:00,411,418.08,2,Active
15968.0,2010-11-16 13:04:00,388,418.05,1,Active
17701.0,2011-04-01 12:25:00,253,417.95,1,Active
17855.0,2010-12-02 09:44:00,373,417.94,1,Active
16629.0,2011-09-27 10:34:00,74,417.73,2,Active
16832.0,2011-06-08 15:36:00,184,417.61,5,Active
14762.0,2011-03-21 08:20:00,264,417.57,2,Active
12833.0,2011-07-17 13:46:00,145,417.38,1,Active
17258.0,2010-11-08 12:37:00,397,417.3,2,Active
16816.0,2011-08-28 14:16:00,103,417.06,4,Active
15935.0,2011-04-14 13:27:00,239,416.86,2,Active
16957.0,2011-04-14 13:56:00,239,416.64,2,Active
15011.0,2010-11-09 11:10:00,396,416.6,2,Active
16355.0,2010-11-29 14:21:00,375,416.35,1,Active
16356.0,2011-05-26 11:51:00,198,415.87,6,Active
12930.0,2011-09-22 15:18:00,78,415.8,2,Active
12608.0,2010-10-31 10:49:00,405,415.79,1,Active
15725.0,2011-11-24 14:51:00,15,415.25,1,Active
14333.0,2011-10-03 10:38:00,68,415.2,1,Active
16752.0,2010-12-02 12:18:00,373,415.0,1,Active
13565.0,2011-11-20 14:33:00,19,414.8,3,Active
18278.0,2011-09-27 11:58:00,74,414.20000000000005,2,Active
13002.0,2011-01-25 15:18:00,318,414.13,3,Active
17052.0,2011-11-11 14:50:00,28,413.75,1,Active
13669.0,2011-10-20 09:32:00,51,413.55,3,Active
14082.0,2010-12-10 11:02:00,365,413.36,2,Active
17767.0,2011-11-24 14:42:00,15,413.05,2,Active
17662.0,2010-02-16 09:38:00,662,412.92,2,Active
14620.0,2011-05-18 11:58:00,206,412.78000000000003,2,Active
18050.0,2010-12-15 14:25:00,359,412.06,2,Active
13827.0,2011-10-13 12:38:00,58,412.05,3,Active
16272.0,2011-08-15 10:54:00,117,411.7,1,Active
16815.0,2010-09-12 10:59:00,454,410.97,2,Active
15960.0,2010-11-30 15:57:00,374,410.95,4,Active
15099.0,2011-09-16 13:13:00,84,410.48,1,Active
17598.0,2010-11-23 17:43:00,381,409.98,1,Active
14348.0,2011-03-24 16:23:00,260,409.57,1,Active
15225.0,2011-04-19 14:51:00,234,409.40000000000003,1,Active
16864.0,2010-10-01 16:16:00,434,409.25,2,Active
16243.0,2011-11-06 12:32:00,34,409.1,2,Active
13686.0,2011-06-10 09:10:00,183,409.04,3,Active
12974.0,2011-05-26 09:33:00,198,408.95,2,Active
15446.0,2010-11-28 11:59:00,377,406.95,3,Active
12353.0,2011-05-19 17:47:00,204,406.76,2,Active
16632.0,2010-08-11 11:39:00,486,406.4,2,Active
17000.0,2010-11-08 13:35:00,396,406.3,2,Active
15280.0,2011-06-20 17:14:00,172,406.21999999999997,3,Active
15342.0,2011-08-02 10:19:00,130,406.09,1,Active
12741.0,2010-06-28 14:36:00,529,406.07,2,Active
18111.0,2010-04-29 12:58:00,589,405.85,1,Active
12922.0,2011-07-01 15:35:00,161,405.38,1,Active
13143.0,2010-05-04 12:22:00,585,405.1,1,Active
15941.0,2010-03-12 14:45:00,637,405.0,1,Active
13640.0,2010-04-07 15:33:00,611,405.0,1,Active
17379.0,2011-11-28 13:56:00,11,404.66,1,Active
16319.0,2011-05-06 11:27:00,218,404.40000000000003,1,Active
16484.0,2011-06-19 12:06:00,174,404.3,2,Active
12498.0,2011-11-18 12:53:00,21,403.70000000000005,3,Active
14678.0,2010-05-09 14:32:00,579,403.39,1,Active
17785.0,2011-10-17 13:43:00,53,403.38,3,Active
17431.0,2011-01-30 14:36:00,313,403.3,1,Active
13530.0,2010-03-15 14:10:00,634,402.97999999999996,1,Active
14172.0,2010-04-13 13:26:00,605,402.72,3,Active
16315.0,2011-01-13 11:57:00,331,402.71,2,Active
15037.0,2010-11-28 13:05:00,376,402.51,2,Active
15501.0,2010-10-31 11:15:00,405,402.5,2,Active
17094.0,2011-01-21 13:09:00,322,402.20000000000005,2,Active
16998.0,2011-07-13 09:44:00,150,402.0,5,Active
16893.0,2010-12-08 12:06:00,367,401.77,2,Active
18048.0,2011-05-20 14:58:00,203,401.73,3,Active
14494.0,2011-11-14 09:21:00,26,401.46,3,Active
14736.0,2010-08-11 15:21:00,485,401.08,2,Active
14471.0,2010-04-27 17:12:00,591,400.95,2,Active
17403.0,2011-11-03 15:18:00,36,400.57,2,Active
17168.0,2010-07-29 12:33:00,499,400.2,1,Active
14358.0,2010-11-15 15:51:00,389,400.06,2,Active
18164.0,2011-11-02 12:56:00,37,399.65000000000003,1,Active
16538.0,2010-06-16 16:59:00,541,399.62,3,Active
13252.0,2010-11-10 16:00:00,394,399.3,2,Active
15522.0,2011-11-07 11:26:00,33,398.84,2,Active
17830.0,2011-12-08 12:28:00,2,398.7,3,Active
12508.0,2011-11-13 15:37:00,26,398.27,2,Active
15577.0,2011-07-11 17:03:00,151,397.98,5,Active
13352.0,2011-10-10 13:55:00,60,397.97999999999996,1,Active
15429.0,2011-11-13 12:28:00,27,397.35,2,Active
17789.0,2011-03-03 13:14:00,281,397.15,2,Active
12824.0,2011-10-11 12:49:00,60,397.12,1,Active
13673.0,2011-11-21 12:11:00,19,396.92,2,Active
17486.0,2011-03-23 14:00:00,261,396.87,1,Active
13597.0,2010-11-04 14:54:00,400,396.71,2,Active
15883.0,2011-12-07 17:05:00,2,396.48,2,Active
17918.0,2010-07-27 11:51:00,501,396.39,3,Active
18067.0,2011-10-30 15:58:00,40,396.33,1,Active
13879.0,2010-03-04 10:49:00,646,395.5,1,Active
17286.0,2011-11-18 12:47:00,22,395.48,3,Active
13083.0,2011-12-05 15:01:00,4,395.43,3,Active
17617.0,2010-05-30 12:48:00,559,395.33,1,Active
12677.0,2010-06-02 14:30:00,555,395.1,2,Active
16207.0,2011-11-14 13:51:00,25,394.38,1,Active
15386.0,2011-06-06 13:47:00,186,394.14,1,Active
12499.0,2010-05-28 15:12:00,560,393.72,1,Active
17300.0,2010-11-14 10:56:00,391,393.64,2,Active
15345.0,2011-10-25 11:28:00,46,393.54,1,Active
15437.0,2011-03-22 13:11:00,262,393.45,2,Active
16868.0,2010-11-10 13:17:00,394,393.39,3,Active
13584.0,2011-02-06 12:49:00,307,392.45,3,Active
17563.0,2010-05-10 14:54:00,578,392.38,2,Active
16827.0,2010-11-11 14:04:00,393,392.13,5,Active
16783.0,2010-09-29 11:53:00,437,391.95,1,Active
13966.0,2010-09-30 13:08:00,435,390.86,1,Active
14072.0,2010-02-11 12:31:00,667,390.85,1,Active
14706.0,2010-03-31 11:09:00,619,390.69,1,Active
17753.0,2010-09-01 15:49:00,464,390.56,4,Active
17614.0,2011-10-13 16:01:00,57,390.07,1,Active
14197.0,2010-10-25 10:01:00,411,390.05,1,Active
17936.0,2011-12-04 13:32:00,5,389.84,1,Active
17116.0,2010-03-01 16:29:00,648,389.78,1,Active
18024.0,2011-07-10 12:40:00,153,389.78,2,Active
14752.0,2011-10-27 11:55:00,44,389.64,1,Active
13345.0,2011-02-25 09:01:00,288,389.5,1,Active
17479.0,2010-03-17 09:26:00,633,389.26000000000005,1,Active
12690.0,2011-05-18 09:09:00,206,389.01,1,Active
17595.0,2011-11-27 16:08:00,12,388.79,2,Active
18227.0,2011-05-06 12:23:00,218,388.75,2,Active
15592.0,2011-10-24 08:59:00,47,388.58,1,Active
13896.0,2010-03-24 08:55:00,626,388.55,1,Active
13899.0,2011-11-23 13:40:00,16,388.52,2,Active
17357.0,2011-11-15 16:30:00,24,388.14,2,Active
17771.0,2011-10-14 11:43:00,57,387.41,4,Active
16148.0,2011-02-16 14:01:00,296,386.62,2,Active
14779.0,2011-03-04 12:42:00,281,386.15,3,Active
16492.0,2010-06-17 08:20:00,541,385.56,1,Active
12973.0,2010-10-22 10:14:00,414,385.55,1,Active
12889.0,2010-11-23 16:08:00,381,385.46000000000004,4,Active
12829.0,2011-01-07 11:13:00,337,385.3,3,Active
17804.0,2010-11-28 14:01:00,376,385.23,3,Active
14826.0,2010-05-07 09:00:00,582,385.2,2,Active
17711.0,2011-11-29 11:40:00,11,385.1,2,Active
17772.0,2011-11-29 11:05:00,11,384.77,3,Active
17171.0,2011-02-23 16:37:00,289,384.59,2,Active
17250.0,2011-12-06 12:15:00,4,384.52,2,Active
16433.0,2011-11-11 14:09:00,28,384.52,2,Active
17012.0,2009-12-14 17:34:00,725,384.16,1,Active
16982.0,2011-10-10 12:28:00,61,384.06,1,Active
14598.0,2011-10-26 13:19:00,44,384.04,2,Active
15155.0,2010-11-21 12:59:00,383,383.96999999999997,1,Active
13792.0,2011-10-04 14:31:00,66,383.95,3,Active
12515.0,2010-12-21 15:43:00,353,383.7,1,Active
15440.0,2011-10-16 12:16:00,55,383.68,3,Active
12547.0,2011-05-26 12:38:00,198,383.58,3,Active
12832.0,2011-11-07 13:30:00,32,383.03,2,Active
13817.0,2011-11-10 17:49:00,29,382.98,2,Active
14767.0,2010-08-22 14:54:00,474,382.81,1,Active
17568.0,2010-03-16 16:45:00,633,382.79,1,Active
16988.0,2011-12-04 16:02:00,5,382.67,2,Active
13997.0,2010-07-08 18:06:00,519,382.31,3,Active
13657.0,2011-11-29 12:32:00,11,382.14,2,Active
14908.0,2011-09-26 12:56:00,74,381.9,2,Active
16304.0,2010-01-14 08:30:00,695,381.66,1,Active
15090.0,2011-02-04 14:03:00,308,381.32,1,Active
17393.0,2010-10-25 11:10:00,411,381.15,2,Active
17903.0,2010-11-10 15:39:00,394,381.09000000000003,1,Active
12796.0,2010-03-21 15:49:00,628,381.0,1,Active
17573.0,2011-11-10 13:01:00,29,380.6,3,Active
16930.0,2011-11-13 16:13:00,26,380.55,3,Active
14731.0,2011-10-23 15:54:00,47,380.02,3,Active
16577.0,2010-02-11 09:45:00,667,380.0,1,Active
17783.0,2011-09-28 16:07:00,72,379.91,3,Active
14200.0,2010-04-01 13:01:00,617,379.2,1,Active
18162.0,2009-12-07 13:24:00,732,379.16,1,Active
16909.0,2011-09-28 16:45:00,72,379.14,1,Active
13372.0,2011-09-11 12:46:00,90,378.64,1,Active
17078.0,2011-11-03 19:17:00,36,378.2,2,Active
12651.0,2011-01-09 12:46:00,335,377.75,4,Active
12941.0,2009-12-15 13:12:00,724,377.49,1,Active
17736.0,2011-11-30 15:36:00,9,377.44,3,Active
17717.0,2010-10-14 12:54:00,421,376.92,1,Active
16544.0,2010-07-08 11:11:00,520,376.70000000000005,4,Active
17489.0,2011-10-12 08:56:00,59,376.64,2,Active
14353.0,2011-05-08 16:06:00,215,376.5,3,Active
14531.0,2010-08-17 10:16:00,480,376.34,1,Active
17912.0,2011-02-02 14:25:00,310,375.5,6,Active
13688.0,2010-03-14 14:11:00,635,375.5,1,Active
14448.0,2011-11-30 13:50:00,9,375.35,2,Active
14294.0,2010-10-28 16:25:00,407,375.34,1,Active
17810.0,2010-02-09 10:47:00,669,374.81,2,Active
14067.0,2011-10-07 10:21:00,64,374.7,2,Active
13545.0,2010-11-14 11:27:00,391,374.64,2,Active
13351.0,2011-10-04 12:55:00,66,373.94,1,Active
13283.0,2011-10-11 09:50:00,60,373.36,4,Active
17437.0,2010-06-28 11:11:00,530,373.17,1,Active
15337.0,2010-10-24 15:29:00,411,373.02,1,Active
13197.0,2010-04-09 09:14:00,610,373.01000000000005,1,Active
14981.0,2011-04-07 13:45:00,246,372.92,2,Active
12895.0,2011-10-28 13:51:00,42,372.8,2,Active
12544.0,2011-11-03 16:15:00,36,372.7,1,Active
15989.0,2010-11-29 12:03:00,376,372.51,2,Active
12981.0,2011-11-10 12:00:00,30,372.21999999999997,2,Active
13164.0,2010-05-19 13:52:00,569,372.2,2,Active
17245.0,2011-05-19 10:43:00,205,371.63,2,Active
18155.0,2011-09-25 13:32:00,75,371.62,3,Active
15472.0,2011-08-18 15:17:00,113,371.56,1,Active
14950.0,2011-11-20 13:48:00,19,371.2,1,Active
15975.0,2011-09-16 13:33:00,84,371.01,1,Active
15063.0,2011-05-10 13:25:00,213,370.79999999999995,1,Active
15765.0,2010-02-11 10:25:00,667,370.63,1,Active
14168.0,2010-10-15 10:49:00,421,370.45,2,Active
15458.0,2011-11-14 13:08:00,25,370.43999999999994,2,Active
17792.0,2010-08-29 14:30:00,467,370.05,2,Active
16758.0,2011-10-05 14:47:00,65,369.34000000000003,1,Active
14888.0,2011-05-16 14:58:00,207,369.2,1,Active
15477.0,2010-02-28 10:37:00,650,368.4,1,Active
16448.0,2011-05-25 16:28:00,198,367.87,2,Active
14018.0,2010-03-04 14:23:00,645,367.15000000000003,1,Active
13187.0,2011-01-06 18:57:00,337,367.01,4,Active
14962.0,2011-03-14 09:42:00,271,366.91,4,Active
14244.0,2010-02-17 11:40:00,661,366.41999999999996,1,Active
12899.0,2010-10-22 09:53:00,414,366.4,1,Active
17911.0,2011-11-30 14:52:00,9,366.23,1,Active
16974.0,2010-07-05 10:18:00,523,365.5,2,Active
15029.0,2010-03-30 12:16:00,620,365.1,1,Active
17536.0,2011-06-15 13:23:00,177,364.83,3,Active
14886.0,2011-04-01 08:56:00,253,364.8,1,Active
15949.0,2011-11-23 09:09:00,17,364.72,2,Active
15343.0,2011-09-13 13:55:00,87,364.5,1,Active
14528.0,2011-11-02 17:09:00,37,364.21999999999997,1,Active
16509.0,2011-02-16 09:25:00,297,363.7,1,Active
14253.0,2010-08-03 14:55:00,493,363.40000000000003,2,Active
16078.0,2011-03-01 09:47:00,284,362.99,2,Active
16378.0,2011-04-06 15:07:00,247,362.95,3,Active
13962.0,2011-11-18 08:47:00,22,362.8,3,Active
14840.0,2011-03-17 12:00:00,268,362.71,2,Active
14122.0,2010-10-29 15:11:00,406,362.42,3,Active
17339.0,2011-09-06 13:29:00,94,362.36,3,Active
18119.0,2010-12-07 11:59:00,368,362.24,1,Active
16052.0,2011-10-16 15:13:00,54,362.06,1,Active
16259.0,2010-10-25 14:27:00,410,361.94,3,Active
13844.0,2011-11-28 13:21:00,11,361.62,1,Active
16305.0,2011-07-24 12:18:00,139,361.21999999999997,1,Active
18091.0,2010-04-25 13:18:00,593,360.85,1,Active
13274.0,2010-10-26 13:48:00,409,360.85,1,Active
17945.0,2010-01-12 11:40:00,697,360.35,3,Active
18208.0,2010-05-23 11:54:00,566,360.08,1,Active
13298.0,2011-12-08 13:11:00,1,360.0,1,Active
15008.0,2010-08-16 13:09:00,480,360.0,2,Active
13181.0,2010-11-23 15:05:00,381,359.69,1,Active
17660.0,2011-07-21 13:37:00,141,359.47,2,Active
14926.0,2010-11-23 07:13:00,382,359.4,2,Active
14919.0,2010-06-18 13:06:00,539,359.35,1,Active
15120.0,2011-07-29 09:48:00,134,358.82,1,Active
15863.0,2011-11-14 12:49:00,26,358.7,5,Active
18003.0,2010-11-28 15:09:00,376,358.61,1,Active
17948.0,2011-07-15 12:58:00,147,358.56000000000006,1,Active
16856.0,2011-11-25 08:59:00,15,358.49,3,Active
17748.0,2010-06-30 13:49:00,527,358.15,1,Active
13228.0,2011-09-19 14:28:00,81,358.0,1,Active
16606.0,2010-10-31 13:57:00,404,357.66,2,Active
15595.0,2010-08-09 12:27:00,488,357.6,1,Active
12495.0,2010-03-09 10:53:00,641,357.4,1,Active
17967.0,2010-12-03 11:19:00,372,357.28999999999996,2,Active
16971.0,2011-11-01 15:06:00,38,357.21,1,Active
18040.0,2011-11-20 14:20:00,19,357.20000000000005,2,Active
18273.0,2011-12-07 13:16:00,2,357.0,4,Active
13234.0,2010-02-05 11:41:00,673,356.95,2,Active
14500.0,2011-09-12 16:45:00,88,356.85,3,Active
17200.0,2010-11-17 13:04:00,387,356.71,4,Active
15840.0,2011-10-12 09:08:00,59,355.56,2,Active
12617.0,2011-11-10 14:39:00,29,355.53,1,Active
12996.0,2010-11-29 09:27:00,376,355.5,1,Active
16920.0,2010-10-24 14:07:00,411,355.45,1,Active
14268.0,2010-08-26 10:45:00,471,354.85,1,Active
15986.0,2011-11-09 15:17:00,30,354.42,2,Active
12888.0,2011-05-09 16:02:00,214,354.12,2,Active
12845.0,2011-03-17 13:34:00,267,354.09,4,Active
12715.0,2011-08-25 15:22:00,106,353.86,1,Active
17252.0,2011-08-15 09:45:00,117,353.86,2,Active
16323.0,2011-05-27 14:48:00,196,353.66,2,Active
13210.0,2011-09-07 08:18:00,94,353.48,1,Active
13343.0,2011-06-15 12:24:00,178,353.43,1,Active
14804.0,2011-12-01 11:20:00,9,353.27,1,Active
16382.0,2010-10-27 16:23:00,408,353.1,2,Active
16690.0,2011-09-28 15:02:00,72,353.03,4,Active
17780.0,2010-02-10 13:43:00,667,352.91,3,Active
17196.0,2010-10-08 11:31:00,428,352.9,1,Active
13765.0,2010-02-24 13:46:00,653,352.821,1,Active
16857.0,2010-09-23 10:49:00,443,352.8,1,Active
15334.0,2011-07-06 11:22:00,157,351.67,3,Active
12566.0,2011-09-14 14:30:00,86,351.65,1,Active
16192.0,2009-12-04 12:28:00,736,351.3,1,Active
13923.0,2011-10-17 12:33:00,54,351.13,1,Active
16263.0,2010-10-12 14:52:00,423,351.01,1,Active
14252.0,2010-11-23 13:36:00,381,350.99,1,Active
13332.0,2011-11-25 13:30:00,14,350.9,1,Active
13281.0,2010-09-26 16:03:00,439,350.85,1,Active
17835.0,2011-12-07 11:48:00,3,350.64,3,Active
17795.0,2011-06-13 12:36:00,180,350.39,2,Active
16476.0,2010-10-04 10:29:00,432,350.35,1,Active
12532.0,2011-11-09 13:47:00,30,349.83000000000004,1,Active
13670.0,2011-09-25 15:25:00,75,349.7,1,Active
13887.0,2011-05-19 17:22:00,204,349.55,1,Active
13550.0,2010-11-21 15:24:00,383,349.51,1,Active
18090.0,2010-10-14 12:32:00,422,349.4,1,Active
18250.0,2011-02-02 13:16:00,310,349.27,1,Active
14545.0,2010-02-03 15:23:00,674,349.25,1,Active
13790.0,2011-12-05 15:48:00,4,348.8,1,Active
17577.0,2010-03-04 13:01:00,645,348.75,2,Active
15282.0,2010-05-18 16:27:00,570,348.59,1,Active
12760.0,2010-09-10 08:50:00,456,347.8,1,Active
17668.0,2011-12-08 13:25:00,1,347.75,2,Active
15085.0,2009-12-10 11:47:00,730,347.54,1,Active
16006.0,2011-05-12 13:12:00,211,347.17,2,Active
12441.0,2010-12-08 10:45:00,367,347.1,1,Active
13062.0,2011-06-01 15:12:00,191,346.98,1,Active
12411.0,2010-10-26 09:25:00,410,346.9,1,Active
16423.0,2011-11-15 09:21:00,25,346.12,1,Active
15781.0,2011-11-14 14:57:00,25,345.46,3,Active
14724.0,2010-04-28 13:26:00,590,345.25,1,Active
13774.0,2011-09-19 12:06:00,82,345.0,1,Active
14633.0,2011-03-18 17:07:00,266,344.90000000000003,1,Active
18199.0,2010-01-25 11:32:00,684,344.75,1,Active
15519.0,2010-11-21 14:35:00,383,344.61,2,Active
17569.0,2011-01-11 14:15:00,332,344.14,1,Active
16990.0,2011-05-05 08:30:00,219,344.0,2,Active
13068.0,2011-11-29 15:00:00,10,344.0,2,Active
15047.0,2011-03-15 10:49:00,270,343.62,1,Active
15520.0,2011-12-08 10:58:00,2,343.5,1,Active
18081.0,2011-11-03 16:30:00,36,343.45,3,Active
13519.0,2011-09-22 18:24:00,78,343.21,2,Active
18047.0,2010-11-23 13:11:00,381,342.69,2,Active
16851.0,2011-12-05 13:32:00,4,342.45,3,Active
14989.0,2010-02-16 10:40:00,662,342.4,1,Active
17833.0,2009-12-16 13:40:00,723,342.36,1,Active
17542.0,2011-03-15 11:45:00,270,341.7,3,Active
16826.0,2011-10-19 14:05:00,51,341.7,1,Active
16585.0,2010-04-25 10:34:00,594,341.59,2,Active
13347.0,2011-09-30 13:28:00,70,341.36,1,Active
17917.0,2011-10-25 13:20:00,45,341.28,3,Active
17928.0,2011-10-25 13:52:00,45,341.24,3,Active
16044.0,2010-09-30 18:12:00,435,340.84000000000003,1,Active
15818.0,2010-04-30 12:58:00,588,340.5,1,Active
12900.0,2010-10-13 15:17:00,422,340.33,1,Active
12698.0,2010-04-28 15:51:00,590,339.75,1,Active
13737.0,2011-05-23 16:32:00,200,339.59999999999997,1,Active
14203.0,2010-11-07 13:35:00,397,339.34,1,Active
17697.0,2011-04-17 15:40:00,236,338.95,1,Active
17839.0,2011-10-28 17:27:00,42,338.8,1,Active
14630.0,2010-08-12 16:38:00,484,338.65,1,Active
17776.0,2010-11-18 12:14:00,387,338.56,2,Active
14799.0,2011-10-19 16:16:00,51,338.15,2,Active
17296.0,2009-12-09 14:01:00,730,338.13,1,Active
12869.0,2010-01-27 12:10:00,682,337.66999999999996,1,Active
15942.0,2011-07-29 09:01:00,134,337.44,1,Active
12780.0,2010-04-20 09:40:00,599,337.4,1,Active
13930.0,2011-10-13 09:45:00,58,337.34,2,Active
18269.0,2010-12-08 13:53:00,366,337.2,1,Active
17973.0,2011-10-19 10:34:00,52,337.04,1,Active
17488.0,2010-03-08 14:07:00,641,336.5,1,Active
17914.0,2011-12-06 11:58:00,4,336.43,1,Active
15619.0,2011-11-29 08:14:00,11,336.40000000000003,1,Active
13482.0,2011-04-21 17:03:00,232,336.09,2,Active
16273.0,2010-03-01 13:24:00,648,336.03999999999996,2,Active
14196.0,2011-08-25 10:25:00,107,335.52,1,Active
16063.0,2011-03-24 14:56:00,260,335.32,1,Active
14094.0,2010-09-26 11:58:00,440,335.22,1,Active
12489.0,2011-01-07 13:13:00,336,334.93,1,Active
17821.0,2010-10-29 13:20:00,406,334.62,1,Active
12350.0,2011-02-02 16:01:00,310,334.4,1,Active
17607.0,2010-11-28 13:11:00,376,333.81,1,Active
13216.0,2011-03-17 12:18:00,268,333.74,1,Active
14241.0,2011-06-09 11:46:00,184,333.70000000000005,2,Active
14957.0,2011-03-31 17:59:00,253,333.29,2,Active
16234.0,2010-08-20 14:33:00,476,333.18,3,Active
14137.0,2010-01-13 12:30:00,696,332.7,1,Active
13904.0,2011-11-02 13:41:00,37,332.64,2,Active
16850.0,2011-01-10 11:09:00,334,332.41,1,Active
16803.0,2011-10-05 14:28:00,65,332.3,1,Active
16452.0,2010-03-19 12:39:00,631,332.17,2,Active
17647.0,2011-10-05 15:38:00,65,331.65999999999997,3,Active
15512.0,2011-07-07 10:20:00,156,331.58,4,Active
17435.0,2010-10-24 13:55:00,411,331.35,1,Active
16030.0,2011-02-03 11:28:00,310,331.24,1,Active
13981.0,2010-10-20 10:03:00,416,331.14,1,Active
16478.0,2011-11-14 15:51:00,25,331.0,3,Active
15878.0,2010-05-27 12:17:00,562,330.77,2,Active
17309.0,2011-09-05 15:20:00,95,330.59000000000003,3,Active
14517.0,2011-11-06 14:20:00,33,330.45,2,Active
17301.0,2011-11-18 13:43:00,21,330.43,2,Active
12807.0,2010-11-21 14:21:00,383,330.35,1,Active
13010.0,2010-11-30 15:09:00,374,330.12,2,Active
15130.0,2011-06-23 10:15:00,170,330.11,1,Active
12850.0,2010-09-20 12:26:00,446,330.0,1,Active
18186.0,2009-12-17 10:22:00,723,329.58,1,Active
17518.0,2010-10-10 12:40:00,426,329.42,2,Active
16436.0,2010-02-09 13:19:00,668,329.34,3,Active
17154.0,2011-09-25 13:42:00,75,329.34,1,Active
15153.0,2011-11-08 17:09:00,31,329.25,1,Active
15979.0,2010-04-16 11:35:00,603,329.22,1,Active
16286.0,2010-08-19 14:48:00,477,328.95,2,Active
14012.0,2011-03-07 12:26:00,278,328.8,1,Active
16855.0,2011-11-16 12:03:00,24,328.4,2,Active
15213.0,2011-01-25 12:21:00,319,328.35,2,Active
14747.0,2011-04-04 14:09:00,249,328.2,1,Active
16318.0,2011-11-04 13:05:00,35,328.15,1,Active
15709.0,2011-03-01 10:38:00,284,327.85,2,Active
15735.0,2010-10-14 13:38:00,421,327.68,1,Active
13498.0,2009-12-09 15:26:00,730,327.38,1,Active
12804.0,2010-08-31 11:58:00,466,327.02,2,Active
16322.0,2011-12-08 15:41:00,1,326.75,2,Active
12460.0,2010-09-09 13:51:00,456,326.65,1,Active
14070.0,2010-01-24 12:27:00,685,326.55,1,Active
13646.0,2010-11-05 12:13:00,400,326.25,2,Active
17843.0,2011-02-09 15:33:00,303,326.23,2,Active
17439.0,2010-02-22 12:48:00,656,325.74,1,Active
13661.0,2010-04-15 14:58:00,603,325.24,1,Active
15670.0,2011-02-16 10:50:00,297,325.2,2,Active
13801.0,2011-10-04 10:15:00,67,324.8,1,Active
15982.0,2010-04-13 15:47:00,605,324.51,1,Active
12946.0,2010-09-29 10:14:00,437,324.45,1,Active
16685.0,2011-10-09 13:58:00,61,324.24,2,Active
18261.0,2011-10-27 15:36:00,43,324.24,2,Active
13834.0,2010-05-12 10:27:00,577,324.19,2,Active
15869.0,2011-03-07 17:23:00,277,323.65999999999997,3,Active
17440.0,2011-07-06 11:54:00,157,323.58,4,Active
13025.0,2009-12-08 10:02:00,732,323.39,1,Active
16195.0,2009-12-16 14:09:00,723,323.25,1,Active
17793.0,2011-11-14 14:24:00,25,323.04,1,Active
14263.0,2010-10-12 14:09:00,423,322.93,1,Active
16627.0,2011-09-21 14:38:00,79,322.8,1,Active
14832.0,2010-03-19 15:14:00,630,322.69,1,Active
16342.0,2011-09-25 14:36:00,75,322.41,4,Active
14424.0,2011-11-22 11:48:00,18,322.08,1,Active
17326.0,2010-10-27 15:38:00,408,321.95,2,Active
15726.0,2010-11-14 16:12:00,390,321.91,1,Active
13111.0,2009-12-21 09:00:00,719,321.88000000000005,1,Active
17471.0,2010-08-22 11:53:00,475,321.65000000000003,1,Active
15770.0,2010-04-06 11:47:00,613,321.45,1,Active
14823.0,2011-06-12 13:12:00,180,321.43,3,Active
17182.0,2010-10-13 10:09:00,423,321.3,2,Active
15236.0,2011-02-14 10:52:00,299,321.05,1,Active
15432.0,2011-11-16 16:30:00,23,320.76,2,Active
18117.0,2011-11-14 12:47:00,26,320.72,1,Active
14622.0,2011-06-08 12:42:00,185,320.58000000000004,1,Active
17991.0,2011-04-28 15:58:00,225,320.55,3,Active
13986.0,2011-11-22 15:00:00,17,320.46,1,Active
16683.0,2010-06-24 10:36:00,534,320.25,1,Active
13942.0,2010-06-23 12:35:00,535,320.0,1,Active
13843.0,2010-11-23 17:48:00,381,319.75,1,Active
16674.0,2011-10-16 11:31:00,55,319.61,2,Active
16967.0,2011-06-03 14:24:00,189,319.02,1,Active
17229.0,2011-09-04 13:56:00,96,318.76,2,Active
15682.0,2010-04-19 15:30:00,599,318.24,2,Active
14703.0,2011-11-25 09:23:00,15,318.17,1,Active
18253.0,2010-03-07 12:38:00,643,317.88,1,Active
17267.0,2011-08-04 17:22:00,127,317.62,2,Active
15616.0,2010-09-27 13:10:00,438,317.11,1,Active
17689.0,2010-11-16 13:22:00,388,317.08,2,Active
16761.0,2011-09-04 11:15:00,97,316.62,1,Active
15204.0,2010-12-17 13:49:00,357,316.58,1,Active
12529.0,2010-06-29 13:10:00,528,316.48,1,Active
13494.0,2011-02-01 11:58:00,312,316.26000000000005,1,Active
15196.0,2010-10-03 10:50:00,433,316.25,2,Active
17408.0,2011-06-29 12:53:00,163,316.09000000000003,3,Active
12614.0,2011-03-07 10:22:00,278,315.6,1,Active
15042.0,2011-05-24 16:25:00,199,315.45,2,Active
16091.0,2011-07-08 08:45:00,155,315.06,2,Active
17121.0,2010-11-02 11:47:00,403,314.74,1,Active
14991.0,2010-10-05 13:01:00,430,314.67,1,Active
18206.0,2010-06-04 13:47:00,553,314.65999999999997,1,Active
13660.0,2010-11-04 16:10:00,400,314.59,1,Active
12650.0,2011-12-06 16:34:00,3,314.44,1,Active
18070.0,2010-02-08 13:28:00,669,314.1,1,Active
15873.0,2010-07-28 12:41:00,500,313.91999999999996,4,Active
13087.0,2009-12-13 15:16:00,726,313.64,1,Active
16582.0,2011-08-18 17:02:00,113,313.62,1,Active
12665.0,2011-01-19 08:34:00,325,313.6,3,Active
17882.0,2010-11-25 14:40:00,379,313.46,2,Active
13845.0,2011-10-06 08:25:00,65,312.98,1,Active
15162.0,2009-12-08 13:14:00,731,312.9,1,Active
13905.0,2009-12-07 11:41:00,733,312.65,1,Active
15318.0,2011-12-06 11:30:00,4,312.62,1,Active
13226.0,2011-03-11 14:35:00,273,312.46,2,Active
12834.0,2011-03-02 09:49:00,283,312.38,1,Active
14951.0,2011-09-21 15:15:00,79,311.69,1,Active
12852.0,2011-02-18 08:47:00,295,311.55,1,Active
13990.0,2011-05-10 15:19:00,213,311.3,1,Active
12898.0,2010-09-02 08:08:00,464,310.96000000000004,2,Active
15724.0,2011-05-22 14:40:00,201,310.85,3,Active
16328.0,2010-05-25 14:02:00,563,310.83,1,Active
13400.0,2010-05-06 09:00:00,583,310.83,1,Active
13847.0,2009-12-20 10:41:00,720,310.72,1,Active
16439.0,2009-12-17 14:22:00,722,310.70000000000005,1,Active
12738.0,2010-12-02 18:27:00,372,310.7,1,Active
15185.0,2011-09-30 14:06:00,70,310.62,1,Active
14848.0,2010-10-31 12:22:00,405,310.56,1,Active
14181.0,2010-10-25 08:27:00,411,310.55,2,Active
15308.0,2011-03-10 13:08:00,274,310.47,1,Active
15188.0,2009-12-14 13:30:00,725,310.43,1,Active
13315.0,2010-01-19 15:34:00,689,310.26,1,Active
14749.0,2010-08-17 12:36:00,480,310.15,1,Active
13628.0,2010-02-01 14:44:00,676,310.14,1,Active
17383.0,2011-12-05 17:36:00,4,309.99,2,Active
15699.0,2011-11-22 08:26:00,18,309.65,1,Active
16373.0,2010-11-22 15:50:00,382,309.49,2,Active
12884.0,2011-09-12 13:10:00,88,309.05,1,Active
15010.0,2011-11-04 12:42:00,36,308.94,1,Active
16956.0,2011-11-22 08:56:00,18,308.74,1,Active
16194.0,2010-11-29 13:28:00,375,308.59999999999997,1,Active
14927.0,2010-11-08 12:30:00,397,308.2,1,Active
16524.0,2010-09-19 13:37:00,446,308.14,2,Active
15302.0,2009-12-09 13:11:00,730,308.0,1,Active
13289.0,2009-12-16 11:53:00,724,307.95,1,Active
15778.0,2010-10-04 15:10:00,431,307.95,1,Active
16123.0,2011-10-19 09:18:00,52,307.78,1,Active
13529.0,2011-09-22 09:15:00,79,307.76,2,Active
15454.0,2010-12-12 14:21:00,362,307.69,2,Active
14777.0,2010-11-01 12:50:00,404,307.56,1,Active
13060.0,2011-03-31 11:37:00,254,307.53,1,Active
17120.0,2011-04-20 15:21:00,233,307.46,1,Active
13932.0,2011-02-18 12:02:00,295,307.4,1,Active
15374.0,2011-08-03 09:59:00,129,307.32,2,Active
14783.0,2010-02-18 16:16:00,659,307.3,1,Active
17721.0,2010-02-18 15:18:00,659,307.21000000000004,1,Active
13036.0,2010-01-24 11:35:00,685,307.1,1,Active
13142.0,2011-11-20 16:07:00,19,307.09,1,Active
15087.0,2011-03-03 10:34:00,282,306.94,1,Active
17551.0,2010-12-15 14:12:00,359,306.84,1,Active
16649.0,2010-07-07 15:41:00,520,306.58000000000004,1,Active
13718.0,2011-04-07 13:24:00,246,306.55,2,Active
18059.0,2011-11-16 16:49:00,23,306.46,3,Active
17077.0,2010-05-10 16:36:00,578,306.0,1,Active
15135.0,2011-04-14 19:16:00,239,305.68,2,Active
16796.0,2011-09-11 14:01:00,89,305.62,1,Active
16181.0,2011-09-27 13:38:00,73,305.54,1,Active
14990.0,2010-04-06 13:54:00,612,305.42,2,Active
13383.0,2010-06-14 11:45:00,544,305.28000000000003,1,Active
15893.0,2010-08-15 11:12:00,482,305.28000000000003,1,Active
13667.0,2011-07-13 15:42:00,149,305.02,1,Active
15163.0,2011-11-21 13:10:00,18,304.47,2,Active
16217.0,2011-04-18 13:31:00,235,304.25,2,Active
14043.0,2010-08-05 18:18:00,491,304.25,2,Active
18185.0,2011-04-04 13:42:00,249,304.25,1,Active
17688.0,2010-11-11 10:41:00,394,304.2,1,Active
16489.0,2010-11-24 14:40:00,380,303.7,2,Active
14791.0,2010-04-12 10:24:00,607,303.63,1,Active
14806.0,2011-09-25 15:32:00,75,303.43,2,Active
17207.0,2010-02-25 19:08:00,652,303.21999999999997,1,Active
18255.0,2011-09-11 13:16:00,89,303.15,2,Active
15060.0,2011-12-01 13:47:00,8,303.09,4,Active
16425.0,2011-02-10 14:30:00,302,302.7,1,Active
18165.0,2011-06-15 13:23:00,177,302.46000000000004,1,Active
17506.0,2011-09-25 11:39:00,76,302.2,1,Active
15054.0,2011-11-27 15:02:00,12,302.1,2,Active
15242.0,2010-10-13 15:33:00,422,302.04,1,Active
16297.0,2011-03-16 08:29:00,269,301.9,1,Active
13773.0,2010-11-08 11:49:00,397,301.54,2,Active
15667.0,2011-10-31 10:56:00,40,301.32,1,Active
15148.0,2011-11-29 08:21:00,11,301.29,1,Active
13625.0,2010-04-22 10:50:00,597,301.26,1,Active
16437.0,2010-11-23 16:59:00,381,301.25,2,Active
12351.0,2010-11-29 15:23:00,375,300.93,1,Active
16479.0,2011-11-29 13:40:00,10,300.83,2,Active
16050.0,2011-06-19 11:44:00,174,300.7,3,Active
17556.0,2011-05-18 10:48:00,206,300.67,2,Active
14797.0,2010-07-20 14:07:00,507,300.31,1,Active
17766.0,2010-11-23 14:29:00,381,299.61,2,Active
12864.0,2011-07-24 13:03:00,138,299.57,2,Active
13346.0,2010-09-03 11:41:00,463,299.4,6,Active
17898.0,2011-09-15 14:56:00,85,299.18,4,Active
12595.0,2010-07-23 09:10:00,505,299.02,1,Active
17124.0,2011-06-07 14:02:00,185,298.89,1,Active
15609.0,2011-06-08 13:00:00,184,298.48,1,Active
17824.0,2011-10-19 14:14:00,51,298.4,1,Active
12881.0,2011-03-09 11:44:00,276,298.0,1,Active
18018.0,2011-08-23 17:37:00,108,297.99,4,Active
14835.0,2010-06-29 10:08:00,529,297.0,2,Active
13708.0,2011-03-13 13:46:00,271,296.88,1,Active
14985.0,2011-05-25 14:29:00,198,296.75,2,Active
17627.0,2010-08-18 11:27:00,479,296.36,1,Active
13751.0,2011-02-24 15:56:00,288,296.25,1,Active
13504.0,2011-10-06 13:20:00,64,295.93,1,Active
15962.0,2010-09-16 13:48:00,449,295.83,1,Active
14269.0,2010-09-26 12:53:00,439,295.73,1,Active
14614.0,2010-11-18 13:04:00,386,295.13,1,Active
16252.0,2010-11-22 11:57:00,383,295.09000000000003,1,Active
16579.0,2010-10-10 11:58:00,426,295.05,1,Active
17057.0,2010-04-22 19:21:00,596,294.74,1,Active
15041.0,2011-06-22 16:16:00,170,294.02,2,Active
17927.0,2009-12-18 11:03:00,722,294.0,1,Active
15718.0,2010-06-17 16:20:00,540,293.79,1,Active
14192.0,2010-11-16 17:44:00,388,293.74,1,Active
15928.0,2010-02-21 15:16:00,656,293.53,1,Active
17710.0,2010-10-12 07:49:00,424,293.5,1,Active
17441.0,2009-12-07 13:32:00,732,293.35,1,Active
16721.0,2011-03-22 16:08:00,262,292.47,1,Active
16543.0,2010-04-27 11:38:00,592,292.21,1,Active
13739.0,2011-11-21 13:35:00,18,292.2,2,Active
13449.0,2011-11-16 08:28:00,24,291.88,1,Active
17907.0,2010-03-09 12:33:00,641,291.76,1,Active
16615.0,2010-03-23 15:13:00,626,291.5,1,Active
18182.0,2010-09-02 14:25:00,463,291.13,1,Active
15391.0,2010-05-04 15:04:00,584,289.87,1,Active
16897.0,2011-02-13 15:02:00,299,289.78,2,Active
13796.0,2010-07-28 14:45:00,499,289.7,1,Active
14433.0,2010-08-31 12:35:00,466,289.6,1,Active
14162.0,2011-06-19 11:36:00,174,289.36,2,Active
17501.0,2011-05-03 09:47:00,221,288.6,2,Active
16808.0,2011-09-01 19:34:00,99,288.42,2,Active
13616.0,2010-05-20 12:59:00,568,288.1,2,Active
16432.0,2011-10-06 13:59:00,64,287.4,1,Active
17497.0,2010-11-14 14:17:00,390,287.25,2,Active
13508.0,2011-04-10 11:58:00,244,287.05,2,Active
13909.0,2010-10-12 17:22:00,423,286.6,2,Active
14183.0,2010-10-24 14:45:00,411,286.29,2,Active
14660.0,2011-09-14 11:34:00,87,285.74,2,Active
14402.0,2010-02-25 13:20:00,652,285.6,1,Active
17636.0,2011-11-20 14:40:00,19,285.56,1,Active
16890.0,2010-08-20 11:23:00,477,285.41,3,Active
12487.0,2009-12-09 11:36:00,731,285.29999999999995,1,Active
17355.0,2010-11-18 13:18:00,386,285.11,1,Active
16429.0,2011-08-25 13:54:00,106,284.55,1,Active
15445.0,2011-03-20 15:06:00,264,284.5,2,Active
17359.0,2011-11-28 14:37:00,11,284.46,2,Active
15354.0,2010-04-15 16:24:00,603,284.4,3,Active
12851.0,2011-09-04 12:41:00,97,284.13,2,Active
13121.0,2011-03-15 16:47:00,269,283.73,1,Active
15662.0,2010-02-16 16:47:00,661,283.73,2,Active
15338.0,2010-01-31 14:25:00,677,283.43,1,Active
15936.0,2010-11-25 16:39:00,379,282.79,2,Active
13511.0,2010-02-01 12:10:00,677,282.76,1,Active
12771.0,2010-08-11 11:51:00,486,282.3,1,Active
17247.0,2011-11-24 15:21:00,15,282.19,1,Active
17072.0,2010-03-24 16:33:00,625,282.05,1,Active
16557.0,2011-11-15 14:04:00,24,281.85,2,Active
13326.0,2010-10-03 16:00:00,432,281.76,1,Active
13679.0,2010-08-03 12:13:00,494,281.26,3,Active
18042.0,2011-10-17 11:49:00,54,281.15,2,Active
15772.0,2010-10-17 13:33:00,418,280.88,1,Active
13080.0,2011-06-13 14:59:00,179,280.73,4,Active
14242.0,2011-04-19 11:46:00,235,280.55,2,Active
13606.0,2011-11-10 17:46:00,29,280.53999999999996,3,Active
13581.0,2011-02-03 14:41:00,309,280.53000000000003,2,Active
15556.0,2011-11-15 16:08:00,24,279.77,1,Active
17264.0,2010-10-11 12:52:00,424,279.59,1,Active
17786.0,2011-09-15 12:51:00,85,278.74,2,Active
14764.0,2011-10-24 11:54:00,47,278.3,1,Active
14303.0,2010-10-28 15:37:00,407,277.94,2,Active
16334.0,2010-08-04 16:38:00,492,277.48,1,Active
15355.0,2011-11-10 13:44:00,29,277.05,2,Active
13272.0,2011-11-08 14:00:00,31,276.56,2,Active
12750.0,2011-08-03 09:13:00,129,275.88,1,Active
13399.0,2010-09-01 13:59:00,464,275.4,3,Active
16313.0,2011-12-06 13:02:00,3,274.15000000000003,2,Active
12789.0,2011-10-05 13:34:00,65,273.35,3,Active
13307.0,2011-08-11 17:14:00,120,273.34,3,Active
13861.0,2010-10-06 14:20:00,429,273.26,2,Active
15964.0,2010-02-14 15:30:00,663,272.96000000000004,1,Active
17498.0,2011-09-25 12:25:00,76,272.22,1,Active
13917.0,2011-10-21 09:56:00,50,272.04,2,Active
14816.0,2011-05-26 13:16:00,197,271.85,1,Active
17292.0,2010-08-24 17:14:00,472,271.75,2,Active
14436.0,2011-09-02 10:13:00,99,271.70000000000005,2,Active
16089.0,2010-11-18 13:51:00,386,271.44,2,Active
13058.0,2011-11-15 12:43:00,25,271.40000000000003,3,Active
15943.0,2010-02-28 12:49:00,650,271.28999999999996,2,Active
17278.0,2011-04-12 13:10:00,241,271.24,2,Active
13837.0,2011-05-12 12:10:00,212,271.24,2,Active
18238.0,2010-07-12 12:51:00,515,270.92,1,Active
13533.0,2011-06-10 11:54:00,183,270.79,3,Active
14520.0,2011-12-08 09:46:00,2,270.6,2,Active
16757.0,2011-01-25 11:59:00,319,270.48,2,Active
12558.0,2011-12-02 10:41:00,8,269.96,1,Active
18267.0,2010-02-05 08:43:00,673,269.37,1,Active
12751.0,2010-09-21 12:49:00,445,268.27,1,Active
18254.0,2010-05-07 14:37:00,581,267.9,1,Active
14039.0,2011-11-06 13:48:00,33,267.28000000000003,2,Active
15408.0,2011-03-20 15:02:00,264,267.18,1,Active
15503.0,2010-12-12 10:57:00,363,267.15,2,Active
15320.0,2011-10-26 13:27:00,44,267.13,1,Active
15517.0,2011-04-20 14:02:00,233,267.03,1,Active
15423.0,2011-11-01 14:01:00,38,266.89,3,Active
14863.0,2011-11-10 15:04:00,29,266.76,1,Active
16502.0,2010-03-29 13:44:00,620,266.5,2,Active
14392.0,2010-10-03 12:56:00,432,266.4,1,Active
15119.0,2011-04-08 09:08:00,246,266.4,1,Active
12962.0,2011-12-02 15:55:00,7,266.39,2,Active
15019.0,2011-03-18 12:35:00,267,266.0,1,Active
16074.0,2010-11-14 13:19:00,390,265.25,1,Active
13973.0,2011-02-25 15:21:00,287,264.7,1,Active
13128.0,2010-03-18 15:08:00,631,263.5,1,Active
12892.0,2010-11-08 09:51:00,397,263.38,1,Active
17808.0,2010-06-09 10:44:00,549,262.64,4,Active
14526.0,2010-11-15 13:32:00,389,262.4,1,Active
13331.0,2010-11-03 08:04:00,402,262.4,1,Active
17910.0,2009-12-13 16:04:00,726,261.7,1,Active
12655.0,2010-10-12 09:17:00,424,261.35,1,Active
17385.0,2011-11-25 11:02:00,15,261.11,1,Active
13189.0,2011-11-21 10:39:00,19,260.68,2,Active
15014.0,2011-10-27 20:07:00,43,260.17,2,Active
17901.0,2011-11-10 17:29:00,29,260.08,3,Active
17022.0,2011-11-08 17:09:00,31,260.0,2,Active
16733.0,2010-06-28 10:12:00,530,259.68,1,Active
17125.0,2011-10-20 14:41:00,50,259.35,1,Active
13127.0,2011-09-23 10:26:00,78,259.17,1,Active
17558.0,2010-11-11 14:36:00,393,259.17,1,Active
17219.0,2011-11-08 11:25:00,32,259.13,2,Active
15536.0,2010-10-26 16:31:00,409,259.09,1,Active
16381.0,2010-11-09 09:56:00,396,258.7,2,Active
13683.0,2010-09-08 10:00:00,458,258.6,1,Active
13227.0,2011-05-22 11:47:00,202,257.7,1,Active
16542.0,2011-10-17 10:47:00,54,257.32,2,Active
15852.0,2011-06-06 11:22:00,187,257.26,3,Active
14483.0,2011-03-03 10:26:00,282,257.1,2,Active
15404.0,2010-11-29 11:03:00,376,257.06,1,Active
14166.0,2010-07-22 19:42:00,505,256.85,2,Active
14876.0,2010-07-06 14:57:00,521,256.7,2,Active
14274.0,2010-01-22 12:51:00,686,256.6,1,Active
12430.0,2011-10-27 15:09:00,43,256.4,1,Active
13806.0,2011-10-07 11:43:00,64,256.38,1,Active
17896.0,2011-11-16 13:59:00,23,256.32,1,Active
13250.0,2010-09-05 11:33:00,461,256.04,2,Active
13825.0,2010-03-28 11:02:00,622,255.59,2,Active
14881.0,2011-11-20 11:06:00,20,255.4,1,Active
16911.0,2010-03-14 12:18:00,636,255.25,2,Active
12746.0,2010-06-17 10:41:00,541,254.55,1,Active
12604.0,2011-09-21 14:08:00,79,254.18,2,Active
15923.0,2010-12-02 12:16:00,373,254.16,1,Active
17992.0,2010-11-15 13:04:00,389,254.13,1,Active
14765.0,2011-11-10 19:53:00,29,254.11,3,Active
17626.0,2010-04-16 12:15:00,603,254.0,1,Active
16845.0,2010-03-31 13:09:00,618,253.88,1,Active
17210.0,2010-11-12 12:15:00,393,253.37,1,Active
15035.0,2011-09-11 11:08:00,90,252.73000000000002,1,Active
13251.0,2010-11-02 13:20:00,402,252.68,1,Active
16908.0,2009-12-17 13:35:00,722,252.59,1,Active
15552.0,2011-05-06 14:47:00,217,252.52,2,Active
13404.0,2011-12-08 15:37:00,1,252.49,2,Active
13645.0,2011-08-11 16:11:00,120,252.1,1,Active
16453.0,2010-06-27 12:46:00,531,251.71,2,Active
16976.0,2011-03-17 16:33:00,267,251.51999999999998,1,Active
14501.0,2011-06-09 12:02:00,184,251.21,2,Active
18266.0,2010-10-01 15:33:00,434,251.1,1,Active
16962.0,2010-10-26 11:36:00,410,251.04,1,Active
15231.0,2010-03-28 15:12:00,621,250.26,1,Active
17303.0,2010-12-13 13:32:00,361,250.04,1,Active
15510.0,2011-01-13 12:10:00,331,250.0,1,Active
18002.0,2010-11-29 10:57:00,376,249.92,4,Active
18005.0,2011-12-06 11:51:00,4,249.72,2,Active
15884.0,2010-10-03 15:55:00,432,249.70000000000002,2,Active
13747.0,2010-12-01 10:37:00,374,249.39999999999998,2,Active
12563.0,2010-10-27 09:52:00,409,249.24,1,Active
16508.0,2010-03-19 13:41:00,630,248.8,1,Active
13061.0,2011-09-28 16:04:00,72,248.61,1,Active
13592.0,2011-11-04 09:49:00,36,247.95999999999998,4,Active
15293.0,2010-02-12 11:54:00,666,247.5,1,Active
18072.0,2011-06-07 10:44:00,186,247.44,1,Active
13349.0,2011-11-29 08:07:00,11,247.32,1,Active
14658.0,2011-12-04 15:35:00,5,247.15,2,Active
14654.0,2009-12-01 12:57:00,738,246.86,1,Active
15697.0,2010-01-19 09:10:00,690,246.75,1,Active
13943.0,2010-05-11 11:30:00,578,246.54,1,Active
15378.0,2010-09-03 11:30:00,463,246.5,2,Active
15495.0,2010-11-25 13:46:00,379,246.5,1,Active
15783.0,2011-11-29 09:50:00,11,246.3,1,Active
18153.0,2010-02-18 15:50:00,659,246.22,1,Active
16778.0,2011-09-26 13:48:00,74,245.94,2,Active
14325.0,2010-05-19 09:20:00,570,245.48000000000002,1,Active
14281.0,2010-10-27 14:45:00,408,245.15,1,Active
12660.0,2011-11-28 13:26:00,11,245.1,1,Active
15118.0,2011-07-28 14:54:00,134,244.8,1,Active
16528.0,2011-12-06 12:45:00,4,244.41,1,Active
14694.0,2010-04-01 19:46:00,617,244.31,1,Active
13551.0,2011-01-24 14:46:00,319,244.2,2,Active
17892.0,2011-10-14 16:49:00,56,244.1,3,Active
13676.0,2010-06-18 17:30:00,539,243.9,2,Active
16793.0,2011-10-13 15:08:00,57,243.84,1,Active
13886.0,2011-09-29 13:17:00,71,243.56,1,Active
15543.0,2011-02-24 15:26:00,288,242.84,2,Active
16215.0,2011-09-20 10:18:00,81,242.35,1,Active
17915.0,2010-06-06 13:22:00,551,242.13,1,Active
17009.0,2010-06-06 16:01:00,551,242.06,1,Active
13445.0,2010-03-23 15:34:00,626,241.89999999999998,1,Active
13582.0,2010-11-15 11:34:00,390,241.68,2,Active
13275.0,2010-11-21 12:09:00,384,241.66,2,Active
15776.0,2011-07-29 13:46:00,133,241.62,1,Active
14774.0,2010-06-29 12:26:00,529,241.45,1,Active
14523.0,2011-08-23 13:13:00,108,241.09,1,Active
16427.0,2011-03-21 17:10:00,263,241.06,2,Active
13674.0,2010-10-03 10:41:00,433,240.68,1,Active
15286.0,2011-10-21 11:08:00,50,240.55,1,Active
15336.0,2010-11-03 12:39:00,402,240.5,1,Active
15931.0,2010-10-07 16:46:00,428,239.9,1,Active
15690.0,2011-12-05 15:59:00,4,239.76,2,Active
17055.0,2010-09-20 12:21:00,446,239.55,1,Active
13570.0,2011-04-10 13:36:00,243,239.49,1,Active
13789.0,2010-11-16 15:31:00,388,239.45999999999998,1,Active
17684.0,2011-10-27 11:10:00,44,239.41,1,Active
12663.0,2010-03-25 09:40:00,625,239.4,2,Active
17981.0,2010-10-25 10:40:00,411,239.12,1,Active
12561.0,2011-02-10 11:39:00,303,238.85,1,Active
12718.0,2011-09-29 16:38:00,71,238.25,1,Active
16280.0,2009-12-14 15:49:00,725,238.05,1,Active
14982.0,2010-05-16 15:52:00,572,237.78,1,Active
17877.0,2011-06-22 13:00:00,170,237.61,1,Active
14458.0,2010-11-24 12:43:00,381,237.42,1,Active
14586.0,2011-03-08 10:04:00,277,237.36,1,Active
15457.0,2011-03-22 15:31:00,262,237.07,1,Active
16740.0,2010-11-09 13:34:00,395,236.81,1,Active
12732.0,2011-06-13 11:33:00,180,236.26000000000002,1,Active
13608.0,2010-06-17 12:28:00,541,236.2,1,Active
13088.0,2010-10-18 15:35:00,417,236.11,1,Active
16026.0,2011-10-27 13:53:00,43,236.09,1,Active
17093.0,2010-04-26 10:22:00,593,235.88,1,Active
17872.0,2010-11-23 12:02:00,382,235.87,1,Active
16046.0,2010-05-26 13:18:00,562,235.78,1,Active
17993.0,2010-04-01 14:23:00,617,235.19,1,Active
12392.0,2010-04-27 14:04:00,591,234.75000000000003,1,Active
17868.0,2010-11-18 18:55:00,386,234.65,1,Active
13114.0,2009-12-09 09:56:00,731,234.38,1,Active
14473.0,2011-09-26 15:10:00,74,234.34000000000003,2,Active
17060.0,2011-03-18 13:27:00,266,234.24,1,Active
12736.0,2011-01-11 07:57:00,333,234.0,1,Active
13009.0,2010-02-05 12:22:00,673,234.0,1,Active
13348.0,2011-10-06 17:28:00,64,233.76,1,Active
14153.0,2010-08-13 14:35:00,483,233.4,1,Active
15294.0,2010-10-25 11:45:00,411,233.35,1,Active
13129.0,2010-09-13 13:47:00,452,233.25,2,Active
14995.0,2011-11-01 11:39:00,39,233.23000000000002,2,Active
16302.0,2011-08-05 09:44:00,127,233.22,1,Active
15451.0,2010-10-01 13:40:00,434,233.21,2,Active
13678.0,2011-07-11 10:14:00,152,232.6,1,Active
18213.0,2011-04-17 10:21:00,237,232.48000000000002,1,Active
16408.0,2010-04-27 14:08:00,591,231.93,1,Active
17151.0,2009-12-04 14:56:00,735,231.90000000000003,1,Active
13619.0,2010-06-13 11:39:00,545,231.69,2,Active
17136.0,2010-02-15 13:13:00,662,231.68,1,Active
18279.0,2010-07-08 14:48:00,519,231.33999999999997,1,Active
15487.0,2010-01-29 12:07:00,680,231.32,1,Active
15001.0,2010-11-10 13:51:00,394,230.85999999999999,2,Active
18030.0,2011-12-05 16:37:00,4,230.64999999999998,2,Active
15866.0,2011-08-30 14:09:00,101,230.53,1,Active
17261.0,2010-07-18 11:49:00,510,230.44,1,Active
13960.0,2011-11-18 15:27:00,21,230.22,2,Active
18197.0,2010-05-13 10:46:00,576,230.1,1,Active
14069.0,2010-07-13 12:12:00,515,230.06,2,Active
14314.0,2011-08-25 10:39:00,107,229.8,2,Active
14017.0,2010-05-17 14:52:00,571,229.75,1,Active
12812.0,2011-10-26 09:54:00,45,229.64000000000001,1,Active
13403.0,2011-11-22 08:28:00,18,229.5,3,Active
14596.0,2010-03-23 12:13:00,627,229.47,1,Active
17185.0,2010-04-27 12:15:00,592,229.46,3,Active
15528.0,2011-03-30 16:14:00,254,229.33,1,Active
17743.0,2010-09-17 14:54:00,448,229.2,1,Active
17347.0,2011-09-14 13:12:00,86,228.96,1,Active
15273.0,2010-04-19 11:31:00,600,228.96,1,Active
13146.0,2011-11-13 15:29:00,26,228.91,1,Active
17989.0,2010-11-25 13:49:00,379,228.82999999999998,1,Active
17066.0,2009-12-13 13:24:00,726,228.34,1,Active
16760.0,2010-10-05 15:55:00,430,228.0,1,Active
15566.0,2010-11-12 12:11:00,393,227.87,2,Active
14363.0,2010-11-02 17:01:00,402,227.47000000000003,2,Active
18021.0,2010-07-18 10:52:00,510,227.06,2,Active
18132.0,2010-07-23 16:54:00,504,226.9,1,Active
13651.0,2011-11-04 14:59:00,35,226.85,3,Active
16540.0,2010-10-21 17:22:00,414,226.70000000000002,1,Active
14718.0,2010-10-25 13:07:00,410,226.42,1,Active
16666.0,2011-11-20 14:01:00,19,225.94,2,Active
14357.0,2011-10-27 16:23:00,43,225.77,1,Active
16622.0,2010-06-14 10:44:00,544,225.4,1,Active
16587.0,2011-04-21 15:51:00,232,225.15,1,Active
16346.0,2010-11-19 15:55:00,385,224.51,1,Active
15175.0,2011-09-29 11:31:00,72,224.14,1,Active
12914.0,2010-11-04 12:28:00,401,223.98,1,Active
16753.0,2011-10-12 13:14:00,58,223.92000000000002,1,Active
14928.0,2010-03-22 09:14:00,628,223.91000000000003,1,Active
16562.0,2010-08-20 11:45:00,477,223.85999999999999,1,Active
13926.0,2011-11-16 13:16:00,23,223.85000000000002,1,Active
18131.0,2010-03-18 08:48:00,632,222.95999999999998,1,Active
12887.0,2010-11-21 11:18:00,384,222.4,1,Active
15897.0,2011-05-29 13:50:00,194,222.05,2,Active
15788.0,2010-07-19 12:48:00,509,221.82999999999998,1,Active
14445.0,2010-09-10 11:09:00,456,221.65,1,Active
17087.0,2009-12-02 10:41:00,738,221.53,1,Active
14960.0,2011-12-01 12:54:00,8,221.27,2,Active
13419.0,2011-10-07 12:49:00,64,221.06,1,Active
15790.0,2011-11-29 14:53:00,10,220.85,1,Active
12821.0,2011-05-09 15:51:00,214,220.8,2,Active
16482.0,2011-11-24 12:33:00,16,220.62,1,Active
13033.0,2010-12-17 14:23:00,357,220.55,2,Active
18007.0,2010-11-12 11:08:00,393,220.32,1,Active
18114.0,2011-02-22 13:20:00,290,220.1,1,Active
13454.0,2010-03-08 14:40:00,641,219.87,1,Active
13992.0,2011-11-09 15:23:00,30,219.5,3,Active
14074.0,2010-03-26 13:55:00,623,219.39999999999998,1,Active
15096.0,2011-10-28 10:27:00,43,219.39000000000001,1,Active
12799.0,2010-06-28 15:57:00,529,219.35,1,Active
14271.0,2011-04-28 12:47:00,226,219.13,2,Active
12702.0,2011-11-20 10:36:00,20,219.0,1,Active
15086.0,2010-05-24 12:27:00,565,218.53,2,Active
17619.0,2011-01-31 14:18:00,312,218.52,1,Active
12574.0,2011-01-28 09:20:00,316,218.45,1,Active
17217.0,2011-04-19 17:19:00,234,218.0,2,Active
15591.0,2010-05-06 09:23:00,583,217.9,3,Active
16874.0,2010-11-25 13:08:00,379,217.74,1,Active
16035.0,2010-05-28 15:09:00,560,217.73,1,Active
15490.0,2010-10-05 13:11:00,430,217.6,1,Active
13271.0,2011-11-02 14:31:00,37,217.38,1,Active
15295.0,2010-02-23 13:03:00,654,217.23999999999998,1,Active
15554.0,2011-03-07 09:00:00,278,217.2,1,Active
13423.0,2010-10-07 09:02:00,429,217.03,1,Active
15401.0,2010-09-13 13:42:00,452,216.95000000000002,2,Active
15460.0,2010-12-20 16:08:00,354,216.76,1,Active
17902.0,2010-06-11 12:25:00,547,216.39999999999998,1,Active
15604.0,2011-10-18 14:47:00,52,216.39,1,Active
13858.0,2011-10-13 16:17:00,57,216.17,1,Active
16179.0,2011-10-10 09:41:00,61,215.83,1,Active
15052.0,2011-01-24 15:52:00,319,215.78,1,Active
14476.0,2011-03-27 15:39:00,257,215.7,1,Active
16189.0,2011-11-24 11:47:00,16,215.48,2,Active
14376.0,2010-01-25 15:36:00,683,215.46,1,Active
18157.0,2010-05-17 14:09:00,571,215.35,1,Active
14635.0,2010-09-12 10:47:00,454,215.22,1,Active
16338.0,2011-07-05 13:56:00,157,214.79999999999998,1,Active
14106.0,2009-12-02 14:09:00,737,214.79999999999998,1,Active
14361.0,2010-05-10 12:29:00,579,214.70999999999998,1,Active
15558.0,2010-03-10 15:25:00,639,214.13,1,Active
14601.0,2011-11-29 09:48:00,11,213.96,1,Active
13621.0,2011-08-15 08:26:00,117,213.85,1,Active
17153.0,2011-11-15 13:42:00,24,213.78,1,Active
13411.0,2011-08-24 13:57:00,107,213.55,1,Active
16591.0,2011-10-02 10:43:00,69,213.5,1,Active
13724.0,2010-03-12 15:28:00,637,213.01,1,Active
13691.0,2010-11-08 17:34:00,396,212.78,1,Active
12961.0,2010-11-25 16:44:00,379,211.99,1,Active
12470.0,2010-01-19 11:01:00,690,211.95,1,Active
14843.0,2010-09-29 12:39:00,437,211.79999999999998,1,Active
15703.0,2011-03-20 10:51:00,265,211.5,1,Active
12995.0,2011-09-15 15:44:00,85,211.32,1,Active
14992.0,2010-09-23 17:48:00,442,210.5,1,Active
17271.0,2009-12-03 13:49:00,736,210.39,1,Active
13532.0,2011-11-06 12:25:00,34,210.31,1,Active
17484.0,2010-05-12 15:41:00,576,209.57,2,Active
13828.0,2011-11-17 16:02:00,22,209.49,1,Active
13056.0,2010-06-06 14:10:00,551,209.48,1,Active
14003.0,2009-12-07 08:53:00,733,209.41,1,Active
16487.0,2010-05-11 13:38:00,577,209.4,2,Active
15112.0,2010-04-07 14:17:00,611,209.4,1,Active
17026.0,2011-06-07 14:28:00,185,208.98,3,Active
15327.0,2011-10-18 11:55:00,53,208.75,1,Active
13290.0,2010-09-27 16:29:00,438,208.63,1,Active
15741.0,2010-09-07 16:21:00,458,208.62,2,Active
16914.0,2011-11-03 15:27:00,36,208.46,1,Active
16457.0,2011-05-05 13:19:00,218,208.36,1,Active
15212.0,2011-04-12 13:45:00,241,208.28,2,Active
12848.0,2010-02-02 12:45:00,676,208.0,1,Active
16964.0,2009-12-06 12:53:00,733,207.85,2,Active
16866.0,2011-07-22 10:06:00,141,207.73999999999998,3,Active
13099.0,2011-09-01 17:40:00,99,207.35999999999999,1,Active
15925.0,2011-05-29 15:35:00,194,207.15,1,Active
15820.0,2011-01-24 12:00:00,320,206.98,1,Active
18126.0,2011-10-10 12:19:00,61,206.82999999999998,1,Active
17166.0,2011-11-01 09:46:00,39,206.34,2,Active
14964.0,2011-04-06 14:13:00,247,206.21,1,Active
14519.0,2010-01-25 11:18:00,684,206.09,2,Active
15914.0,2010-11-26 16:10:00,378,205.99,2,Active
16090.0,2010-03-25 13:05:00,624,205.91,1,Active
14278.0,2010-10-26 12:07:00,410,205.83,1,Active
17670.0,2011-04-26 09:12:00,228,205.7,1,Active
16490.0,2010-09-29 16:30:00,436,205.41000000000003,1,Active
14602.0,2010-02-21 15:47:00,656,205.35999999999999,1,Active
15307.0,2011-09-05 11:38:00,96,205.3,1,Active
15758.0,2011-11-15 10:48:00,25,205.25,1,Active
12400.0,2010-10-21 13:45:00,414,205.25,1,Active
17112.0,2010-07-25 11:14:00,503,205.17,1,Active
15319.0,2011-03-01 12:48:00,284,204.5,1,Active
16901.0,2009-12-10 16:30:00,729,204.26,1,Active
14468.0,2009-12-06 12:21:00,734,204.24,1,Active
17206.0,2011-10-17 13:25:00,53,204.24,1,Active
13017.0,2011-12-02 15:53:00,7,204.0,1,Active
17394.0,2011-05-04 13:22:00,219,203.86999999999998,1,Active
17891.0,2011-06-30 20:08:00,162,203.85999999999999,1,Active
15020.0,2010-11-25 13:29:00,379,203.42,1,Active
17074.0,2010-05-26 12:04:00,563,203.05,1,Active
15459.0,2010-10-18 15:25:00,417,202.82999999999998,2,Active
18169.0,2011-10-10 12:18:00,61,202.65,1,Active
12416.0,2010-02-21 10:19:00,657,202.56,1,Active
14892.0,2010-01-18 08:58:00,691,202.35000000000002,1,Active
14385.0,2011-11-30 15:36:00,9,202.11,3,Active
16937.0,2010-07-28 17:56:00,499,202.1,1,Active
16965.0,2011-04-27 12:08:00,227,201.19,1,Active
13284.0,2011-01-13 09:23:00,331,201.19,1,Active
18281.0,2011-06-12 10:53:00,181,201.14,2,Active
13556.0,2010-10-06 16:44:00,429,200.82,2,Active
14330.0,2010-03-26 09:10:00,624,200.63,1,Active
17693.0,2011-07-25 15:48:00,137,200.47,1,Active
13133.0,2011-03-11 10:31:00,274,200.45000000000002,3,Active
13944.0,2010-02-24 15:02:00,653,200.43,1,Active
14782.0,2011-01-24 11:12:00,320,200.10000000000002,1,Active
15593.0,2011-09-30 11:46:00,71,199.8,1,Active
13322.0,2011-11-22 14:21:00,17,199.48000000000002,1,Active
14521.0,2010-08-05 16:35:00,491,199.45000000000002,1,Active
17184.0,2010-05-19 14:24:00,569,198.41000000000003,2,Active
12581.0,2011-10-31 08:56:00,40,197.71,1,Active
17778.0,2010-02-16 12:44:00,662,197.70000000000002,1,Active
14185.0,2011-01-12 13:52:00,331,197.65,1,Active
14789.0,2011-11-11 08:59:00,29,197.64,1,Active
12927.0,2010-11-10 10:02:00,395,197.31,1,Active
14830.0,2011-10-17 14:29:00,53,197.13,1,Active
15234.0,2011-03-08 08:53:00,277,197.0,1,Active
13436.0,2011-12-08 10:33:00,2,196.89,1,Active
15746.0,2011-07-28 15:21:00,134,196.88,1,Active
13978.0,2011-11-25 11:36:00,15,196.79000000000002,2,Active
16112.0,2011-07-19 14:28:00,143,195.73999999999998,4,Active
13757.0,2010-02-03 12:37:00,675,195.55,1,Active
17010.0,2011-11-21 14:49:00,18,195.36,1,Active
14666.0,2011-11-15 12:57:00,24,195.25,1,Active
15612.0,2011-11-03 14:52:00,36,195.15,2,Active
14405.0,2010-11-18 11:40:00,387,195.0,1,Active
13671.0,2010-11-10 10:50:00,395,194.95,1,Active
14100.0,2011-07-25 11:01:00,138,194.9,1,Active
17468.0,2011-11-29 15:33:00,10,194.8,3,Active
17065.0,2010-03-12 11:41:00,638,194.7,2,Active
17475.0,2011-09-21 14:55:00,79,194.37,1,Active
16299.0,2010-08-19 17:46:00,477,193.65,1,Active
16695.0,2010-05-27 12:36:00,562,193.15,2,Active
14801.0,2011-10-09 15:24:00,61,193.14,1,Active
13568.0,2011-06-19 14:42:00,173,192.85,1,Active
17257.0,2010-09-29 12:51:00,436,192.73,2,Active
12522.0,2011-10-31 15:30:00,39,192.72,2,Active
14768.0,2011-11-22 12:54:00,17,192.60000000000002,2,Active
15729.0,2011-05-11 12:36:00,213,192.55,3,Active
18028.0,2010-05-05 13:28:00,583,192.05,1,Active
15909.0,2011-06-19 10:38:00,174,191.94,1,Active
14279.0,2010-07-07 08:42:00,521,191.86,2,Active
17904.0,2011-11-18 12:57:00,21,191.67,1,Active
15692.0,2011-11-11 14:12:00,28,191.04,1,Active
15954.0,2010-04-29 13:35:00,589,190.75,1,Active
14728.0,2010-10-22 15:57:00,413,190.58,1,Active
15688.0,2010-10-17 12:06:00,419,190.57,1,Active
15412.0,2011-06-21 15:24:00,171,190.53,1,Active
18020.0,2010-06-14 12:31:00,544,190.48000000000002,1,Active
14617.0,2010-11-02 11:41:00,403,190.47000000000003,2,Active
13766.0,2010-08-01 14:25:00,495,190.35,1,Active
13972.0,2011-09-30 11:54:00,71,190.25,2,Active
17885.0,2011-11-27 14:40:00,12,190.19,1,Active
18046.0,2010-02-28 11:36:00,650,189.63,1,Active
13826.0,2011-06-16 13:48:00,176,189.5,1,Active
13387.0,2010-10-18 14:07:00,417,189.44,1,Active
18045.0,2011-10-25 13:07:00,45,189.4,1,Active
16673.0,2010-01-29 14:22:00,679,188.83,1,Active
16277.0,2009-12-06 11:27:00,734,188.69,1,Active
14697.0,2011-05-05 15:39:00,218,188.60999999999999,2,Active
17283.0,2010-11-26 11:53:00,379,188.46,1,Active
16051.0,2010-01-27 09:38:00,682,188.44,1,Active
13063.0,2010-08-16 12:27:00,481,188.4,1,Active
12893.0,2011-11-09 12:34:00,31,188.14,1,Active
17781.0,2011-07-03 16:00:00,159,188.02,2,Active
14131.0,2010-03-01 11:59:00,649,187.87,1,Active
17279.0,2011-10-13 11:58:00,58,187.82999999999998,1,Active
15072.0,2010-08-17 15:46:00,479,187.51999999999998,1,Active
13852.0,2010-04-08 09:06:00,611,187.35000000000002,1,Active
18013.0,2011-07-07 14:11:00,155,187.29,2,Active
16267.0,2010-04-27 14:10:00,591,186.66,1,Active
18063.0,2010-11-14 10:46:00,391,186.60000000000002,2,Active
17215.0,2010-09-01 13:39:00,464,186.15,1,Active
16388.0,2010-02-24 10:20:00,654,186.05,1,Active
15567.0,2011-11-21 10:48:00,19,186.01,1,Active
12641.0,2011-08-16 13:26:00,115,185.9,1,Active
14812.0,2010-04-20 12:13:00,599,185.8,1,Active
17840.0,2010-09-22 12:24:00,444,185.72,1,Active
17574.0,2011-04-11 09:47:00,243,185.65,1,Active
16559.0,2010-11-07 13:52:00,397,185.20000000000002,1,Active
14879.0,2010-01-24 11:35:00,685,185.06,1,Active
16097.0,2011-04-13 13:47:00,240,185.04999999999998,1,Active
14677.0,2010-04-26 09:48:00,593,184.91,1,Active
17803.0,2010-11-12 13:53:00,392,184.66,1,Active
14059.0,2011-03-18 10:06:00,267,183.6,1,Active
17820.0,2010-11-30 17:43:00,374,183.56,1,Active
13460.0,2011-11-10 17:17:00,29,183.44,2,Active
14119.0,2010-11-29 10:33:00,376,183.37,2,Active
14983.0,2010-01-19 17:32:00,689,183.20000000000002,1,Active
17798.0,2010-05-07 11:42:00,582,183.09,1,Active
16819.0,2010-08-31 17:37:00,465,182.59,2,Active
14941.0,2010-05-10 11:30:00,579,182.1,1,Active
17587.0,2010-03-21 14:16:00,628,181.66,1,Active
12934.0,2009-12-03 10:51:00,737,181.65,1,Active
16822.0,2010-01-22 14:22:00,686,181.39,1,Active
15359.0,2010-02-15 10:47:00,663,181.35,8,Active
16594.0,2011-09-25 14:08:00,75,181.09,1,Active
15292.0,2011-05-22 15:00:00,201,180.94,1,Active
14858.0,2010-07-22 10:51:00,506,180.75,1,Active
12622.0,2011-04-21 16:39:00,232,180.1,1,Active
18234.0,2010-06-06 11:22:00,552,179.6,1,Active
14945.0,2010-10-22 11:26:00,414,179.4,1,Active
16640.0,2010-11-07 10:48:00,398,179.4,1,Active
18147.0,2011-10-25 11:46:00,46,179.33999999999997,2,Active
15895.0,2011-07-13 10:27:00,150,179.17,1,Active
14705.0,2011-05-25 12:39:00,199,179.0,1,Active
15209.0,2009-12-09 17:26:00,730,178.98000000000002,1,Active
15139.0,2011-04-14 11:39:00,240,178.96,2,Active
16691.0,2010-10-17 15:03:00,418,178.83,2,Active
17170.0,2010-11-30 15:55:00,374,178.68,2,Active
17879.0,2011-06-19 12:36:00,174,178.51999999999998,1,Active
12686.0,2010-12-03 09:51:00,372,178.28,1,Active
17253.0,2011-11-21 12:59:00,18,178.26,1,Active
18282.0,2011-12-02 11:43:00,8,178.05,2,Active
12858.0,2010-11-21 12:55:00,383,177.92,1,Active
16403.0,2011-01-31 13:39:00,312,177.5,1,Active
13618.0,2011-06-19 11:09:00,174,177.34,1,Active
12618.0,2011-11-18 11:10:00,22,177.31,1,Active
13072.0,2011-03-18 08:12:00,267,177.15,1,Active
16285.0,2010-03-03 16:03:00,646,176.9,1,Active
17036.0,2010-11-21 14:26:00,383,176.9,1,Active
13746.0,2010-10-22 11:55:00,414,176.69,1,Active
17947.0,2011-11-02 13:05:00,37,176.68,1,Active
14287.0,2011-12-01 13:25:00,8,176.63,3,Active
12509.0,2011-02-28 14:45:00,284,176.5,1,Active
18054.0,2010-11-12 08:18:00,393,176.5,1,Active
18175.0,2010-02-02 10:25:00,676,176.1,1,Active
18274.0,2011-11-09 17:03:00,30,175.92,1,Active
13547.0,2010-10-27 14:14:00,408,175.53,1,Active
18166.0,2010-03-26 12:26:00,624,175.5,1,Active
14486.0,2010-07-16 09:42:00,512,175.5,2,Active
13007.0,2010-05-09 10:38:00,580,175.25,1,Active
17331.0,2011-08-08 11:55:00,124,175.2,1,Active
16144.0,2011-04-07 10:09:00,247,175.2,1,Active
17108.0,2010-02-14 12:22:00,664,174.95,1,Active
18010.0,2011-03-28 12:27:00,257,174.8,1,Active
14495.0,2011-10-20 12:28:00,51,174.8,3,Active
13560.0,2011-12-02 13:11:00,7,174.37,1,Active
14518.0,2011-10-06 14:43:00,64,174.37,1,Active
16731.0,2010-03-01 15:05:00,648,174.05,1,Active
15335.0,2011-10-17 12:50:00,54,173.97,1,Active
15684.0,2010-06-10 18:51:00,547,173.95,3,Active
14674.0,2010-07-18 14:25:00,509,173.66,1,Active
15565.0,2011-10-20 14:33:00,50,173.16,2,Active
16741.0,2010-03-24 15:15:00,625,173.06,1,Active
16599.0,2010-11-19 12:45:00,386,172.8,1,Active
13195.0,2010-10-21 13:07:00,414,172.38,1,Active
13690.0,2011-10-11 15:03:00,59,172.25,1,Active
12442.0,2011-12-06 14:22:00,3,172.06,1,Active
15515.0,2010-11-17 13:39:00,387,171.81,1,Active
14536.0,2011-03-25 12:21:00,260,171.8,1,Active
17983.0,2010-11-09 13:24:00,395,171.71,1,Active
17575.0,2010-02-10 13:48:00,667,171.7,1,Active
16312.0,2010-10-03 14:15:00,432,171.15,1,Active
15403.0,2010-08-05 12:21:00,492,170.88,2,Active
14811.0,2010-11-17 13:09:00,387,170.5,1,Active
17922.0,2010-06-14 16:32:00,543,170.4,1,Active
15256.0,2011-07-14 11:47:00,149,170.4,2,Active
14860.0,2011-11-20 14:17:00,19,170.32,1,Active
14218.0,2011-10-28 10:00:00,43,169.48000000000002,1,Active
18004.0,2010-12-12 13:47:00,362,169.47,1,Active
16002.0,2010-03-24 13:08:00,625,169.21,1,Active
15647.0,2010-10-20 15:09:00,415,169.0,1,Active
12367.0,2011-12-05 16:48:00,4,168.9,1,Active
12768.0,2010-09-15 12:08:00,451,168.69000000000003,1,Active
14578.0,2011-12-06 17:18:00,3,168.63,1,Active
17367.0,2011-04-15 14:21:00,238,168.4,1,Active
18099.0,2011-08-04 15:52:00,127,168.31,1,Active
17737.0,2011-11-30 15:16:00,9,168.24,2,Active
12551.0,2010-12-17 11:23:00,358,168.0,1,Active
18088.0,2011-10-09 13:41:00,61,167.67000000000002,1,Active
17559.0,2010-07-15 12:02:00,513,167.62,1,Active
18037.0,2011-07-08 13:39:00,154,167.42,15,Active
17586.0,2010-03-30 13:12:00,619,167.4,1,Active
13609.0,2010-04-25 13:26:00,593,167.35,1,Active
16405.0,2011-02-10 15:24:00,302,167.25,2,Active
15166.0,2010-08-29 12:31:00,468,167.16,1,Active
18107.0,2010-09-23 13:03:00,442,167.13,1,Active
17875.0,2010-01-20 15:30:00,688,167.1,1,Active
15509.0,2010-11-24 14:48:00,380,166.51,1,Active
18014.0,2011-11-11 15:28:00,28,166.42,1,Active
13967.0,2011-07-17 12:02:00,146,166.3,2,Active
17650.0,2011-11-18 14:52:00,21,166.08,1,Active
14485.0,2011-11-01 12:25:00,39,165.75,1,Active
13903.0,2010-11-04 17:44:00,400,165.45000000000002,1,Active
13470.0,2011-09-01 14:57:00,99,165.0,2,Active
15316.0,2011-01-17 11:34:00,327,165.0,1,Active
16663.0,2009-12-10 13:12:00,729,165.0,1,Active
13191.0,2010-02-19 17:02:00,658,164.69,1,Active
15904.0,2011-12-01 14:50:00,8,164.68,1,Active
17535.0,2011-03-04 15:20:00,280,164.4,1,Active
13603.0,2011-11-13 15:57:00,26,164.34,1,Active
17318.0,2009-12-14 13:11:00,725,164.28,1,Active
17417.0,2010-06-09 10:00:00,549,164.18,1,Active
14516.0,2010-07-11 14:07:00,516,163.92,1,Active
18200.0,2011-08-25 18:45:00,106,163.8,1,Active
16662.0,2010-11-10 16:56:00,394,163.8,1,Active
14955.0,2009-12-07 11:35:00,733,163.77,1,Active
14354.0,2011-12-04 11:32:00,6,163.62,2,Active
15474.0,2010-04-23 11:14:00,596,163.1,1,Active
16517.0,2011-03-07 13:50:00,277,162.7,1,Active
18174.0,2011-12-02 16:56:00,7,162.5,2,Active
12954.0,2010-03-11 10:16:00,639,162.45,1,Active
15733.0,2011-03-02 09:05:00,283,162.3,1,Active
15534.0,2009-12-14 12:48:00,726,162.25,1,Active
16443.0,2010-07-07 11:57:00,521,162.24,1,Active
12661.0,2010-09-29 16:46:00,436,162.0,1,Active
17971.0,2010-06-09 14:04:00,548,161.94,1,Active
17600.0,2011-11-22 09:43:00,18,161.67000000000002,1,Active
14571.0,2010-10-10 15:06:00,425,161.65,1,Active
15499.0,2009-12-16 12:17:00,724,161.6,1,Active
16113.0,2011-06-09 16:16:00,183,161.38,1,Active
13714.0,2010-08-31 13:57:00,465,161.35,1,Active
14362.0,2011-11-17 15:08:00,22,161.2,1,Active
13779.0,2010-07-12 11:24:00,516,161.13,1,Active
13701.0,2010-09-19 12:39:00,447,161.0,1,Active
14089.0,2011-10-14 10:38:00,57,161.0,1,Active
13229.0,2011-04-28 12:07:00,226,160.95,1,Active
17953.0,2010-06-17 15:08:00,540,160.82,1,Active
17605.0,2010-04-28 14:45:00,590,160.75,1,Active
17202.0,2010-10-15 11:25:00,421,160.65,1,Active
17487.0,2009-12-11 15:06:00,728,160.55,1,Active
15229.0,2010-05-02 13:50:00,586,160.5,1,Active
14814.0,2010-05-07 14:10:00,581,160.46,1,Active
16645.0,2009-12-04 09:49:00,736,160.39,1,Active
18146.0,2011-07-22 12:08:00,141,160.35000000000002,2,Active
12966.0,2011-11-30 12:38:00,10,160.18,1,Active
13420.0,2011-07-13 08:48:00,150,159.85,2,Active
13302.0,2011-07-07 17:56:00,155,159.2,2,Active
16213.0,2011-09-22 10:03:00,79,159.0,1,Active
18224.0,2011-03-21 10:30:00,264,158.95000000000002,1,Active
13125.0,2010-07-04 11:58:00,524,158.57,1,Active
15548.0,2010-04-23 12:20:00,596,158.09,1,Active
15348.0,2011-09-28 13:17:00,72,158.04,1,Active
14318.0,2010-09-05 15:32:00,460,158.02,1,Active
17751.0,2010-10-14 13:57:00,421,157.85999999999999,1,Active
14207.0,2010-01-21 09:33:00,688,157.8,1,Active
14822.0,2010-08-11 12:52:00,485,157.70000000000002,1,Active
16687.0,2010-11-14 11:46:00,391,157.63,1,Active
12894.0,2010-05-13 14:47:00,575,157.35,1,Active
16371.0,2010-09-17 12:09:00,449,157.2,1,Active
17128.0,2011-01-09 12:02:00,335,157.09,1,Active
17118.0,2011-01-26 12:19:00,318,157.02,1,Active
15007.0,2011-07-03 16:00:00,159,156.91,1,Active
15742.0,2010-03-30 15:25:00,619,156.87,1,Active
13830.0,2010-05-07 12:24:00,582,156.85000000000002,1,Active
14406.0,2011-08-12 16:54:00,119,156.75,1,Active
16578.0,2010-03-23 15:11:00,626,156.6,1,Active
15438.0,2011-07-31 14:19:00,131,156.57999999999998,1,Active
15263.0,2011-08-25 10:26:00,107,156.51,1,Active
17899.0,2011-07-03 14:58:00,159,155.8,1,Active
13051.0,2010-05-10 09:14:00,579,155.8,2,Active
17832.0,2011-10-21 11:43:00,50,155.37,1,Active
14368.0,2011-01-24 09:52:00,320,155.0,1,Active
14046.0,2011-02-28 14:48:00,284,154.99,1,Active
17698.0,2011-03-24 11:34:00,261,154.95,1,Active
15740.0,2011-10-21 14:29:00,49,154.88,1,Active
15226.0,2011-02-02 11:41:00,311,154.41,1,Active
13490.0,2010-02-23 14:48:00,654,154.25,1,Active
17517.0,2011-02-04 11:48:00,309,153.94,1,Active
15560.0,2010-11-07 10:15:00,398,153.52,2,Active
15431.0,2010-07-25 12:44:00,503,153.24,1,Active
12602.0,2011-10-12 11:22:00,59,153.12,1,Active
16248.0,2011-10-09 11:32:00,62,152.94,1,Active
16507.0,2010-05-16 12:56:00,572,152.76,1,Active
18138.0,2011-02-17 14:51:00,295,152.65,1,Active
18113.0,2010-12-06 12:31:00,369,152.64000000000001,1,Active
14066.0,2011-03-18 12:21:00,267,152.55,1,Active
17327.0,2010-10-26 09:54:00,410,152.35,2,Active
13653.0,2010-08-09 08:19:00,488,152.2,1,Active
16617.0,2011-04-18 10:35:00,236,151.85,1,Active
18076.0,2010-11-24 14:02:00,380,151.49,1,Active
13697.0,2011-11-01 09:14:00,39,151.29999999999998,1,Active
16337.0,2011-11-03 10:03:00,37,151.05,1,Active
14073.0,2011-11-07 15:49:00,32,151.04,1,Active
12959.0,2010-08-12 17:20:00,484,150.95,1,Active
14980.0,2009-12-02 14:09:00,737,150.68,1,Active
15991.0,2010-06-23 15:50:00,534,150.55,1,Active
14084.0,2010-07-15 14:36:00,512,150.5,1,Active
15775.0,2011-04-08 12:56:00,245,150.5,2,Active
14845.0,2010-04-19 10:19:00,600,150.0,1,Active
17234.0,2011-06-10 11:20:00,183,149.89000000000001,1,Active
13257.0,2010-09-29 14:58:00,436,149.75,1,Active
17946.0,2011-04-20 17:00:00,233,149.57999999999998,2,Active
18038.0,2010-06-01 15:59:00,556,149.41,1,Active
17390.0,2010-10-15 11:29:00,421,149.3,1,Active
15435.0,2011-11-17 16:39:00,22,149.29,1,Active
13003.0,2011-08-26 10:50:00,106,149.05,3,Active
17549.0,2011-11-16 09:59:00,24,148.86,2,Active
15526.0,2011-11-06 15:04:00,33,148.44,2,Active
15283.0,2010-11-14 14:54:00,390,148.33,3,Active
17592.0,2009-12-01 10:49:00,739,148.3,1,Active
13457.0,2010-01-20 08:48:00,689,148.22,2,Active
17859.0,2011-02-08 10:32:00,305,148.21,1,Active
13578.0,2010-10-26 13:44:00,409,147.66,1,Active
15479.0,2009-12-06 15:08:00,733,147.4,1,Active
16724.0,2010-10-31 11:40:00,405,147.35,1,Active
14098.0,2011-11-03 10:13:00,37,147.35,1,Active
17794.0,2010-01-22 10:18:00,687,147.3,2,Active
17030.0,2011-10-07 08:49:00,64,146.87,1,Active
14683.0,2010-04-30 17:18:00,588,146.56,1,Active
15496.0,2010-03-18 13:16:00,631,146.14000000000001,1,Active
18137.0,2010-06-06 14:18:00,551,145.99,2,Active
12565.0,2011-02-24 10:34:00,289,145.92,1,Active
13866.0,2011-09-26 14:54:00,74,145.67000000000002,1,Active
15937.0,2011-10-06 15:48:00,64,145.35,1,Active
17199.0,2010-05-06 13:53:00,582,145.12,1,Active
14972.0,2011-08-03 14:54:00,128,145.07,2,Active
16598.0,2011-02-27 11:42:00,286,145.04999999999998,1,Active
15902.0,2010-11-24 16:57:00,380,145.01,1,Active
16852.0,2011-11-29 13:22:00,10,144.91000000000003,2,Active
17938.0,2010-10-15 14:27:00,420,144.29,1,Active
14109.0,2011-09-28 10:18:00,73,144.2,1,Active
15816.0,2010-06-15 13:36:00,542,144.14999999999998,2,Active
17186.0,2011-10-24 10:20:00,47,144.0,2,Active
12587.0,2011-12-02 12:47:00,8,144.0,1,Active
12387.0,2010-10-20 16:27:00,415,143.94,1,Active
14604.0,2010-03-16 13:00:00,633,143.85999999999999,1,Active
14574.0,2009-12-07 12:42:00,733,143.70000000000002,1,Active
17149.0,2010-09-14 14:56:00,451,143.10000000000002,1,Active
15705.0,2011-05-22 15:37:00,201,143.1,1,Active
15761.0,2010-09-23 09:33:00,443,143.05,1,Active
14386.0,2011-02-16 09:45:00,297,142.4,1,Active
14041.0,2011-03-18 13:25:00,266,141.41,1,Active
17273.0,2010-10-11 15:57:00,424,141.12,1,Active
12636.0,2009-12-01 09:55:00,739,141.0,1,Active
17959.0,2010-04-26 14:12:00,592,140.75,1,Active
14773.0,2010-04-26 10:29:00,593,140.55,1,Active
15388.0,2011-03-14 13:53:00,270,140.54,1,Active
15702.0,2010-08-20 14:50:00,476,140.39000000000001,2,Active
13483.0,2011-10-05 11:53:00,66,140.34,1,Active
15324.0,2010-01-07 14:37:00,701,140.22000000000003,1,Active
13839.0,2010-08-10 13:52:00,486,139.95000000000002,1,Active
15848.0,2010-03-28 10:54:00,622,139.94,1,Active
16840.0,2010-04-15 15:48:00,603,139.85,2,Active
16483.0,2011-05-31 13:08:00,192,139.35,1,Active
14772.0,2011-08-19 15:04:00,112,139.26,1,Active
14707.0,2010-09-30 11:37:00,436,139.2,2,Active
18209.0,2011-11-11 12:07:00,29,139.10000000000002,1,Active
13273.0,2011-08-18 14:02:00,113,138.98,1,Active
12902.0,2011-03-20 12:06:00,265,138.68,1,Active
13716.0,2011-03-15 13:49:00,269,138.28,1,Active
17982.0,2010-01-28 09:38:00,681,138.18,1,Active
15663.0,2011-08-25 15:50:00,106,138.14,1,Active
12512.0,2011-10-04 14:55:00,66,138.03,2,Active
16396.0,2010-08-20 14:17:00,476,137.8,1,Active
13279.0,2011-09-22 17:24:00,78,137.75,1,Active
15836.0,2011-10-20 17:13:00,50,137.37,1,Active
13907.0,2010-01-17 12:22:00,692,136.8,1,Active
16237.0,2010-09-28 17:02:00,437,136.65,1,Active
16289.0,2010-09-03 14:02:00,462,136.31,1,Active
16651.0,2010-05-02 11:46:00,587,136.2,1,Active
17972.0,2011-04-12 12:16:00,242,136.04,1,Active
16876.0,2010-11-01 11:59:00,404,136.01,1,Active
16462.0,2011-09-27 10:24:00,74,136.0,3,Active
14366.0,2010-07-02 17:23:00,525,136.0,1,Active
12968.0,2011-08-19 15:44:00,112,135.95,1,Active
17583.0,2010-05-28 14:24:00,560,135.95,1,Active
14889.0,2011-01-07 15:19:00,336,135.9,1,Active
15419.0,2011-11-15 09:23:00,25,135.86,1,Active
16114.0,2011-06-22 10:13:00,171,135.75000000000003,1,Active
14391.0,2010-05-12 09:42:00,577,135.6,1,Active
13076.0,2010-09-08 10:27:00,458,135.4,1,Active
16665.0,2010-12-12 14:03:00,362,135.39999999999998,1,Active
14588.0,2010-05-10 15:08:00,578,135.39,1,Active
13144.0,2011-01-11 11:15:00,333,135.35,2,Active
13702.0,2010-09-20 11:40:00,446,135.18,1,Active
17960.0,2011-06-21 14:15:00,171,135.08,3,Active
13364.0,2011-09-29 18:13:00,71,134.95999999999998,1,Active
13119.0,2010-02-09 08:38:00,669,134.9,1,Active
16055.0,2011-05-03 09:26:00,221,134.8,1,Active
14340.0,2011-05-05 09:44:00,219,134.7,1,Active
17826.0,2010-11-30 13:23:00,374,134.59,1,Active
14174.0,2011-11-06 13:17:00,33,134.46,1,Active
15926.0,2010-06-15 15:23:00,542,134.44,1,Active
16486.0,2010-06-20 12:16:00,538,134.36,1,Active
14280.0,2011-05-27 10:37:00,197,134.04,1,Active
16886.0,2010-09-09 15:08:00,456,134.0,1,Active
14349.0,2011-11-29 15:39:00,10,133.5,1,Active
15056.0,2010-07-07 15:58:00,520,133.45,1,Active
17881.0,2011-02-08 17:16:00,304,133.35000000000002,1,Active
12467.0,2010-10-12 15:41:00,423,132.8,1,Active
17909.0,2009-12-02 13:10:00,737,132.55,1,Active
12964.0,2010-09-28 17:47:00,437,132.24,1,Active
14444.0,2010-09-09 18:56:00,456,132.04,1,Active
14438.0,2011-02-06 14:56:00,306,131.9,1,Active
17565.0,2010-05-02 11:54:00,587,131.83,1,Active
17297.0,2011-11-22 14:43:00,17,131.78,1,Active
17455.0,2011-05-20 12:31:00,204,131.7,1,Active
13586.0,2010-06-16 13:47:00,541,131.53,1,Active
14795.0,2011-06-26 13:04:00,166,131.45000000000002,1,Active
14378.0,2010-03-28 12:22:00,622,131.25,1,Active
15409.0,2009-12-18 15:35:00,721,131.25,1,Active
17225.0,2010-05-07 11:38:00,582,131.15,1,Active
16865.0,2010-11-03 11:34:00,402,130.95,1,Active
15844.0,2011-10-24 15:19:00,46,130.73999999999998,1,Active
17240.0,2010-04-22 15:44:00,596,130.6,1,Active
16410.0,2009-12-05 14:51:00,734,130.32,1,Active
17818.0,2009-12-02 11:34:00,738,130.18,1,Active
16288.0,2010-08-26 14:45:00,470,129.85,1,Active
17762.0,2010-09-09 17:40:00,456,129.75,1,Active
15317.0,2010-01-31 15:55:00,677,129.75,1,Active
14865.0,2011-12-02 16:25:00,7,129.72,4,Active
17847.0,2010-07-12 10:00:00,516,129.69,2,Active
14999.0,2010-04-26 10:47:00,593,129.48000000000002,1,Active
12555.0,2010-01-26 16:26:00,682,129.23,1,Active
13071.0,2010-04-06 13:37:00,612,129.22,1,Active
17056.0,2009-12-01 12:55:00,738,128.60000000000002,1,Active
16828.0,2011-09-07 15:10:00,93,128.5,2,Active
17089.0,2010-11-18 15:33:00,386,128.45,1,Active
16251.0,2010-07-15 14:55:00,512,128.31,1,Active
15892.0,2010-02-08 16:23:00,669,128.2,1,Active
13666.0,2011-10-10 15:39:00,60,127.89999999999999,5,Active
16397.0,2010-03-21 15:36:00,628,127.88,1,Active
13053.0,2010-03-28 11:28:00,622,127.65,1,Active
15578.0,2011-06-30 13:03:00,162,127.1,1,Active
16973.0,2010-11-18 13:56:00,386,127.0,1,Active
14751.0,2010-01-24 13:37:00,684,126.45,2,Active
15463.0,2011-11-10 12:57:00,29,126.14,1,Active
16294.0,2010-08-20 12:01:00,477,126.05000000000001,1,Active
13794.0,2010-06-11 12:30:00,547,126.03,1,Active
17657.0,2010-10-05 14:52:00,430,126.0,1,Active
12814.0,2011-08-30 12:11:00,102,125.92,1,Active
13522.0,2011-11-09 15:11:00,30,125.80000000000001,1,Active
16925.0,2010-06-17 15:03:00,540,125.65,1,Active
15017.0,2011-11-06 10:33:00,34,125.58,1,Active
15731.0,2010-06-04 10:10:00,554,125.3,1,Active
13912.0,2010-10-12 08:43:00,424,124.95,1,Active
17148.0,2011-10-19 09:59:00,52,124.88,1,Active
13312.0,2010-09-14 14:36:00,451,124.75,1,Active
14726.0,2010-02-23 12:35:00,655,124.75,1,Active
16849.0,2011-06-06 09:16:00,187,124.57,1,Active
17541.0,2010-07-18 11:36:00,510,124.46,1,Active
17316.0,2010-10-15 14:35:00,420,124.45,1,Active
12773.0,2010-05-24 17:30:00,564,124.25,1,Active
18000.0,2010-05-24 17:34:00,564,124.25,1,Active
15779.0,2010-09-02 16:40:00,463,124.08000000000001,2,Active
13968.0,2010-10-12 13:22:00,423,123.66,1,Active
14187.0,2010-08-23 12:06:00,474,123.5,1,Active
15927.0,2010-03-02 13:25:00,647,123.39,1,Active
16068.0,2010-04-25 11:52:00,594,122.93,1,Active
13876.0,2011-10-07 10:22:00,64,122.7,1,Active
13638.0,2011-11-24 10:38:00,16,122.64,1,Active
14165.0,2011-03-09 12:39:00,276,122.53999999999999,1,Active
14076.0,2011-08-02 15:19:00,129,122.47,1,Active
12969.0,2010-04-16 10:50:00,603,122.45,1,Active
13084.0,2010-08-05 08:49:00,492,122.39999999999999,1,Active
16073.0,2011-02-15 15:41:00,297,122.39999999999999,1,Active
13244.0,2011-09-08 11:46:00,93,121.74000000000001,1,Active
13182.0,2011-10-25 13:46:00,45,121.18,1,Active
15049.0,2011-03-11 12:13:00,274,121.17000000000002,1,Active
17260.0,2010-10-24 13:21:00,411,120.95,1,Active
17446.0,2011-06-16 10:42:00,177,120.9,2,Active
14884.0,2010-02-08 12:56:00,669,120.6,1,Active
17543.0,2010-06-08 12:41:00,550,120.05,1,Active
18015.0,2011-12-05 14:49:00,4,120.03,1,Active
14259.0,2011-07-21 10:44:00,142,120.0,1,Active
14453.0,2011-06-02 14:15:00,190,119.93,1,Active
15161.0,2010-11-16 16:08:00,388,119.92,1,Active
17177.0,2010-07-22 14:53:00,505,119.5,1,Active
15843.0,2011-02-09 10:19:00,304,118.95000000000002,1,Active
17280.0,2010-09-27 16:46:00,438,118.85999999999999,1,Active
17079.0,2011-09-22 15:34:00,78,118.80000000000001,1,Active
14155.0,2011-03-18 14:13:00,266,118.75,1,Active
13193.0,2011-10-09 14:30:00,61,117.88,1,Active
12929.0,2011-02-01 12:08:00,312,117.85,1,Active
16291.0,2010-01-26 16:26:00,682,117.72,1,Active
17654.0,2011-03-07 13:17:00,277,117.55,1,Active
16959.0,2011-09-13 15:03:00,87,117.35000000000001,1,Active
17117.0,2011-02-24 13:54:00,288,116.19999999999999,1,Active
14874.0,2010-06-22 14:58:00,535,116.18,1,Active
13170.0,2011-11-13 12:19:00,27,116.00999999999999,1,Active
14143.0,2011-07-29 09:48:00,134,115.8,1,Active
14721.0,2010-11-25 13:08:00,379,115.77,1,Active
13241.0,2010-10-24 11:17:00,412,115.58,1,Active
17208.0,2010-11-09 12:50:00,396,115.35,1,Active
18027.0,2011-09-02 10:38:00,99,115.31,1,Active
18012.0,2009-12-16 13:16:00,723,115.3,1,Active
15352.0,2010-06-09 11:28:00,549,114.95,1,Active
17401.0,2010-06-16 16:54:00,541,114.85,1,Active
15905.0,2010-06-14 16:00:00,543,114.69,1,Active
17933.0,2010-03-17 15:11:00,632,114.69,1,Active
13188.0,2011-11-28 15:28:00,11,114.60000000000001,1,Active
16247.0,2011-06-22 14:23:00,170,114.56,1,Active
14632.0,2011-03-22 08:49:00,263,114.56,1,Active
17275.0,2010-11-21 13:26:00,383,114.52,1,Active
14974.0,2011-11-02 13:01:00,37,114.39,1,Active
14652.0,2011-09-23 14:21:00,77,114.18,1,Active
12938.0,2011-11-14 11:21:00,26,114.14,1,Active
14582.0,2011-10-30 11:56:00,41,114.11,1,Active
18148.0,2010-03-03 11:40:00,647,114.10000000000001,1,Active
14457.0,2011-02-02 09:39:00,311,113.64,1,Active
18105.0,2011-11-02 12:04:00,38,113.48000000000002,1,Active
16821.0,2010-11-23 10:04:00,382,113.35,1,Active
17784.0,2010-06-07 16:08:00,550,112.86,1,Active
14689.0,2011-05-15 11:22:00,209,112.8,1,Active
16697.0,2011-04-12 17:12:00,241,112.75,1,Active
18129.0,2011-04-10 14:16:00,243,112.55000000000001,1,Active
15899.0,2010-12-06 10:36:00,369,112.5,1,Active
15610.0,2011-10-19 10:36:00,52,112.46000000000001,1,Active
13620.0,2010-06-29 15:02:00,528,112.34,1,Active
17816.0,2011-11-03 11:34:00,37,112.32,6,Active
17893.0,2011-04-28 13:50:00,225,112.25,1,Active
17900.0,2011-06-02 14:38:00,190,112.19999999999999,2,Active
12756.0,2011-09-14 09:31:00,87,112.07999999999998,1,Active
14750.0,2009-12-03 17:57:00,736,112.03,1,Active
15875.0,2010-03-03 16:51:00,646,111.72,1,Active
16547.0,2010-06-11 13:02:00,546,111.71,1,Active
17957.0,2011-10-04 14:58:00,66,111.68,1,Active
14668.0,2010-09-20 15:03:00,445,111.63,1,Active
18124.0,2010-08-24 17:21:00,472,111.53,1,Active
17304.0,2010-06-23 16:23:00,534,111.5,1,Active
17887.0,2011-08-02 17:29:00,129,111.35,1,Active
18120.0,2011-05-09 13:45:00,214,111.15,1,Active
14464.0,2010-05-20 18:00:00,568,111.0,2,Active
16064.0,2009-12-14 16:11:00,725,111.0,1,Active
12692.0,2010-03-12 14:02:00,637,110.95,1,Active
14509.0,2010-06-23 13:21:00,534,110.95,1,Active
15537.0,2011-06-29 13:10:00,163,110.92,1,Active
15853.0,2011-10-19 10:38:00,52,110.8,1,Active
18256.0,2010-11-17 08:53:00,388,110.7,1,Active
14787.0,2010-08-25 14:38:00,471,110.65,1,Active
16963.0,2011-06-05 13:48:00,187,110.55000000000001,1,Active
14641.0,2011-11-18 10:42:00,22,110.46,1,Active
17836.0,2011-10-23 16:13:00,47,110.21000000000001,1,Active
16339.0,2011-02-28 13:41:00,284,109.95,1,Active
15851.0,2010-07-01 12:34:00,527,109.73,1,Active
14033.0,2010-06-02 15:10:00,555,109.44,1,Active
16363.0,2011-10-17 14:14:00,53,109.36000000000001,1,Active
16664.0,2010-05-19 17:11:00,569,109.2,1,Active
14345.0,2011-11-01 09:51:00,39,108.97999999999999,1,Active
16106.0,2011-10-05 10:37:00,66,108.38,1,Active
14374.0,2010-06-16 14:25:00,541,108.0,1,Active
14661.0,2011-11-13 11:51:00,27,107.95,1,Active
15583.0,2010-11-28 15:04:00,376,107.86,1,Active
13580.0,2010-10-29 15:01:00,406,107.75,1,Active
14943.0,2010-02-14 16:04:00,663,107.62,1,Active
15395.0,2011-01-18 12:40:00,326,107.45,1,Active
16301.0,2009-12-03 10:20:00,737,107.33,1,Active
15328.0,2010-10-28 09:05:00,408,107.24,1,Active
16047.0,2010-01-26 16:34:00,682,107.14,1,Active
15846.0,2010-11-19 14:40:00,385,107.01,1,Active
16630.0,2010-10-28 14:30:00,407,106.80000000000001,1,Active
16082.0,2010-02-07 15:16:00,670,106.75,1,Active
14637.0,2010-01-31 15:52:00,677,106.67999999999999,1,Active
15168.0,2011-11-14 11:26:00,26,106.56,1,Active
17791.0,2011-11-10 12:09:00,30,106.1,1,Active
16581.0,2011-06-10 10:05:00,183,105.84,1,Active
18103.0,2010-06-08 13:36:00,549,105.8,1,Active
15642.0,2009-12-10 11:51:00,730,105.78000000000002,1,Active
14579.0,2010-10-03 14:36:00,432,105.56,1,Active
15340.0,2010-05-27 10:27:00,562,105.5,1,Active
14027.0,2011-10-10 09:01:00,61,104.82,1,Active
17328.0,2010-02-04 17:11:00,673,104.7,1,Active
16375.0,2010-08-26 14:25:00,470,104.0,2,Active
16896.0,2010-06-02 15:40:00,555,103.95,1,Active
14542.0,2011-06-07 08:19:00,186,103.25,1,Active
15924.0,2009-12-08 15:00:00,731,102.82,1,Active
17467.0,2010-11-09 12:58:00,395,102.6,1,Active
14836.0,2011-11-29 16:45:00,10,102.44999999999999,3,Active
15486.0,2010-06-30 13:15:00,527,102.0,1,Active
13829.0,2010-10-14 18:19:00,421,102.0,1,Active
16516.0,2011-11-09 14:59:00,30,101.69999999999999,1,Active
18068.0,2011-02-23 14:50:00,289,101.69999999999999,1,Active
16944.0,2010-04-09 11:03:00,610,101.36,1,Active
18086.0,2011-03-10 13:34:00,274,101.34,1,Active
18195.0,2010-11-17 15:03:00,387,101.16,1,Active
13011.0,2010-12-02 17:22:00,372,101.10000000000001,1,Active
17741.0,2010-10-29 11:59:00,407,101.1,2,Active
16498.0,2011-07-01 15:07:00,161,100.97,2,Active
17493.0,2010-11-19 16:57:00,385,100.91000000000001,1,Active
14946.0,2011-11-25 13:33:00,14,100.9,1,Active
17224.0,2010-07-26 13:30:00,501,100.86,1,Active
17427.0,2011-09-29 11:29:00,72,100.8,1,Active
14371.0,2011-02-17 16:35:00,295,100.5,1,Active
15635.0,2010-11-09 08:58:00,396,100.35,1,Active
17570.0,2010-11-23 11:56:00,382,100.0,1,Active
17939.0,2011-07-03 12:27:00,160,99.14,1,Active
12774.0,2010-06-22 10:38:00,536,98.7,1,Active
17538.0,2011-11-14 12:12:00,26,98.42,1,Active
16694.0,2009-12-16 15:45:00,723,98.30000000000001,1,Active
17895.0,2011-10-26 17:00:00,44,98.0,1,Active
18033.0,2011-10-05 17:28:00,65,97.97,1,Active
17395.0,2010-07-19 15:34:00,508,97.5,1,Active
12984.0,2011-11-21 12:37:00,19,97.5,1,Active
14642.0,2011-10-12 11:08:00,59,96.12,1,Active
13793.0,2010-03-03 08:25:00,647,96.0,1,Active
17024.0,2011-10-25 13:47:00,45,95.85,3,Active
18249.0,2011-11-22 15:07:00,17,95.34,1,Active
12548.0,2011-06-26 15:35:00,166,95.19999999999999,1,Active
15285.0,2010-10-28 09:46:00,408,94.92,1,Active
14833.0,2010-07-29 10:06:00,499,94.8,1,Active
15868.0,2010-05-05 14:11:00,583,94.53,1,Active
15397.0,2011-02-23 09:25:00,290,94.0,1,Active
14394.0,2010-05-24 10:43:00,565,93.8,1,Active
15305.0,2010-06-02 13:50:00,555,93.6,1,Active
15082.0,2010-02-09 10:23:00,669,93.35000000000001,1,Active
12992.0,2009-12-14 16:46:00,725,93.35000000000001,1,Active
16196.0,2010-08-08 11:40:00,489,93.3,1,Active
14054.0,2011-10-05 15:49:00,65,92.46,1,Active
16831.0,2010-05-24 09:08:00,565,91.8,1,Active
13160.0,2011-11-17 13:07:00,22,91.8,1,Active
12659.0,2011-11-10 11:53:00,30,91.68,1,Active
13392.0,2010-01-31 13:34:00,677,91.14,1,Active
14786.0,2010-06-07 13:42:00,550,90.96,1,Active
13947.0,2011-10-05 14:42:00,65,90.6,1,Active
14435.0,2010-07-26 12:33:00,502,90.42,1,Active
16506.0,2011-11-20 12:17:00,20,90.30000000000001,2,Active
16597.0,2011-12-05 15:44:00,4,90.04,1,Active
15686.0,2010-10-15 13:50:00,420,90.0,1,Active
14117.0,2011-07-19 09:49:00,144,90.0,1,Active
16061.0,2010-10-04 15:29:00,431,89.65,1,Active
13535.0,2010-11-02 11:49:00,403,89.5,1,Active
14760.0,2011-02-15 16:27:00,297,89.2,1,Active
13222.0,2010-05-11 13:54:00,577,88.5,1,Active
15603.0,2011-09-22 10:04:00,79,88.48,2,Active
15083.0,2011-03-28 12:18:00,257,88.2,1,Active
16564.0,2010-05-19 14:41:00,569,87.8,1,Active
17606.0,2009-12-02 13:32:00,737,87.30000000000001,1,Active
17763.0,2011-03-21 14:25:00,263,86.15,4,Active
13180.0,2010-04-11 13:37:00,607,86.10000000000001,1,Active
15541.0,2011-08-17 14:58:00,114,85.13000000000001,1,Active
13841.0,2011-04-01 12:10:00,253,85.0,1,Active
12401.0,2011-02-09 13:50:00,303,84.3,1,Active
15094.0,2010-09-02 16:55:00,463,83.0,2,Active
14347.0,2009-12-03 10:49:00,737,82.6,1,Active
13469.0,2010-02-24 15:03:00,653,82.4,1,Active
16028.0,2010-04-23 11:45:00,596,82.2,1,Active
13215.0,2010-11-02 18:26:00,402,81.6,1,Active
13006.0,2011-10-14 13:49:00,56,81.57,1,Active
17620.0,2011-10-11 12:08:00,60,81.44,1,Active
17008.0,2010-10-06 15:19:00,429,81.36,1,Active
14717.0,2009-12-06 13:05:00,733,81.3,1,Active
15170.0,2010-10-29 10:34:00,407,81.15,1,Active
17336.0,2010-08-24 15:37:00,472,81.12,1,Active
16789.0,2011-12-01 15:12:00,8,80.8,1,Active
17752.0,2010-12-15 16:19:00,359,80.64,1,Active
15833.0,2009-12-02 11:59:00,738,80.4,1,Active
15131.0,2010-11-10 12:07:00,395,80.28,1,Active
16165.0,2010-07-22 14:17:00,505,79.9,1,Active
14190.0,2010-02-11 14:27:00,666,79.9,1,Active
14589.0,2010-12-03 11:42:00,372,79.5,1,Active
14007.0,2010-07-15 09:06:00,513,79.48,1,Active
15753.0,2011-02-08 12:41:00,305,79.2,1,Active
17192.0,2010-06-21 16:07:00,536,77.83,1,Active
12570.0,2010-01-26 17:28:00,682,77.52,1,Active
17942.0,2011-12-02 10:45:00,8,77.50000000000001,1,Active
14785.0,2011-11-29 13:21:00,10,77.4,2,Active
13132.0,2011-03-23 12:44:00,262,77.3,1,Active
16867.0,2010-01-19 09:11:00,690,76.74000000000001,1,Active
14373.0,2010-12-16 15:40:00,358,76.55,1,Active
15668.0,2011-05-06 10:39:00,218,76.32000000000001,1,Active
14613.0,2010-01-28 13:02:00,680,76.32000000000001,1,Active
14090.0,2011-01-19 10:51:00,325,76.32000000000001,1,Active
13219.0,2010-03-31 14:18:00,618,76.23,1,Active
17628.0,2011-09-19 15:21:00,81,75.75,1,Active
16610.0,2011-05-04 13:13:00,219,75.66,1,Active
14559.0,2010-11-14 16:05:00,390,75.6,1,Active
17944.0,2010-10-12 16:25:00,423,75.41,1,Active
16420.0,2010-11-08 15:15:00,396,75.0,1,Active
13095.0,2011-09-30 12:03:00,71,74.39999999999999,1,Active
18032.0,2011-01-09 15:32:00,334,73.5,1,Active
12506.0,2011-04-21 08:54:00,233,73.5,1,Active
16171.0,2011-10-11 14:51:00,59,73.2,1,Active
17906.0,2011-04-06 17:25:00,247,72.9,1,Active
13105.0,2010-09-29 13:41:00,436,72.0,1,Active
16459.0,2009-12-10 12:42:00,730,71.78999999999999,1,Active
13938.0,2011-11-04 14:37:00,35,71.66,1,Active
17747.0,2011-08-19 08:13:00,113,71.4,1,Active
13185.0,2011-03-17 11:56:00,268,71.4,1,Active
16970.0,2010-03-23 13:50:00,626,71.4,1,Active
13915.0,2010-11-10 15:17:00,394,70.80000000000001,1,Active
14576.0,2010-12-02 17:51:00,372,70.80000000000001,1,Active
15564.0,2010-09-02 15:52:00,463,70.74000000000001,2,Active
12568.0,2010-03-05 09:15:00,645,70.0,1,Active
13172.0,2010-11-04 15:10:00,400,69.6,1,Active
14906.0,2010-09-20 16:30:00,445,68.44,1,Active
12861.0,2010-03-30 11:39:00,620,68.25,1,Active
17249.0,2010-10-07 11:33:00,429,68.03,1,Active
14393.0,2011-05-05 18:16:00,218,67.95,1,Active
17532.0,2010-11-19 08:13:00,386,65.34,1,Active
13022.0,2010-10-06 10:50:00,430,65.3,1,Active
17216.0,2010-06-03 13:03:00,554,65.05,1,Active
13130.0,2011-09-06 15:30:00,94,64.0,1,Active
16238.0,2010-10-13 12:36:00,423,63.66,1,Active
17263.0,2011-05-15 14:32:00,208,63.440000000000005,1,Active
15470.0,2010-05-13 09:35:00,576,63.419999999999995,1,Active
12404.0,2010-01-26 16:25:00,682,63.24,1,Active
16058.0,2010-10-29 16:48:00,406,62.7,1,Active
13218.0,2011-08-04 16:59:00,127,62.63999999999999,1,Active
14650.0,2010-04-29 20:27:00,589,62.5,1,Active
15516.0,2011-10-26 10:51:00,45,62.43,3,Active
13380.0,2010-10-03 10:18:00,433,62.4,1,Active
13303.0,2010-11-04 14:55:00,400,61.72,1,Active
13818.0,2010-10-06 12:35:00,430,61.28,1,Active
15375.0,2010-01-18 15:38:00,690,60.959999999999994,1,Active
16605.0,2009-12-15 19:03:00,724,60.48,1,Active
15250.0,2010-03-09 07:35:00,641,60.0,1,Active
17174.0,2011-05-06 11:47:00,218,59.9,1,Active
13391.0,2011-05-20 10:50:00,204,59.8,1,Active
13682.0,2011-06-05 14:06:00,187,59.5,1,Active
15371.0,2010-02-15 13:14:00,662,59.400000000000006,1,Active
15233.0,2010-11-03 13:36:00,401,59.400000000000006,1,Active
14384.0,2010-07-27 09:53:00,501,58.5,1,Active
12466.0,2010-01-26 16:26:00,682,56.73,1,Active
17775.0,2011-03-30 10:50:00,255,56.4,1,Active
13366.0,2011-10-20 13:37:00,50,56.160000000000004,1,Active
15685.0,2010-09-15 13:43:00,450,55.980000000000004,1,Active
12776.0,2010-02-10 12:11:00,668,55.5,1,Active
12860.0,2010-01-15 15:22:00,693,55.47,1,Active
17494.0,2010-07-26 10:06:00,502,54.699999999999996,1,Active
12496.0,2010-03-29 14:06:00,620,54.09,2,Active
13306.0,2010-10-05 14:55:00,430,53.65,1,Active
16349.0,2011-02-22 12:40:00,291,53.5,1,Active
17599.0,2010-08-19 12:50:00,478,52.05,1,Active
15313.0,2011-08-21 16:02:00,110,52.0,1,Active
16786.0,2010-11-11 08:25:00,394,51.839999999999996,1,Active
17844.0,2011-08-25 11:27:00,107,51.559999999999995,1,Active
13254.0,2010-11-28 15:42:00,376,51.410000000000004,1,Active
14351.0,2011-06-28 11:56:00,165,51.0,1,Active
14743.0,2010-04-26 10:26:00,593,50.48,1,Active
18184.0,2011-11-24 15:28:00,15,49.8,1,Active
14380.0,2010-01-26 17:11:00,682,48.96,1,Active
16530.0,2010-02-09 15:30:00,668,48.349999999999994,1,Active
16257.0,2011-06-16 10:11:00,177,46.95,1,Active
13438.0,2010-06-10 18:46:00,547,46.5,1,Active
15698.0,2010-03-25 17:38:00,624,46.2,1,Active
15672.0,2009-12-14 16:52:00,725,45.300000000000004,1,Active
17916.0,2010-03-21 12:26:00,629,43.87,2,Active
14300.0,2011-11-21 08:57:00,19,43.2,1,Active
13913.0,2010-07-21 10:11:00,507,42.22,1,Active
13906.0,2010-10-26 15:00:00,409,42.0,1,Active
16219.0,2010-07-27 11:44:00,501,40.8,1,Active
14266.0,2010-10-07 13:32:00,428,40.56,1,Active
15178.0,2011-03-24 15:12:00,260,40.5,1,Active
14086.0,2010-09-03 10:52:00,463,39.95,1,Active
16659.0,2011-06-03 15:03:00,189,39.12,1,Active
17246.0,2010-06-11 12:36:00,547,38.92,2,Active
18019.0,2011-10-19 12:10:00,52,38.45,1,Active
15455.0,2010-04-21 12:43:00,598,38.25,1,Active
15693.0,2010-02-18 14:37:00,659,37.5,1,Active
16162.0,2011-04-01 15:03:00,252,37.4,1,Active
17352.0,2010-01-12 16:13:00,696,36.25,1,Active
14993.0,2010-05-25 12:47:00,564,36.13,1,Active
15940.0,2011-02-01 16:18:00,311,35.8,1,Active
16417.0,2010-08-04 09:08:00,493,35.7,1,Active
17831.0,2011-11-06 15:09:00,33,35.400000000000006,1,Active
15744.0,2011-09-23 09:52:00,78,34.8,1,Active
17533.0,2010-10-01 09:14:00,435,34.8,1,Active
15871.0,2010-09-28 14:16:00,437,33.099999999999994,1,Active
16941.0,2010-04-07 11:13:00,612,33.0,1,Active
14977.0,2009-12-14 10:37:00,726,31.929999999999996,1,Active
17129.0,2010-07-07 13:46:00,520,31.85,1,Active
16454.0,2011-10-26 11:40:00,45,30.950000000000003,4,Active
13120.0,2011-04-15 10:19:00,239,30.599999999999998,1,Active
14144.0,2010-08-10 15:17:00,486,30.599999999999998,1,Active
16548.0,2010-04-19 16:15:00,599,30.15,1,Active
15575.0,2010-03-30 12:50:00,620,30.1,1,Active
15657.0,2011-11-17 12:19:00,23,30.0,1,Active
17319.0,2010-02-08 15:47:00,669,29.1,1,Active
17102.0,2011-03-23 10:08:00,262,25.5,1,Active
15284.0,2010-07-27 13:25:00,500,24.75,1,Active
14610.0,2010-11-09 10:58:00,396,24.35,2,Active
16537.0,2010-03-08 13:41:00,641,23.35,1,Active
12606.0,2010-01-26 16:23:00,682,21.0,1,Active
17986.0,2011-10-14 14:22:00,56,20.8,1,Active
16953.0,2011-11-09 15:54:00,30,20.8,1,Active
13112.0,2010-06-16 17:03:00,541,20.6,1,Active
15999.0,2009-12-04 12:31:00,736,20.4,1,Active
13163.0,2010-04-08 16:21:00,610,17.65,1,Active
16093.0,2011-08-25 11:09:00,107,17.0,1,Active
12846.0,2010-01-26 16:29:00,682,15.58,1,Active
14580.0,2010-07-09 15:20:00,518,14.850000000000001,1,Active
14900.0,2010-07-05 15:09:00,522,13.919999999999998,1,Active
16878.0,2011-09-16 17:39:00,84,13.3,1,Active
17956.0,2011-04-04 13:47:00,249,12.75,1,Active
17378.0,2010-11-30 18:46:00,374,10.95,1,Active
18115.0,2010-01-11 11:57:00,698,9.700000000000001,1,Active
15040.0,2010-06-16 11:40:00,542,7.49,1,Active
15913.0,2010-06-23 16:31:00,534,6.300000000000001,1,Active
14792.0,2011-10-07 09:19:00,64,6.2,1,Active
16738.0,2011-02-15 09:46:00,298,3.75,1,Active
13788.0,2010-07-22 15:50:00,505,3.75,1,Active
14095.0,2009-12-17 12:49:00,723,2.95,1,Active
