segment,customer_count,total_revenue,avg_ltv,avg_recency,avg_frequency,revenue_pct,customer_pct
Champions,1300,12128115.565,9329.319665384615,19.967692307692307,17.08923076923077,68.35,22.12
Loyal Customers,1134,2603183.466,2295.5762486772487,73.38888888888889,5.932098765432099,14.67,19.29
At Risk,551,1171564.341,2126.251072595281,303.1524500907441,5.192377495462795,6.6,9.37
Hibernating,1523,667121.922,438.0314655285621,459.2810242941563,1.2527905449770191,3.76,25.91
Cannot Lose Them,196,433271.791,2210.570362244898,486.34183673469386,5.066326530612245,2.44,3.33
New Customers,443,394638.61,890.8320767494356,28.10609480812641,1.4604966139954854,2.22,7.54
Lost,656,260619.09,397.2851981707317,140.2362804878049,2.2423780487804876,1.47,11.16
Potential Loyalists,75,84914.393,1132.1919066666667,106.09333333333333,1.9466666666666668,0.48,1.28
